,Origin GEOID,Destination GID,Distance (km)
0,1,1,54.7807
0,2,1,53.4237
0,3,1,52.6497
0,4,1,53.5103
1,5,1,50.7105
0,6,1,53.6647
0,7,1,52.6169
1,8,1,52.8821
0,9,1,53.8524
0,10,1,51.2653
0,11,1,50.295
1,12,1,50.7265
1,13,1,53.9648
1,14,1,54.0813
1,15,1,58.4046
1,16,1,58.0054
1,17,1,52.2536
1,18,1,51.2085
1,19,1,52.3926
1,20,1,53.3776
0,21,1,53.1012
0,22,1,51.8181
0,23,1,55.6784
1,24,1,55.2021
1,25,1,56.1368
1,26,1,57.0563
1,27,1,54.0822
1,28,1,52.853
1,29,1,54.6291
1,30,1,54.5542
1,31,1,54.9794
0,32,1,52.4648
1,33,1,51.0845
1,34,1,51.4056
1,35,1,49.779
1,36,1,56.5953
1,37,1,56.7224
1,38,1,57.2106
1,39,1,57.8817
1,40,1,55.1433
1,41,1,54.06
1,42,1,55.8432
1,43,1,56.0572
1,44,1,56.5452
1,45,1,54.293
1,46,1,53.4881
0,47,1,51.3554
0,48,1,51.2651
1,49,1,48.9382
1,50,1,49.6238
1,51,1,47.2524
1,52,1,57.4567
1,53,1,57.8776
1,54,1,58.4798
1,55,1,59.0006
1,56,1,60.0358
1,57,1,55.8758
1,58,1,57.458
1,59,1,57.5477
0,60,1,55.8419
1,61,1,54.9096
0,62,1,53.4851
0,63,1,52.8032
0,64,1,52.1494
1,65,1,50.2784
1,66,1,50.7362
0,67,1,51.6948
0,68,1,46.8976
1,69,1,45.7271
1,70,1,59.048
1,71,1,58.0281
1,72,1,59.6077
0,73,1,60.1322
1,74,1,60.3732
1,75,1,57.2233
1,76,1,58.6336
1,77,1,58.4231
0,78,1,59.2457
0,79,1,55.9564
0,80,1,56.1689
0,81,1,54.2763
0,82,1,53.243
0,83,1,53.5343
0,84,1,51.8473
0,85,1,49.4537
1,86,1,48.6662
0,87,1,48.9711
1,88,1,50.3076
0,89,1,45.2342
0,90,1,45.3389
1,91,1,59.2342
1,92,1,58.0281
1,93,1,60.2408
1,94,1,60.2408
1,95,1,58.8227
1,96,1,58.4402
0,97,1,59.2043
0,98,1,59.7701
0,99,1,59.7809
0,100,1,56.3575
0,101,1,55.6423
0,102,1,55.0746
0,103,1,54.2341
0,104,1,52.5103
0,105,1,53.5076
0,106,1,54.1442
1,107,1,49.9174
1,108,1,50.0561
0,109,1,50.3231
1,110,1,47.15
1,111,1,45.7742
1,112,1,44.6372
1,113,1,46.867
1,114,1,49.6214
1,115,1,65.0154
0,116,1,59.2342
0,117,1,60.2408
1,118,1,64.1389
1,119,1,64.1389
1,120,1,64.0091
1,121,1,62.1916
1,122,1,60.9594
0,123,1,61.5894
1,124,1,61.9987
1,125,1,56.9081
1,126,1,56.4127
0,127,1,55.3472
0,128,1,57.8356
0,129,1,54.7996
1,130,1,51.9425
1,131,1,52.223
1,132,1,51.7534
0,133,1,51.5394
0,134,1,47.7264
1,135,1,46.3855
1,136,1,45.5354
1,137,1,48.7327
1,138,1,48.4408
1,139,1,49.4458
0,140,1,38.1434
0,141,1,38.1434
0,142,1,69.5607
0,143,1,69.6073
0,144,1,69.6218
0,145,1,64.1389
1,146,1,64.1389
1,147,1,63.8468
1,148,1,62.7564
1,149,1,62.5608
1,150,1,62.8568
0,151,1,62.6012
0,152,1,58.0428
0,153,1,56.7649
1,154,1,57.2662
0,155,1,57.5594
1,156,1,55.9059
0,157,1,52.9867
0,158,1,51.982
0,159,1,50.7049
0,160,1,49.731
1,161,1,48.812
0,162,1,47.7569
1,163,1,46.6738
1,164,1,47.3223
0,165,1,48.2754
1,166,1,49.4001
1,167,1,50.0746
1,168,1,38.3919
1,169,1,37.7127
0,170,1,36.8604
0,171,1,35.8893
0,172,1,70.0548
0,173,1,70.0522
0,174,1,70.0494
0,175,1,64.1389
1,176,1,63.8828
1,177,1,64.3094
1,178,1,64.1897
1,179,1,63.7354
0,180,1,62.7799
0,181,1,61.7326
0,182,1,60.5112
0,183,1,57.3899
1,184,1,57.5784
0,185,1,58.7207
0,186,1,56.6655
0,187,1,53.7063
0,188,1,52.5785
0,189,1,51.9743
1,190,1,53.3291
1,191,1,49.6246
1,192,1,48.5418
1,193,1,47.7589
1,194,1,49.2093
1,195,1,51.9635
1,196,1,52.0459
0,197,1,46.1126
0,198,1,38.3919
1,199,1,42.9543
0,200,1,42.555
0,201,1,41.5846
0,202,1,40.6123
1,203,1,34.6889
1,204,1,34.0351
0,205,1,70.4915
0,206,1,70.4386
0,207,1,79.3224
0,208,1,79.6589
0,209,1,64.3478
0,210,1,64.3478
0,211,1,65.0095
0,212,1,63.3261
0,213,1,62.3079
0,214,1,61.3987
1,215,1,60.114
0,216,1,58.979
0,217,1,58.8725
0,218,1,59.5375
1,219,1,62.315
1,220,1,62.2122
0,221,1,52.8978
0,222,1,52.8636
0,223,1,53.1683
1,224,1,50.1024
1,225,1,49.1562
1,226,1,48.8916
1,227,1,50.2043
1,228,1,50.9624
0,229,1,51.7645
1,230,1,46.1126
1,231,1,46.2388
0,232,1,42.483
1,233,1,42.176
0,234,1,41.2109
1,235,1,39.9645
1,236,1,36.294
0,237,1,35.1819
1,238,1,32.2857
1,239,1,31.28
1,240,1,31.8876
1,241,1,76.8745
0,242,1,78.5275
0,243,1,79.4009
0,244,1,79.6589
0,245,1,79.7152
0,246,1,65.0095
0,247,1,63.5536
0,248,1,63.5536
1,249,1,61.8914
1,250,1,61.8914
1,251,1,61.1623
0,252,1,60.7442
1,253,1,59.8719
1,254,1,60.7822
1,255,1,61.6396
0,256,1,57.0631
1,257,1,56.1902
0,258,1,53.8544
1,259,1,53.9726
1,260,1,51.0626
1,261,1,50.4649
1,262,1,50.0069
1,263,1,50.5761
1,264,1,52.3416
0,265,1,52.3479
1,266,1,45.182
1,267,1,44.5917
1,268,1,42.7556
1,269,1,40.5172
1,270,1,39.883
1,271,1,38.8086
0,272,1,37.8208
1,273,1,37.023
1,274,1,37.8696
1,275,1,38.9284
1,276,1,31.2676
1,277,1,31.1321
1,278,1,29.8477
1,279,1,35.278
1,280,1,77.4102
1,281,1,78.5307
0,282,1,79.4793
0,283,1,79.8439
0,284,1,79.8992
1,285,1,71.744
0,286,1,71.7953
0,287,1,72.0846
0,288,1,72.1839
1,289,1,64.6338
1,290,1,62.3201
1,291,1,62.0613
1,292,1,60.9886
1,293,1,63.7854
1,294,1,63.4098
1,295,1,63.6598
1,296,1,55.6298
1,297,1,55.3492
1,298,1,56.6006
0,299,1,53.8049
0,300,1,51.4551
0,301,1,51.0992
1,302,1,54.2255
1,303,1,53.731
1,304,1,53.9507
1,305,1,44.259
1,306,1,43.8035
1,307,1,42.6849
1,308,1,41.5166
1,309,1,41.2779
1,310,1,41.212
1,311,1,38.5365
1,312,1,36.9169
1,313,1,35.4516
1,314,1,34.3162
1,315,1,33.057
1,316,1,32.8617
1,317,1,30.9916
1,318,1,32.4165
1,319,1,33.2197
0,320,1,78.3399
1,321,1,79.7546
1,322,1,80.3104
0,323,1,80.6553
1,324,1,82.4202
1,325,1,83.3952
1,326,1,71.744
0,327,1,72.1839
0,328,1,67.4696
1,329,1,67.4007
1,330,1,64.6338
0,331,1,62.6331
1,332,1,62.1747
1,333,1,63.9002
1,334,1,66.864
0,335,1,61.6358
1,336,1,61.2763
1,337,1,56.4374
1,338,1,56.0456
1,339,1,54.4994
1,340,1,52.9135
0,341,1,52.1941
1,342,1,56.5779
1,343,1,57.1699
1,344,1,46.8487
1,345,1,45.7333
0,346,1,45.4499
1,347,1,50.5945
1,348,1,49.168
1,349,1,41.1977
1,350,1,40.0592
1,351,1,39.317
1,352,1,39.6574
1,353,1,35.5296
0,354,1,36.3402
1,355,1,33.4324
1,356,1,32.8828
1,357,1,32.0823
1,358,1,33.3508
1,359,1,33.8129
1,360,1,35.6346
1,361,1,79.2339
1,362,1,80.2086
1,363,1,81.1394
1,364,1,81.628
1,365,1,82.4897
1,366,1,83.7283
1,367,1,70.8162
1,368,1,71.0622
1,369,1,68.2101
1,370,1,66.8926
1,371,1,66.0341
1,372,1,63.9206
1,373,1,63.1272
1,374,1,65.5526
1,375,1,64.692
1,376,1,64.3431
1,377,1,61.2653
1,378,1,59.3959
1,379,1,56.2156
1,380,1,55.7244
1,381,1,53.6312
1,382,1,53.7899
1,383,1,55.6186
1,384,1,57.2283
1,385,1,51.6447
1,386,1,50.2529
1,387,1,49.8064
1,388,1,50.2671
1,389,1,47.909
1,390,1,46.9078
1,391,1,44.3925
1,392,1,43.894
0,393,1,40.3207
1,394,1,42.4762
1,395,1,35.0907
1,396,1,34.8712
0,397,1,34.2008
1,398,1,33.2029
1,399,1,36.3209
1,400,1,37.294
1,401,1,37.4455
1,402,1,38.8013
1,403,1,84.2674
1,404,1,81.3165
1,405,1,85.8731
1,406,1,84.2014
0,407,1,83.938
1,408,1,84.214
1,409,1,70.4103
1,410,1,69.256
1,411,1,68.7627
1,412,1,67.1319
1,413,1,65.5419
1,414,1,64.563
1,415,1,64.5345
1,416,1,64.9712
0,417,1,64.3607
1,418,1,63.2919
1,419,1,62.5526
1,420,1,61.7904
1,421,1,58.3824
1,422,1,57.1566
1,423,1,55.1278
1,424,1,54.5427
1,425,1,55.2654
1,426,1,52.8295
1,427,1,51.6856
1,428,1,50.8866
1,429,1,48.1945
1,430,1,47.32
0,431,1,46.6983
1,432,1,45.5175
1,433,1,45.0347
1,434,1,42.4022
1,435,1,41.3437
1,436,1,42.4762
1,437,1,36.9491
1,438,1,35.7681
1,439,1,35.5933
1,440,1,34.317
1,441,1,35.867
1,442,1,38.5327
1,443,1,38.2352
1,444,1,38.0484
1,445,1,38.4254
0,446,1,83.7027
1,447,1,84.5228
1,448,1,85.5344
1,449,1,88.5754
1,450,1,89.4637
1,451,1,89.356
1,452,1,70.6142
1,453,1,69.9722
1,454,1,68.808
0,455,1,67.0156
1,456,1,66.0549
1,457,1,67.2773
1,458,1,69.3056
1,459,1,65.8105
1,460,1,65.336
1,461,1,64.0351
1,462,1,62.3604
1,463,1,61.0531
1,464,1,60.2119
1,465,1,58.0208
1,466,1,56.9675
1,467,1,55.7609
1,468,1,56.3683
1,469,1,52.2322
1,470,1,51.5966
1,471,1,49.0169
1,472,1,48.2609
1,473,1,48.8805
1,474,1,46.0047
1,475,1,44.9877
1,476,1,43.978
1,477,1,43.0299
0,478,1,42.5052
1,479,1,42.6261
1,480,1,41.5792
1,481,1,42.7989
1,482,1,36.2554
1,483,1,35.4294
1,484,1,37.1351
1,485,1,37.761
1,486,1,38.691
1,487,1,39.3106
1,488,1,41.0862
0,489,1,44.0131
1,490,1,82.2741
1,491,1,84.6411
1,492,1,86.8665
1,493,1,87.0792
1,494,1,88.0532
1,495,1,89.0172
1,496,1,70.723
1,497,1,70.2496
1,498,1,91.7074
1,499,1,67.3015
1,500,1,67.3015
0,501,1,69.225
1,502,1,69.064
1,503,1,68.0304
1,504,1,66.7266
1,505,1,64.0995
1,506,1,63.7044
1,507,1,64.213
1,508,1,60.0898
1,509,1,58.8168
1,510,1,58.3899
1,511,1,56.7579
1,512,1,57.5115
1,513,1,53.0171
1,514,1,50.6041
1,515,1,49.6258
1,516,1,49.3121
1,517,1,51.748
1,518,1,46.7494
1,519,1,45.907
1,520,1,45.5608
1,521,1,44.0988
1,522,1,43.5884
1,523,1,44.8362
1,524,1,45.367
1,525,1,39.4092
1,526,1,38.6645
0,527,1,38.0265
1,528,1,38.2776
1,529,1,38.2316
1,530,1,41.0212
1,531,1,41.0402
1,532,1,41.0792
1,533,1,43.3778
1,534,1,43.6221
1,535,1,82.8914
1,536,1,83.7854
1,537,1,85.6341
1,538,1,86.2983
1,539,1,88.6449
1,540,1,89.2559
0,541,1,89.6089
1,542,1,90.9037
1,543,1,73.3116
1,544,1,72.565
1,545,1,70.2476
1,546,1,69.7025
1,547,1,68.3453
1,548,1,66.957
1,549,1,66.2527
1,550,1,64.7749
0,551,1,63.4106
1,552,1,62.3894
1,553,1,61.0623
1,554,1,59.6116
1,555,1,58.5026
1,556,1,58.0318
1,557,1,58.8644
1,558,1,52.3869
1,559,1,52.1486
1,560,1,50.6865
1,561,1,51.0103
1,562,1,51.2505
1,563,1,47.6432
1,564,1,49.5325
1,565,1,48.1758
1,566,1,46.0033
1,567,1,44.6127
1,568,1,45.2013
1,569,1,45.2961
1,570,1,39.6506
1,571,1,38.1621
1,572,1,37.6762
1,573,1,38.7489
1,574,1,39.9073
1,575,1,39.7663
1,576,1,40.5106
0,577,1,41.4784
0,578,1,42.4454
1,579,1,53.9059
1,580,1,44.8603
1,581,1,81.9108
1,582,1,84.1952
1,583,1,84.6977
1,584,1,86.1765
1,585,1,89.3767
0,586,1,89.2877
1,587,1,89.754
1,588,1,92.0872
1,589,1,74.2469
1,590,1,74.2686
0,591,1,71.2118
1,592,1,70.6726
1,593,1,68.9789
1,594,1,69.5402
1,595,1,66.2259
1,596,1,66.3674
1,597,1,63.7735
1,598,1,62.3759
1,599,1,61.1597
1,600,1,59.8827
1,601,1,60.5652
1,602,1,59.4674
1,603,1,59.3484
0,604,1,60.4319
0,605,1,60.4551
1,606,1,60.1498
1,607,1,59.6062
1,608,1,52.1997
1,609,1,48.5661
1,610,1,47.6033
1,611,1,46.6869
1,612,1,43.1424
1,613,1,41.9972
1,614,1,41.0571
0,615,1,39.6248
1,616,1,38.8053
1,617,1,48.0127
1,618,1,40.0047
1,619,1,40.86
1,620,1,40.9842
1,621,1,42.1712
1,622,1,42.1712
1,623,1,43.5266
1,624,1,52.7875
1,625,1,53.92
1,626,1,54.4979
1,627,1,82.0921
1,628,1,83.2177
1,629,1,83.8588
1,630,1,88.227
1,631,1,88.1835
1,632,1,88.3124
1,633,1,89.2327
1,634,1,75.5224
1,635,1,74.6149
1,636,1,72.7984
1,637,1,72.145
1,638,1,70.609
0,639,1,69.9525
1,640,1,68.3004
1,641,1,67.1861
1,642,1,67.8445
1,643,1,68.3824
1,644,1,61.7307
1,645,1,61.5724
1,646,1,60.9481
1,647,1,61.6482
1,648,1,61.5377
1,649,1,60.4123
1,650,1,61.2947
1,651,1,61.6879
1,652,1,59.4285
0,653,1,58.4478
1,654,1,53.2446
1,655,1,58.3155
1,656,1,49.6155
1,657,1,58.3376
1,658,1,47.1145
1,659,1,47.0174
1,660,1,42.6595
1,661,1,41.102
1,662,1,40.6252
0,663,1,41.3941
1,664,1,46.8243
1,665,1,41.1159
1,666,1,42.4921
1,667,1,50.4322
1,668,1,49.595
1,669,1,50.9723
1,670,1,50.6289
1,671,1,51.6761
1,672,1,52.2444
1,673,1,53.1346
1,674,1,53.7111
1,675,1,83.7932
1,676,1,84.202
1,677,1,84.5546
1,678,1,85.1748
1,679,1,86.8565
1,680,1,88.5881
1,681,1,89.6871
1,682,1,90.8019
1,683,1,75.4512
1,684,1,72.4206
1,685,1,79.6771
1,686,1,80.233
1,687,1,81.5813
1,688,1,68.648
1,689,1,68.7314
1,690,1,67.4048
1,691,1,67.8768
1,692,1,62.7758
1,693,1,62.7167
1,694,1,62.1264
0,695,1,62.4653
1,696,1,62.0531
1,697,1,61.5671
0,698,1,61.7763
1,699,1,60.9593
1,700,1,61.1192
1,701,1,58.4432
1,702,1,56.9482
1,703,1,56.0586
1,704,1,56.8961
1,705,1,57.9104
1,706,1,44.555
0,707,1,44.4154
0,708,1,42.6439
1,709,1,48.1308
1,710,1,49.0648
1,711,1,47.3068
1,712,1,45.73
1,713,1,46.9753
1,714,1,47.6505
1,715,1,47.6505
0,716,1,48.6
1,717,1,49.1264
1,718,1,50.0159
1,719,1,50.9043
1,720,1,51.7962
1,721,1,54.6068
1,722,1,54.791
1,723,1,54.7859
0,724,1,86.8102
1,725,1,85.6407
1,726,1,85.9243
1,727,1,85.7306
1,728,1,86.9783
1,729,1,87.4144
1,730,1,88.897
1,731,1,80.4623
1,732,1,80.6411
1,733,1,78.2821
1,734,1,78.6952
1,735,1,80.1309
1,736,1,81.7121
1,737,1,77.1662
1,738,1,69.1504
1,739,1,66.3612
1,740,1,65.3827
1,741,1,63.7457
1,742,1,66.8312
1,743,1,66.8443
1,744,1,63.5819
1,745,1,63.147
0,746,1,62.6555
1,747,1,62.9974
1,748,1,64.4265
1,749,1,59.8049
1,750,1,59.493
1,751,1,56.2256
1,752,1,55.2522
1,753,1,54.7949
1,754,1,54.0151
1,755,1,44.7644
1,756,1,44.0385
1,757,1,43.6139
1,758,1,47.1498
1,759,1,49.0215
1,760,1,45.9157
1,761,1,44.6072
1,762,1,46.5486
1,763,1,46.3104
1,764,1,46.9662
1,765,1,47.8917
1,766,1,48.9083
1,767,1,51.0215
1,768,1,51.8844
1,769,1,53.4687
1,770,1,55.6994
1,771,1,55.8832
1,772,1,55.7545
1,773,1,56.2233
1,774,1,87.4046
1,775,1,87.5581
1,776,1,87.4063
1,777,1,88.6558
1,778,1,87.7883
1,779,1,87.9648
1,780,1,79.5224
1,781,1,78.6388
1,782,1,78.0457
1,783,1,77.7469
1,784,1,77.7257
1,785,1,79.7104
1,786,1,75.6216
1,787,1,74.5419
1,788,1,73.8995
1,789,1,66.8321
1,790,1,65.1913
1,791,1,65.1756
1,792,1,66.023
1,793,1,65.6916
1,794,1,64.7747
1,795,1,63.8578
1,796,1,63.0774
0,797,1,64.533
1,798,1,64.7285
1,799,1,60.8585
1,800,1,61.5659
1,801,1,57.2672
1,802,1,54.5258
1,803,1,53.8015
1,804,1,53.726
1,805,1,45.6302
0,806,1,45.1468
1,807,1,45.5313
1,808,1,46.6135
1,809,1,46.289
1,810,1,46.5462
1,811,1,43.4914
1,812,1,44.6639
0,813,1,45.9173
1,814,1,49.6821
1,815,1,49.638
0,816,1,49.6113
1,817,1,52.4835
1,818,1,53.0622
1,819,1,55.8728
1,820,1,56.4117
1,821,1,56.9776
0,822,1,58.7326
1,823,1,57.263
1,824,1,57.9149
1,825,1,88.5645
1,826,1,87.7572
1,827,1,90.1021
1,828,1,90.0843
1,829,1,91.8804
1,830,1,91.988
1,831,1,80.6389
1,832,1,80.6389
1,833,1,77.4193
0,834,1,76.9423
1,835,1,75.5258
1,836,1,74.6076
1,837,1,74.0452
1,838,1,74.367
1,839,1,73.0625
1,840,1,72.1897
1,841,1,72.6169
1,842,1,66.3678
0,843,1,71.5295
1,844,1,64.7573
1,845,1,63.9898
1,846,1,64.2467
1,847,1,63.8668
1,848,1,62.3726
1,849,1,60.8481
1,850,1,61.1736
1,851,1,62.7756
1,852,1,55.4669
1,853,1,53.7918
1,854,1,53.2422
1,855,1,52.3857
1,856,1,51.352
1,857,1,50.8597
1,858,1,45.9061
1,859,1,46.956
1,860,1,46.241
1,861,1,44.8284
1,862,1,44.3225
1,863,1,45.5996
1,864,1,47.2669
1,865,1,48.5879
1,866,1,49.3079
1,867,1,52.9242
1,868,1,53.8009
1,869,1,54.7849
1,870,1,54.9628
1,871,1,55.8573
1,872,1,59.0402
1,873,1,59.703
1,874,1,59.0775
1,875,1,58.6704
1,876,1,59.5119
1,877,1,89.5286
1,878,1,90.4498
1,879,1,90.4498
1,880,1,92.0463
1,881,1,91.7629
1,882,1,84.9612
1,883,1,80.433
1,884,1,79.7769
1,885,1,78.389
1,886,1,78.2374
1,887,1,75.2178
0,888,1,74.1975
1,889,1,73.2936
1,890,1,72.3869
1,891,1,71.4846
1,892,1,71.1916
1,893,1,72.5064
1,894,1,70.0824
1,895,1,70.6774
1,896,1,68.4458
1,897,1,63.2041
1,898,1,61.8482
1,899,1,60.9264
0,900,1,61.0965
1,901,1,59.8002
1,902,1,58.1225
1,903,1,57.9126
1,904,1,57.6929
1,905,1,54.2883
0,906,1,53.3458
1,907,1,51.7755
0,908,1,49.8945
1,909,1,48.1632
1,910,1,47.6173
1,911,1,46.7353
1,912,1,47.6353
1,913,1,48.8703
1,914,1,46.7916
1,915,1,48.3887
1,916,1,49.5156
1,917,1,50.3675
1,918,1,51.3408
1,919,1,54.9343
1,920,1,54.9464
1,921,1,55.3403
1,922,1,58.129
1,923,1,58.3482
1,924,1,59.3766
1,925,1,60.6705
1,926,1,62.1614
1,927,1,60.147
1,928,1,94.3264
1,929,1,94.3264
1,930,1,90.4498
1,931,1,92.0974
1,932,1,92.7567
0,933,1,84.4092
1,934,1,84.1993
1,935,1,79.8435
1,936,1,79.4312
0,937,1,78.8908
1,938,1,76.929
0,939,1,75.4445
1,940,1,75.3227
1,941,1,72.5777
1,942,1,71.8508
1,943,1,70.3032
1,944,1,69.2675
1,945,1,68.3535
1,946,1,67.6055
1,947,1,67.3969
1,948,1,61.5826
1,949,1,61.1052
1,950,1,61.4844
1,951,1,60.8947
1,952,1,58.6862
1,953,1,57.4356
1,954,1,57.1529
1,955,1,56.6455
1,956,1,55.5962
1,957,1,52.5779
0,958,1,51.7262
0,959,1,50.7007
0,960,1,49.4154
1,961,1,49.241
1,962,1,48.7684
1,963,1,53.3822
0,964,1,48.4204
1,965,1,49.2152
0,966,1,49.6483
1,967,1,48.9962
1,968,1,49.5652
1,969,1,55.25
1,970,1,55.9442
1,971,1,56.5419
1,972,1,56.2769
1,973,1,56.5129
1,974,1,59.4031
1,975,1,59.4492
1,976,1,61.0799
1,977,1,60.8525
1,978,1,63.5089
1,979,1,63.8767
1,980,1,61.6232
1,981,1,93.7641
0,982,1,93.8077
0,983,1,85.3714
1,984,1,85.3714
1,985,1,84.2295
0,986,1,83.0331
0,987,1,82.3473
1,988,1,80.8141
1,989,1,80.337
1,990,1,78.7679
1,991,1,76.929
1,992,1,75.9671
1,993,1,74.5572
1,994,1,73.5651
0,995,1,71.6709
0,996,1,70.8063
1,997,1,70.0286
0,998,1,67.9742
1,999,1,67.0417
1,1000,1,66.144
1,1001,1,65.2531
0,1002,1,60.9686
0,1003,1,59.7621
1,1004,1,59.4674
1,1005,1,58.3074
1,1006,1,56.8512
1,1007,1,55.8957
1,1008,1,54.9238
1,1009,1,54.5228
1,1010,1,52.9746
0,1011,1,52.1739
1,1012,1,51.2235
1,1013,1,50.9898
1,1014,1,52.5802
1,1015,1,53.4319
1,1016,1,51.966
1,1017,1,51.0072
1,1018,1,51.1198
1,1019,1,52.9597
1,1020,1,53.2055
1,1021,1,53.9494
1,1022,1,54.4741
1,1023,1,57.3566
1,1024,1,57.3652
1,1025,1,57.1652
1,1026,1,57.5318
1,1027,1,58.5076
1,1028,1,60.3852
1,1029,1,62.9911
1,1030,1,63.6203
1,1031,1,62.4149
1,1032,1,63.5262
1,1033,1,63.5262
1,1034,1,62.0109
1,1035,1,89.5319
1,1036,1,88.8305
1,1037,1,88.1646
0,1038,1,85.3714
1,1039,1,84.8776
1,1040,1,84.0297
1,1041,1,82.2605
0,1042,1,82.0871
0,1043,1,82.9363
1,1044,1,79.003
0,1045,1,78.5518
1,1046,1,75.964
0,1047,1,75.0717
0,1048,1,74.7959
0,1049,1,74.9629
1,1050,1,74.1528
1,1051,1,70.1957
1,1052,1,70.1957
1,1053,1,68.1131
1,1054,1,68.3799
1,1055,1,64.7446
1,1056,1,63.8741
1,1057,1,62.9957
1,1058,1,62.1518
1,1059,1,59.6357
1,1060,1,57.5408
1,1061,1,57.5431
1,1062,1,56.4305
1,1063,1,55.0722
0,1064,1,55.3511
1,1065,1,52.7898
1,1066,1,53.7195
1,1067,1,51.7858
1,1068,1,52.7795
1,1069,1,52.5376
1,1070,1,50.8533
1,1071,1,49.9101
0,1072,1,49.7653
1,1073,1,51.6112
1,1074,1,52.013
1,1075,1,53.1073
1,1076,1,53.9879
1,1077,1,58.473
1,1078,1,58.9337
1,1079,1,58.9712
1,1080,1,59.8886
0,1081,1,59.8441
1,1082,1,65.0442
1,1083,1,64.4181
1,1084,1,63.8778
1,1085,1,63.7561
0,1086,1,64.1072
1,1087,1,64.7383
1,1088,1,63.5237
1,1089,1,60.7403
1,1090,1,88.7325
1,1091,1,88.0452
0,1092,1,86.9334
1,1093,1,86.3093
1,1094,1,86.2745
1,1095,1,83.7261
1,1096,1,83.2598
1,1097,1,83.9932
1,1098,1,84.4808
1,1099,1,78.8738
1,1100,1,77.9948
1,1101,1,76.751
1,1102,1,75.7156
1,1103,1,75.7012
1,1104,1,76.7209
1,1105,1,77.2818
1,1106,1,69.9118
1,1107,1,69.8685
1,1108,1,69.1566
1,1109,1,68.816
1,1110,1,64.2447
1,1111,1,63.3697
1,1112,1,62.5056
1,1113,1,61.6365
0,1114,1,60.9953
0,1115,1,61.0333
1,1116,1,59.2219
1,1117,1,55.6832
1,1118,1,54.9144
1,1119,1,54.4954
1,1120,1,56.8688
1,1121,1,54.7697
1,1122,1,53.8548
1,1123,1,53.5083
1,1124,1,52.4744
0,1125,1,52.5677
1,1126,1,50.0173
1,1127,1,52.3978
1,1128,1,52.1285
1,1129,1,52.5359
1,1130,1,57.6922
1,1131,1,60.4974
1,1132,1,60.1282
1,1133,1,61.8437
1,1134,1,62.652
1,1135,1,60.8886
1,1136,1,61.4103
1,1137,1,66.4735
0,1138,1,65.6837
1,1139,1,67.0503
1,1140,1,64.954
1,1141,1,65.0241
1,1142,1,62.4367
1,1143,1,61.3083
1,1144,1,60.5021
1,1145,1,90.4324
1,1146,1,87.9274
1,1147,1,86.7368
1,1148,1,85.6598
1,1149,1,85.6948
1,1150,1,84.7208
1,1151,1,84.352
1,1152,1,84.6007
0,1153,1,82.9777
1,1154,1,79.9569
1,1155,1,79.0016
1,1156,1,76.8781
1,1157,1,76.895
1,1158,1,74.8938
1,1159,1,77.3986
1,1160,1,72.229
1,1161,1,72.229
1,1162,1,66.8401
1,1163,1,66.8343
1,1164,1,64.5766
1,1165,1,63.603
1,1166,1,62.8005
1,1167,1,62.7045
1,1168,1,61.8603
1,1169,1,60.1437
0,1170,1,59.6067
0,1171,1,57.6126
1,1172,1,56.3638
1,1173,1,56.6742
1,1174,1,57.6471
1,1175,1,55.1568
0,1176,1,54.3723
1,1177,1,57.6949
1,1178,1,56.722
1,1179,1,56.1576
1,1180,1,55.1738
0,1181,1,53.9607
1,1182,1,51.1273
1,1183,1,55.0142
1,1184,1,55.8064
1,1185,1,56.6777
1,1186,1,57.4814
1,1187,1,58.6928
1,1188,1,59.6647
1,1189,1,60.7088
1,1190,1,61.6828
1,1191,1,62.9479
1,1192,1,64.5397
1,1193,1,66.7915
1,1194,1,66.4875
1,1195,1,77.221
1,1196,1,76.5935
1,1197,1,63.8678
1,1198,1,62.7578
1,1199,1,62.4807
1,1200,1,62.6562
1,1201,1,81.9428
1,1202,1,89.6345
1,1203,1,88.5676
0,1204,1,87.1194
1,1205,1,85.7622
1,1206,1,84.5734
1,1207,1,83.4621
1,1208,1,83.6071
1,1209,1,84.9174
1,1210,1,81.9058
1,1211,1,80.2314
1,1212,1,79.288
1,1213,1,78.3439
1,1214,1,78.0197
1,1215,1,74.2375
1,1216,1,73.2638
1,1217,1,72.2987
1,1218,1,67.5175
1,1219,1,66.5393
1,1220,1,73
1,1221,1,64.5959
1,1222,1,63.6223
1,1223,1,63.0231
1,1224,1,61.6061
1,1225,1,60.6336
1,1226,1,59.767
0,1227,1,58.6296
0,1228,1,58.2247
1,1229,1,58.9353
1,1230,1,60.1868
1,1231,1,57.4051
1,1232,1,56.4357
1,1233,1,55.2439
1,1234,1,58.9213
1,1235,1,57.955
1,1236,1,57.0464
1,1237,1,54.0835
0,1238,1,53.0271
1,1239,1,52.7557
1,1240,1,53.9102
1,1241,1,54.708
1,1242,1,55.6792
1,1243,1,56.8003
1,1244,1,59.8346
1,1245,1,60.1487
1,1246,1,61.3303
1,1247,1,62.3005
1,1248,1,64.1234
0,1249,1,65.1192
1,1250,1,66.123
1,1251,1,66.6951
1,1252,1,76.3704
1,1253,1,75.7432
1,1254,1,75.64
1,1255,1,63.7332
1,1256,1,63.0479
1,1257,1,80.4808
1,1258,1,81.1413
1,1259,1,81.3125
1,1260,1,98.5259
1,1261,1,89.0735
1,1262,1,86.8582
1,1263,1,86.3989
0,1264,1,83.3408
1,1265,1,82.4832
1,1266,1,82.2192
1,1267,1,81.0868
0,1268,1,80.8327
1,1269,1,80.7115
1,1270,1,80.3872
1,1271,1,80.3872
1,1272,1,73.0218
1,1273,1,73.0218
1,1274,1,74.043
1,1275,1,70.6278
1,1276,1,70.9122
1,1277,1,71.1932
1,1278,1,72.0885
1,1279,1,65.1102
1,1280,1,64.1003
1,1281,1,63.8369
1,1282,1,61.715
0,1283,1,60.9191
1,1284,1,60.0469
0,1285,1,59.8697
1,1286,1,59.6812
1,1287,1,59.773
1,1288,1,61.0342
1,1289,1,57.7102
1,1290,1,56.7242
1,1291,1,56.5091
1,1292,1,58.9189
1,1293,1,58.704
0,1294,1,56.5876
1,1295,1,56.5844
1,1296,1,54.524
1,1297,1,53.4758
1,1298,1,54.5469
1,1299,1,55.5186
1,1300,1,56.497
1,1301,1,57.4899
1,1302,1,58.311
1,1303,1,59.6469
1,1304,1,60.8742
1,1305,1,64.2881
1,1306,1,65.368
1,1307,1,65.1589
1,1308,1,66.3184
1,1309,1,75.5201
1,1310,1,74.8968
0,1311,1,74.3401
1,1312,1,74.7694
1,1313,1,78.3991
1,1314,1,79.0093
1,1315,1,80.2765
1,1316,1,81.1775
1,1317,1,81.1775
1,1318,1,98.5259
1,1319,1,84.4749
1,1320,1,84.4749
1,1321,1,84.4749
0,1322,1,83.0032
1,1323,1,81.4
1,1324,1,81.1505
1,1325,1,80.9012
1,1326,1,79.7558
1,1327,1,79.8592
1,1328,1,79.8592
1,1329,1,73.1524
0,1330,1,73.1918
1,1331,1,72.2288
1,1332,1,71.0658
1,1333,1,70.1921
1,1334,1,68.0357
1,1335,1,67.1871
1,1336,1,67.5944
1,1337,1,66.0452
1,1338,1,66.5713
1,1339,1,63.1147
1,1340,1,62.3548
1,1341,1,62.7221
1,1342,1,61.9265
1,1343,1,61.0903
1,1344,1,60.7724
0,1345,1,61.7905
1,1346,1,61.246
1,1347,1,58.2223
1,1348,1,63.1155
1,1349,1,61.3792
1,1350,1,60.1264
1,1351,1,59.9858
1,1352,1,59.8204
1,1353,1,57.9147
1,1354,1,58.1222
1,1355,1,56.3665
1,1356,1,56.7898
1,1357,1,55.664
1,1358,1,57.2806
1,1359,1,58.4188
1,1360,1,59.06
1,1361,1,60.9495
1,1362,1,62.556
1,1363,1,65.1142
1,1364,1,72.7486
1,1365,1,72.3582
1,1366,1,71.113
1,1367,1,71.2838
1,1368,1,72.0844
1,1369,1,72.8642
0,1370,1,75.7111
1,1371,1,75.7683
1,1372,1,77.5377
1,1373,1,78.2821
1,1374,1,81.1987
1,1375,1,81.1987
1,1376,1,81.1987
1,1377,1,79.9719
1,1378,1,88.5912
1,1379,1,84.5744
1,1380,1,84.2733
1,1381,1,84.0109
0,1382,1,82.467
1,1383,1,81.0375
1,1384,1,80.0754
0,1385,1,79.2875
1,1386,1,78.6982
0,1387,1,78.4286
1,1388,1,78.173
1,1389,1,72.8834
1,1390,1,72.8524
1,1391,1,71.4116
1,1392,1,70.2803
0,1393,1,69.6347
1,1394,1,69.2553
0,1395,1,70.1301
1,1396,1,72.897
1,1397,1,68.3978
1,1398,1,67.5608
1,1399,1,65.2812
1,1400,1,64.1722
1,1401,1,63.6131
1,1402,1,65.9772
1,1403,1,63.1765
1,1404,1,61.8849
1,1405,1,62.8464
1,1406,1,62.1786
1,1407,1,59.246
1,1408,1,62.4605
1,1409,1,61.9201
1,1410,1,61.1138
1,1411,1,60.9097
0,1412,1,60.6521
1,1413,1,60.1748
1,1414,1,59.9689
1,1415,1,58.898
1,1416,1,57.9016
1,1417,1,58.259
0,1418,1,57.4542
1,1419,1,58.6568
1,1420,1,59.7262
1,1421,1,63.2309
1,1422,1,62.9083
1,1423,1,73.3669
1,1424,1,73.3669
1,1425,1,71.5586
1,1426,1,70.6618
1,1427,1,70.6403
1,1428,1,71.4293
1,1429,1,73.0291
1,1430,1,73.9073
1,1431,1,76.6192
1,1432,1,77.2436
1,1433,1,77.9423
1,1434,1,81.1987
1,1435,1,81.1987
0,1436,1,81.1987
1,1437,1,79.9719
1,1438,1,79.9719
1,1439,1,87.7547
1,1440,1,88.4931
1,1441,1,84.2706
1,1442,1,82.8866
0,1443,1,81.9464
1,1444,1,80.9951
1,1445,1,79.2956
0,1446,1,78.5593
1,1447,1,77.8231
1,1448,1,77.356
1,1449,1,76.8105
1,1450,1,73.3697
1,1451,1,72.7809
1,1452,1,71.9439
1,1453,1,72.5728
1,1454,1,74.1688
1,1455,1,70.2125
1,1456,1,71.1678
1,1457,1,69.9063
1,1458,1,67.5015
1,1459,1,66.9445
1,1460,1,66.8151
0,1461,1,65.5186
1,1462,1,64.7265
1,1463,1,64.7317
1,1464,1,65.1564
1,1465,1,62.9976
1,1466,1,63.512
0,1467,1,66.0725
1,1468,1,63.759
1,1469,1,64.7332
1,1470,1,63.1153
1,1471,1,62.1414
0,1472,1,62.1041
1,1473,1,61.9174
1,1474,1,60.8418
1,1475,1,60.8252
1,1476,1,58.3433
1,1477,1,67.4389
1,1478,1,59.7709
1,1479,1,58.3956
1,1480,1,60.6595
1,1481,1,67.4182
1,1482,1,67.4667
1,1483,1,73.3669
1,1484,1,69.1205
1,1485,1,68.8883
0,1486,1,69.1906
1,1487,1,69.9785
1,1488,1,72.2434
1,1489,1,72.7653
1,1490,1,73.6487
1,1491,1,79.2228
1,1492,1,78.8034
1,1493,1,78.2366
1,1494,1,78.2366
1,1495,1,78.2366
1,1496,1,79.81
1,1497,1,79.81
1,1498,1,79.6951
1,1499,1,78.8565
1,1500,1,86.2146
0,1501,1,87.2586
1,1502,1,84.3643
0,1503,1,84.0716
1,1504,1,81.3356
1,1505,1,80.8603
1,1506,1,77.8537
1,1507,1,77.8537
1,1508,1,77.2494
1,1509,1,76.2014
1,1510,1,74.7644
1,1511,1,73.9134
1,1512,1,75.0675
1,1513,1,75.4711
1,1514,1,74.3092
1,1515,1,72.867
1,1516,1,72.0307
1,1517,1,74.0201
0,1518,1,70.2055
1,1519,1,69.0512
1,1520,1,67.9282
1,1521,1,67.7023
1,1522,1,66.5044
0,1523,1,65.824
1,1524,1,65.9126
1,1525,1,65.7735
0,1526,1,64.1095
1,1527,1,66.1403
1,1528,1,66.0397
1,1529,1,64.7887
0,1530,1,64.785
1,1531,1,64.3203
1,1532,1,63.4712
1,1533,1,63.463
1,1534,1,62.9843
1,1535,1,62.7286
1,1536,1,63.7408
1,1537,1,60.9593
1,1538,1,67.7812
1,1539,1,67.2363
1,1540,1,66.4436
1,1541,1,65.0225
1,1542,1,67.1734
1,1543,1,67.4667
1,1544,1,65.7956
1,1545,1,67.0198
1,1546,1,67.9498
1,1547,1,69.5714
1,1548,1,70.1865
1,1549,1,72.9894
1,1550,1,72.9894
1,1551,1,81.0425
1,1552,1,80.2913
1,1553,1,79.8408
1,1554,1,79.8408
1,1555,1,78.284
1,1556,1,78.2366
1,1557,1,79.81
1,1558,1,79.81
1,1559,1,79.81
1,1560,1,78.0088
1,1561,1,77.38
1,1562,1,87.6313
0,1563,1,84.6431
1,1564,1,83.4498
1,1565,1,83.0776
1,1566,1,81.4083
1,1567,1,80.5363
1,1568,1,79.289
1,1569,1,78.344
1,1570,1,77.231
0,1571,1,76.3712
0,1572,1,76.0283
1,1573,1,76.7009
1,1574,1,75.6916
1,1575,1,78.7673
1,1576,1,75.7543
1,1577,1,76.7424
0,1578,1,77.4763
1,1579,1,73.0345
1,1580,1,73.1549
1,1581,1,69.1718
1,1582,1,68.5926
1,1583,1,68.5976
1,1584,1,67.6049
1,1585,1,67.759
1,1586,1,67.5569
1,1587,1,67.7102
1,1588,1,65.2219
1,1589,1,65.2148
1,1590,1,67.3369
1,1591,1,65.898
1,1592,1,66.627
1,1593,1,67.6366
1,1594,1,64.5835
1,1595,1,64.5753
1,1596,1,63.4861
1,1597,1,63.3455
0,1598,1,64.2538
1,1599,1,64.2716
1,1600,1,67.7812
1,1601,1,67.2018
1,1602,1,66.4983
1,1603,1,64.5952
1,1604,1,63.5468
0,1605,1,63.8737
1,1606,1,64.6118
1,1607,1,65.5795
1,1608,1,66.4711
1,1609,1,67.6756
1,1610,1,71.1222
1,1611,1,71.1571
1,1612,1,71.6887
1,1613,1,73.454
1,1614,1,79.4297
1,1615,1,79.134
1,1616,1,79.7837
1,1617,1,79.9776
1,1618,1,79.9776
1,1619,1,79.9776
1,1620,1,79.81
1,1621,1,79.81
0,1622,1,76.9976
1,1623,1,76.7186
1,1624,1,76.4379
1,1625,1,76.1873
1,1626,1,87.6749
1,1627,1,85.2789
0,1628,1,85.1442
1,1629,1,82.6042
1,1630,1,81.6921
1,1631,1,80.1358
1,1632,1,79.5156
1,1633,1,79.0947
1,1634,1,77.7183
0,1635,1,77.6609
0,1636,1,77.3362
1,1637,1,78.2813
1,1638,1,79.7241
1,1639,1,80.758
1,1640,1,81.4142
1,1641,1,76.5945
1,1642,1,77.0002
1,1643,1,74.0611
1,1644,1,74.5907
1,1645,1,72.0913
0,1646,1,69.7034
1,1647,1,69.7108
1,1648,1,70.5037
1,1649,1,69.537
1,1650,1,68.5544
1,1651,1,67.4966
1,1652,1,66.3341
1,1653,1,66.3308
1,1654,1,68.2661
1,1655,1,67.0048
1,1656,1,68.1832
1,1657,1,68.0543
1,1658,1,67.3143
1,1659,1,65.9157
1,1660,1,66.0805
1,1661,1,70.6146
0,1662,1,69.7814
1,1663,1,68.5682
1,1664,1,67.5922
1,1665,1,66.6197
1,1666,1,65.6461
1,1667,1,64.61
1,1668,1,81.9319
1,1669,1,63.1485
1,1670,1,63.8864
1,1671,1,68.3266
1,1672,1,68.0235
1,1673,1,68.4238
1,1674,1,72.3384
1,1675,1,72.3384
1,1676,1,72.5352
1,1677,1,73.4037
1,1678,1,77.5729
1,1679,1,78.31
1,1680,1,79.065
1,1681,1,79.8086
1,1682,1,87.8207
1,1683,1,88.5629
1,1684,1,88.7169
1,1685,1,77.9738
1,1686,1,77.0959
1,1687,1,76.1309
1,1688,1,75.4434
1,1689,1,74.3761
1,1690,1,77.1947
1,1691,1,87.8051
1,1692,1,85.3249
1,1693,1,85.9315
1,1694,1,86.6199
1,1695,1,88.1044
1,1696,1,89.0489
1,1697,1,89.9664
0,1698,1,79.3244
1,1699,1,79.6229
1,1700,1,78.7666
1,1701,1,78.9601
1,1702,1,78.776
1,1703,1,79.4177
1,1704,1,81.2468
0,1705,1,82.4901
0,1706,1,86.7733
1,1707,1,86.0438
1,1708,1,74.8392
1,1709,1,73.6056
1,1710,1,72.404
1,1711,1,71.1409
1,1712,1,70.8266
1,1713,1,71.6252
1,1714,1,71.5386
1,1715,1,70.319
1,1716,1,67.4555
1,1717,1,67.4464
1,1718,1,68.8143
1,1719,1,69.4431
1,1720,1,68.1767
1,1721,1,69.2199
1,1722,1,69.2203
1,1723,1,66.8232
1,1724,1,66.8136
1,1725,1,67.3639
1,1726,1,71.1681
1,1727,1,70.2624
1,1728,1,70.2645
1,1729,1,68.5041
1,1730,1,67.7031
1,1731,1,66.22
1,1732,1,66.0298
1,1733,1,63.766
1,1734,1,63.3794
1,1735,1,63.8529
1,1736,1,71.0677
1,1737,1,71.0677
1,1738,1,71.7813
1,1739,1,72.6456
1,1740,1,72.7962
1,1741,1,74.6713
1,1742,1,76.5056
1,1743,1,76.6586
1,1744,1,87.4003
1,1745,1,87.8207
1,1746,1,87.8207
1,1747,1,88.4583
1,1748,1,88.7515
1,1749,1,89.9841
1,1750,1,77.5786
1,1751,1,76.7414
1,1752,1,75.8416
1,1753,1,78.8765
1,1754,1,78.281
1,1755,1,76.9536
1,1756,1,90.6401
1,1757,1,89.7025
1,1758,1,89.0566
1,1759,1,87.659
1,1760,1,87.4148
1,1761,1,89.3001
1,1762,1,80.6591
1,1763,1,80.6727
1,1764,1,81.4936
1,1765,1,79.877
1,1766,1,79.4961
1,1767,1,79.749
1,1768,1,80.3646
1,1769,1,82.2434
1,1770,1,83.0733
1,1771,1,84.7389
0,1772,1,85.3912
1,1773,1,75.3026
1,1774,1,73.9055
1,1775,1,73.519
1,1776,1,72.1024
1,1777,1,71.9282
1,1778,1,72.8666
1,1779,1,71.8015
1,1780,1,71.1974
1,1781,1,68.7154
1,1782,1,68.5586
1,1783,1,69.821
1,1784,1,70.2634
1,1785,1,69.2769
1,1786,1,69.1339
1,1787,1,69.5361
1,1788,1,68.7772
0,1789,1,67.9222
1,1790,1,76.4529
1,1791,1,75.3746
1,1792,1,71.3737
1,1793,1,71.3934
1,1794,1,68.6182
1,1795,1,69.0723
0,1796,1,67.7185
1,1797,1,65.1413
1,1798,1,64.7859
1,1799,1,64.5572
1,1800,1,64.8844
1,1801,1,70.2957
1,1802,1,69.7664
1,1803,1,70.6364
1,1804,1,71.4351
1,1805,1,73.7514
1,1806,1,74.6701
1,1807,1,75.5162
1,1808,1,76.2047
1,1809,1,88.1916
0,1810,1,87.2452
1,1811,1,87.7288
1,1812,1,87.1032
1,1813,1,87.8513
1,1814,1,88.9835
1,1815,1,90.2567
1,1816,1,90.9815
1,1817,1,77.717
1,1818,1,77.7973
1,1819,1,77.9277
1,1820,1,79.673
1,1821,1,77.8675
1,1822,1,79.1467
1,1823,1,90.3082
0,1824,1,89.3092
0,1825,1,87.8916
1,1826,1,86.7715
1,1827,1,85.8861
1,1828,1,82.8465
1,1829,1,81.7049
1,1830,1,81.7019
1,1831,1,81.8572
1,1832,1,80.9991
1,1833,1,82.6152
1,1834,1,81.6989
0,1835,1,81.1925
1,1836,1,82.2507
1,1837,1,83.1948
0,1838,1,84.6521
1,1839,1,84.9367
1,1840,1,84.5628
1,1841,1,74.7974
1,1842,1,74.6312
1,1843,1,73.1421
1,1844,1,73.0404
1,1845,1,73.8002
1,1846,1,72.3114
1,1847,1,72.3098
1,1848,1,77.2268
1,1849,1,69.671
1,1850,1,69.7891
1,1851,1,70.5479
1,1852,1,79.6802
1,1853,1,79.4001
1,1854,1,81.267
1,1855,1,69.0402
0,1856,1,81.9107
1,1857,1,75.6611
1,1858,1,74.8325
1,1859,1,72.4859
1,1860,1,73.2472
1,1861,1,73.5779
1,1862,1,70.1847
1,1863,1,70.9425
1,1864,1,68.0792
1,1865,1,65.4083
0,1866,1,66.2502
1,1867,1,66.0234
1,1868,1,67.5319
0,1869,1,68.2727
1,1870,1,69.855
0,1871,1,71.1463
1,1872,1,85.9211
1,1873,1,85.9614
1,1874,1,77.0699
1,1875,1,77.0434
1,1876,1,77.6791
1,1877,1,86.3991
1,1878,1,85.7559
1,1879,1,86.3971
1,1880,1,89.2637
1,1881,1,89.462
1,1882,1,90.803
1,1883,1,90.9793
1,1884,1,80.4965
1,1885,1,79.9923
1,1886,1,78.9905
1,1887,1,79.6745
1,1888,1,82.0338
1,1889,1,79.3492
1,1890,1,80.9141
1,1891,1,90.6483
1,1892,1,88.3725
1,1893,1,88.4612
1,1894,1,85.8983
1,1895,1,84.8105
1,1896,1,83.0562
1,1897,1,82.4828
1,1898,1,86.6934
1,1899,1,87.1376
1,1900,1,84.1425
1,1901,1,84.2769
1,1902,1,82.391
1,1903,1,82.631
1,1904,1,83.4837
1,1905,1,83.9585
1,1906,1,84.6088
1,1907,1,84.0028
1,1908,1,83.2765
1,1909,1,81.4337
1,1910,1,81.4337
1,1911,1,74.3801
0,1912,1,78.8754
1,1913,1,78.7585
1,1914,1,77.1604
1,1915,1,76.5191
1,1916,1,76.4884
1,1917,1,70.7832
1,1918,1,70.7758
1,1919,1,79.0359
1,1920,1,79.0265
1,1921,1,78.3485
1,1922,1,78.9284
1,1923,1,79.8955
1,1924,1,80.6774
1,1925,1,82.6727
1,1926,1,74.7268
1,1927,1,73.5011
1,1928,1,73.9377
1,1929,1,72.9864
1,1930,1,72.7668
1,1931,1,70.9425
1,1932,1,69.4676
1,1933,1,68.0108
1,1934,1,67.395
1,1935,1,68.0764
1,1936,1,67.5027
1,1937,1,68.7214
1,1938,1,69.7505
1,1939,1,70.414
1,1940,1,84.2456
1,1941,1,85.4899
1,1942,1,78.31
1,1943,1,77.2604
1,1944,1,83.5068
1,1945,1,84.3491
1,1946,1,84.9198
1,1947,1,86.1662
1,1948,1,89.8954
1,1949,1,91.5487
1,1950,1,91.2135
1,1951,1,82.876
1,1952,1,82.3811
1,1953,1,81.0997
1,1954,1,80.3007
0,1955,1,80.5807
1,1956,1,80.9707
1,1957,1,82.5415
1,1958,1,80.9841
1,1959,1,94.4847
1,1960,1,91.4434
1,1961,1,89.1476
1,1962,1,87.8804
1,1963,1,86.9399
1,1964,1,84.4972
1,1965,1,84.1278
1,1966,1,84.844
1,1967,1,85.7814
1,1968,1,86.7184
1,1969,1,85.2438
1,1970,1,88.5516
1,1971,1,87.9253
1,1972,1,83.8964
1,1973,1,84.8399
1,1974,1,85.0425
1,1975,1,83.9965
1,1976,1,82.901
1,1977,1,81.8776
1,1978,1,80.6528
1,1979,1,79.6786
1,1980,1,78.7037
1,1981,1,78.2113
1,1982,1,76.8721
1,1983,1,76.6258
1,1984,1,76.0427
0,1985,1,75.5154
0,1986,1,71.895
1,1987,1,73.798
1,1988,1,74.7652
1,1989,1,77.168
0,1990,1,77.28
1,1991,1,78.2375
1,1992,1,79.641
1,1993,1,81.1335
1,1994,1,81.1444
1,1995,1,89.6184
1,1996,1,74.3377
1,1997,1,73.3601
1,1998,1,72.3882
1,1999,1,71.4113
1,2000,1,70.4408
1,2001,1,69.4909
1,2002,1,69.7318
0,2003,1,70.5208
1,2004,1,70.3554
1,2005,1,69.7154
1,2006,1,68.9814
1,2007,1,73.0232
1,2008,1,70.2669
1,2009,1,83.5678
1,2010,1,82.7204
1,2011,1,82.5024
1,2012,1,82.4127
1,2013,1,82.5657
1,2014,1,83.3918
1,2015,1,84.6105
1,2016,1,88.2477
1,2017,1,87.7732
1,2018,1,90.875
1,2019,1,90.2276
1,2020,1,92.7999
1,2021,1,92.8957
1,2022,1,82.5341
1,2023,1,82.1442
1,2024,1,82.8834
1,2025,1,82.073
1,2026,1,83.0812
1,2027,1,84.2181
1,2028,1,93.1899
1,2029,1,91.9867
1,2030,1,90.5387
1,2031,1,89.815
1,2032,1,87.8346
1,2033,1,85.6496
1,2034,1,85.9387
1,2035,1,85.6561
1,2036,1,85.4601
1,2037,1,85.6842
1,2038,1,86.7512
1,2039,1,86.6767
1,2040,1,86.5095
1,2041,1,87.3014
1,2042,1,84.7812
1,2043,1,85.4609
1,2044,1,85.2029
1,2045,1,84.2608
1,2046,1,83.8856
1,2047,1,81.5845
1,2048,1,80.853
1,2049,1,80.4949
1,2050,1,79.2547
1,2051,1,78.8598
1,2052,1,76.9763
1,2053,1,75.6589
1,2054,1,74.6836
1,2055,1,73.7087
1,2056,1,73.0075
1,2057,1,74.1056
1,2058,1,74.7802
1,2059,1,75.817
0,2060,1,77.1357
1,2061,1,78.197
0,2062,1,78.828
1,2063,1,79.7819
1,2064,1,80.7554
1,2065,1,88.5955
1,2066,1,88.266
1,2067,1,89.4646
1,2068,1,87.3193
1,2069,1,86.7371
1,2070,1,71.0135
1,2071,1,71.2397
1,2072,1,70.3451
1,2073,1,69.896
1,2074,1,71.2133
1,2075,1,70.6855
1,2076,1,76.3489
1,2077,1,73.6364
1,2078,1,71.0521
1,2079,1,83.8446
1,2080,1,82.1805
1,2081,1,81.3221
1,2082,1,80.8634
0,2083,1,81.6254
1,2084,1,82.9131
1,2085,1,84.8516
1,2086,1,86.1764
1,2087,1,87.5362
0,2088,1,88.5251
1,2089,1,92.1523
1,2090,1,91.1791
1,2091,1,93.6962
1,2092,1,91.9712
1,2093,1,91.8611
1,2094,1,92.8504
1,2095,1,83.754
1,2096,1,83.3169
0,2097,1,83.7909
1,2098,1,93.8246
1,2099,1,92.2436
1,2100,1,94.559
1,2101,1,94.9781
1,2102,1,87.6774
1,2103,1,86.9257
1,2104,1,87.2433
1,2105,1,88.8776
1,2106,1,86.5322
1,2107,1,88.4664
1,2108,1,89.0775
0,2109,1,88.0885
1,2110,1,88.0491
1,2111,1,88.0545
1,2112,1,85.868
1,2113,1,86.1084
1,2114,1,86.355
1,2115,1,84.7204
1,2116,1,84.9641
1,2117,1,85.208
1,2118,1,81.6069
1,2119,1,81.6073
1,2120,1,80.014
1,2121,1,80.2564
1,2122,1,77.983
1,2123,1,78.0382
1,2124,1,75.7811
1,2125,1,75.6591
1,2126,1,74.1197
1,2127,1,74.6437
1,2128,1,75.768
1,2129,1,77.2248
1,2130,1,77.9613
1,2131,1,81.1047
1,2132,1,80.0175
1,2133,1,80.9377
1,2134,1,81.2639
1,2135,1,88.2351
1,2136,1,88.9625
1,2137,1,86.3563
0,2138,1,86.2487
1,2139,1,84.8814
1,2140,1,71.998
1,2141,1,71.6218
1,2142,1,71.8028
1,2143,1,71.0667
1,2144,1,77.8937
1,2145,1,76.6606
1,2146,1,75.3139
1,2147,1,74.3921
1,2148,1,72.2985
1,2149,1,83.2864
1,2150,1,81.6543
1,2151,1,79.6783
1,2152,1,80.1266
1,2153,1,81.2322
1,2154,1,82.527
1,2155,1,83.5816
1,2156,1,86.2778
1,2157,1,87.1689
1,2158,1,91.0021
1,2159,1,90.884
1,2160,1,89.7291
1,2161,1,90.0129
0,2162,1,90.3833
1,2163,1,92.0902
1,2164,1,92.9468
1,2165,1,93.3403
1,2166,1,96.8922
1,2167,1,97.8674
1,2168,1,98.8424
1,2169,1,93.2344
1,2170,1,92.2736
1,2171,1,93.3027
1,2172,1,88.408
1,2173,1,89.0041
1,2174,1,87.7651
1,2175,1,87.604
1,2176,1,87.8645
1,2177,1,88.8021
1,2178,1,88.9109
1,2179,1,88.9417
1,2180,1,91.1747
1,2181,1,86.9447
1,2182,1,87.1884
1,2183,1,87.4378
1,2184,1,89.0572
1,2185,1,86.0411
1,2186,1,86.2845
1,2187,1,82.7192
1,2188,1,82.8056
1,2189,1,81.7348
1,2190,1,81.1143
1,2191,1,78.4974
1,2192,1,78.0601
1,2193,1,80.0035
1,2194,1,75.7643
1,2195,1,75.2316
1,2196,1,76.1583
1,2197,1,79.4389
1,2198,1,79.7945
1,2199,1,79.1074
1,2200,1,81.1386
1,2201,1,81.5631
1,2202,1,81.9547
1,2203,1,81.1418
1,2204,1,88.0357
1,2205,1,88.0357
1,2206,1,86.5918
1,2207,1,86.2342
1,2208,1,84.1162
0,2209,1,83.2394
1,2210,1,83.0524
1,2211,1,72.2891
1,2212,1,72.4174
1,2213,1,72.4174
1,2214,1,101.181
1,2215,1,75.3014
1,2216,1,74.9805
1,2217,1,73.4102
1,2218,1,74.804
1,2219,1,73.9225
0,2220,1,78.6376
1,2221,1,79.2301
1,2222,1,81.2322
1,2223,1,82.527
1,2224,1,85.9972
1,2225,1,86.5489
1,2226,1,86.3806
1,2227,1,87.539
1,2228,1,89.8276
1,2229,1,88.2556
1,2230,1,88.9118
1,2231,1,97.6498
1,2232,1,97.7288
1,2233,1,95.5541
1,2234,1,95.249
1,2235,1,96.3635
1,2236,1,98.5446
0,2237,1,92.2437
1,2238,1,91.2135
1,2239,1,89.3207
1,2240,1,90.7874
1,2241,1,91.4147
1,2242,1,92.8905
1,2243,1,88.6757
1,2244,1,88.9363
1,2245,1,89.1966
1,2246,1,89.7736
1,2247,1,90.018
1,2248,1,91.1747
1,2249,1,89.8529
1,2250,1,88.9097
1,2251,1,88.5906
1,2252,1,89.0572
1,2253,1,86.7318
1,2254,1,86.741
1,2255,1,83.828
1,2256,1,83.8421
1,2257,1,83.9246
1,2258,1,87.2045
1,2259,1,88.5867
1,2260,1,88.9348
1,2261,1,79.6713
1,2262,1,79.6738
1,2263,1,76.3444
1,2264,1,77.0886
1,2265,1,78.4355
1,2266,1,79.0389
1,2267,1,80.2295
1,2268,1,80.7759
1,2269,1,84.2353
1,2270,1,82.2005
1,2271,1,90.5162
1,2272,1,89.8428
1,2273,1,88.9601
1,2274,1,87.0362
1,2275,1,85.137
1,2276,1,84.4158
1,2277,1,83.3407
1,2278,1,81.8789
0,2279,1,80.9992
1,2280,1,80.1214
1,2281,1,78.9319
1,2282,1,101.102
1,2283,1,76.9757
1,2284,1,76.0011
1,2285,1,74.8283
1,2286,1,74.6902
0,2287,1,77.2468
1,2288,1,77.754
1,2289,1,78.3466
1,2290,1,80.6355
1,2291,1,85.0626
1,2292,1,85.0626
1,2293,1,86.0477
1,2294,1,85.3796
1,2295,1,89.0899
1,2296,1,88.0443
1,2297,1,88.1461
1,2298,1,89.0164
1,2299,1,90.5553
1,2300,1,96.14
1,2301,1,93.6858
1,2302,1,95.755
1,2303,1,97.5195
1,2304,1,92.002
1,2305,1,91.2841
1,2306,1,90.3982
1,2307,1,91.8966
0,2308,1,91.9717
1,2309,1,93.6913
1,2310,1,94.2869
1,2311,1,90.0082
1,2312,1,90.8537
1,2313,1,91.7015
1,2314,1,90.9539
1,2315,1,91.2442
1,2316,1,89.9908
1,2317,1,90.7055
1,2318,1,89.5919
1,2319,1,91.2723
1,2320,1,91.694
0,2321,1,94.8962
1,2322,1,84.436
1,2323,1,84.4828
1,2324,1,87.0295
1,2325,1,86.2779
1,2326,1,87.2919
1,2327,1,84.3701
1,2328,1,83.6707
1,2329,1,78.1552
1,2330,1,77.4564
1,2331,1,80.7736
1,2332,1,79.5264
1,2333,1,80.1492
1,2334,1,81.1701
1,2335,1,81.6973
1,2336,1,83.0287
1,2337,1,83.2129
1,2338,1,91.544
1,2339,1,90.6083
1,2340,1,90.4035
1,2341,1,94.5709
1,2342,1,95.0963
1,2343,1,95.7799
1,2344,1,95.3703
1,2345,1,96.3474
1,2346,1,97.1739
1,2347,1,98.1256
1,2348,1,99.0605
1,2349,1,100.168
1,2350,1,76.9919
1,2351,1,76.0174
1,2352,1,76.553
0,2353,1,75.8143
1,2354,1,76.3789
1,2355,1,76.2928
1,2356,1,80.2017
1,2357,1,80.6355
1,2358,1,85.0626
1,2359,1,84.7864
1,2360,1,83.9302
1,2361,1,89.9444
1,2362,1,85.2076
1,2363,1,86.5925
1,2364,1,87.6999
1,2365,1,89.0695
1,2366,1,89.6995
1,2367,1,92.2173
1,2368,1,92.9473
1,2369,1,92.9001
1,2370,1,92.2433
1,2371,1,91.4776
1,2372,1,92.2953
1,2373,1,93.2556
0,2374,1,93.908
1,2375,1,96.1254
1,2376,1,91.08
1,2377,1,91.5274
1,2378,1,91.9773
1,2379,1,91.9572
1,2380,1,92.552
1,2381,1,93.3606
1,2382,1,90.7055
1,2383,1,90.6768
1,2384,1,91.7538
1,2385,1,93.4836
1,2386,1,94.5132
1,2387,1,88.6568
1,2388,1,88.3092
1,2389,1,86.1068
1,2390,1,85.2847
1,2391,1,83.8497
1,2392,1,83.8416
1,2393,1,82.0482
1,2394,1,79.2586
1,2395,1,78.5688
0,2396,1,80.0865
1,2397,1,81.7724
1,2398,1,81.1283
1,2399,1,82.1388
0,2400,1,83.1381
1,2401,1,83.165
1,2402,1,84.8079
0,2403,1,86.1754
1,2404,1,87.9941
1,2405,1,87.7974
1,2406,1,94.1677
1,2407,1,93.9556
1,2408,1,94.3026
1,2409,1,95.0347
1,2410,1,95.9825
1,2411,1,97.1232
1,2412,1,98.1458
1,2413,1,99.16
1,2414,1,99.4953
1,2415,1,78.7543
1,2416,1,78.0156
1,2417,1,77.5076
1,2418,1,77.1723
1,2419,1,77.1714
0,2420,1,77.3551
1,2421,1,80.1777
1,2422,1,80.0497
1,2423,1,80.7442
1,2424,1,82.3697
0,2425,1,83.5128
1,2426,1,83.7262
1,2427,1,84.1654
1,2428,1,87.4442
1,2429,1,88.0716
1,2430,1,90.0091
1,2431,1,90.7535
1,2432,1,91.8957
1,2433,1,94.0263
1,2434,1,95.3822
0,2435,1,92.6421
1,2436,1,93.7044
1,2437,1,94.0502
1,2438,1,94.6863
0,2439,1,95.9801
1,2440,1,92.4834
1,2441,1,92.435
1,2442,1,93.2842
1,2443,1,94.2547
0,2444,1,95.2188
1,2445,1,94.2368
1,2446,1,94.6976
1,2447,1,92.0955
1,2448,1,93.2868
1,2449,1,93.891
1,2450,1,95.8794
0,2451,1,87.9052
1,2452,1,86.764
1,2453,1,85.6188
1,2454,1,85.0288
0,2455,1,83.4592
1,2456,1,82.4876
1,2457,1,81.5107
1,2458,1,80.5435
1,2459,1,79.6812
1,2460,1,80.2486
1,2461,1,81.049
1,2462,1,83.1925
0,2463,1,82.3539
1,2464,1,84.7332
1,2465,1,84.1044
1,2466,1,85.2882
1,2467,1,86.4492
0,2468,1,87.1237
1,2469,1,88.2454
1,2470,1,89.0647
1,2471,1,92.8482
1,2472,1,93.5682
1,2473,1,94.3002
1,2474,1,95.6632
1,2475,1,89.4269
1,2476,1,98.1661
1,2477,1,80.7649
1,2478,1,80.2229
0,2479,1,79.4797
0,2480,1,78.7404
0,2481,1,77.9969
1,2482,1,80.4961
1,2483,1,78.1317
0,2484,1,94.6012
1,2485,1,79.5387
0,2486,1,84.3932
1,2487,1,83.466
1,2488,1,81.7737
1,2489,1,82.5267
1,2490,1,84.8078
1,2491,1,85.8929
1,2492,1,89.825
1,2493,1,89.2911
1,2494,1,94.3706
1,2495,1,96.4751
0,2496,1,94.3032
1,2497,1,95.5747
1,2498,1,100.742
1,2499,1,100.6
1,2500,1,96.8629
1,2501,1,96.6597
1,2502,1,97.2094
1,2503,1,93.477
0,2504,1,95.6306
1,2505,1,96.2774
1,2506,1,94.9839
1,2507,1,95.1259
1,2508,1,93.7403
1,2509,1,92.9727
1,2510,1,93.0776
1,2511,1,94.9229
1,2512,1,96.1071
1,2513,1,92.1279
1,2514,1,92.64
1,2515,1,92.8229
1,2516,1,86.1252
1,2517,1,86.3085
1,2518,1,83.3908
1,2519,1,82.7016
1,2520,1,81.6834
1,2521,1,80.7936
1,2522,1,81.578
1,2523,1,82.6739
1,2524,1,83.8812
1,2525,1,84.8509
1,2526,1,86.1798
1,2527,1,86.1798
0,2528,1,85.5826
1,2529,1,86.7526
1,2530,1,88.3554
1,2531,1,90.1084
1,2532,1,91.4111
1,2533,1,91.8632
1,2534,1,91.4352
1,2535,1,91.3364
1,2536,1,89.4269
1,2537,1,89.4269
1,2538,1,82.3884
1,2539,1,81.8205
1,2540,1,81.0146
0,2541,1,80.2003
1,2542,1,79.4576
1,2543,1,80.4961
1,2544,1,80.4961
1,2545,1,79.9159
1,2546,1,79.5149
1,2547,1,80.7225
1,2548,1,84.0811
1,2549,1,83.3222
1,2550,1,83.03
1,2551,1,84.123
1,2552,1,87.6987
1,2553,1,86.3612
1,2554,1,91.4577
1,2555,1,91.2799
1,2556,1,96.9007
0,2557,1,94.9211
1,2558,1,95.9977
1,2559,1,96.7798
1,2560,1,99.9962
1,2561,1,99.9666
1,2562,1,97.9449
1,2563,1,96.8912
1,2564,1,94.8101
1,2565,1,94.5848
1,2566,1,96.9474
1,2567,1,96.3699
1,2568,1,96.2038
1,2569,1,96.7512
1,2570,1,94.4155
1,2571,1,96.0683
1,2572,1,101.327
1,2573,1,100.353
1,2574,1,90.8436
1,2575,1,89.1269
1,2576,1,88.1819
1,2577,1,87.2027
0,2578,1,87.1146
1,2579,1,84.116
1,2580,1,84.8389
1,2581,1,82.7036
1,2582,1,81.9049
1,2583,1,81.8933
1,2584,1,83.8971
0,2585,1,83.8971
1,2586,1,84.5542
1,2587,1,93.7646
1,2588,1,93.7646
1,2589,1,86.7635
1,2590,1,87.099
1,2591,1,88.8876
0,2592,1,89.6734
1,2593,1,90.8445
1,2594,1,91.1824
1,2595,1,90.3605
1,2596,1,90.0935
1,2597,1,89.2235
1,2598,1,88.7579
1,2599,1,85.1438
1,2600,1,82.3884
0,2601,1,82.1187
1,2602,1,81.9398
1,2603,1,82.0965
0,2604,1,82.0653
1,2605,1,81.5465
1,2606,1,80.6995
1,2607,1,80.605
1,2608,1,80.8314
1,2609,1,84.9417
1,2610,1,84.1608
1,2611,1,84.5224
1,2612,1,84.5065
1,2613,1,86.841
1,2614,1,86.956
1,2615,1,87.6991
1,2616,1,97.7692
1,2617,1,96.822
1,2618,1,96.2045
1,2619,1,97.5057
0,2620,1,98.1425
1,2621,1,100.731
1,2622,1,101.402
1,2623,1,97.0071
1,2624,1,95.8961
1,2625,1,96.5879
1,2626,1,96.6569
1,2627,1,99.1996
1,2628,1,98.4461
1,2629,1,97.1361
1,2630,1,95.6077
0,2631,1,95.841
1,2632,1,98.6154
1,2633,1,99.5422
1,2634,1,100.028
1,2635,1,89.462
1,2636,1,88.1718
1,2637,1,87.8709
1,2638,1,87.0207
1,2639,1,86.1295
1,2640,1,85.1386
1,2641,1,83.8719
1,2642,1,83.0173
1,2643,1,83.0067
0,2644,1,83.8971
1,2645,1,83.8971
1,2646,1,92.5759
1,2647,1,92.597
1,2648,1,92.7564
1,2649,1,87.9265
0,2650,1,88.4032
1,2651,1,88.1696
1,2652,1,92.8105
1,2653,1,91.8396
0,2654,1,91.0195
1,2655,1,89.6966
1,2656,1,88.8003
1,2657,1,88.1979
1,2658,1,87.3336
1,2659,1,84.8543
1,2660,1,83.5013
1,2661,1,82.9464
1,2662,1,86.1773
1,2663,1,86.2078
1,2664,1,82.7587
1,2665,1,82.6743
1,2666,1,81.6769
1,2667,1,81.7103
1,2668,1,91.0882
1,2669,1,85.8133
1,2670,1,86.3432
1,2671,1,85.765
1,2672,1,86.1423
1,2673,1,85.978
0,2674,1,86.732
1,2675,1,98.4606
1,2676,1,97.4889
1,2677,1,98.0492
1,2678,1,98.4841
1,2679,1,98.939
1,2680,1,100.158
1,2681,1,100.437
1,2682,1,103.433
1,2683,1,104.443
1,2684,1,97.8093
1,2685,1,100.069
1,2686,1,98.5238
1,2687,1,102.151
1,2688,1,97.7466
1,2689,1,99.1264
1,2690,1,97.5322
1,2691,1,97.7944
1,2692,1,93.2428
1,2693,1,91.7071
1,2694,1,90.5696
1,2695,1,89.9304
0,2696,1,88.8227
1,2697,1,88.2881
1,2698,1,86.0794
1,2699,1,85.8022
1,2700,1,85.0242
0,2701,1,84.1302
1,2702,1,86.9186
1,2703,1,86.9186
1,2704,1,93.7096
1,2705,1,93.2668
1,2706,1,91.7165
1,2707,1,91.21
1,2708,1,90.1044
1,2709,1,89.4043
1,2710,1,92.561
1,2711,1,91.7444
1,2712,1,90.4852
1,2713,1,89.5874
1,2714,1,88.6748
1,2715,1,87.5273
1,2716,1,86.2571
1,2717,1,84.9999
1,2718,1,86.3809
1,2719,1,85.0879
1,2720,1,86.1236
1,2721,1,86.9863
1,2722,1,87.3319
1,2723,1,82.7587
1,2724,1,82.7869
1,2725,1,82.8225
1,2726,1,86.9584
1,2727,1,83.2886
1,2728,1,89.0844
1,2729,1,86.3432
1,2730,1,86.5578
1,2731,1,99.5813
1,2732,1,98.6164
1,2733,1,98.4593
1,2734,1,98.9592
1,2735,1,100.47
1,2736,1,100.763
1,2737,1,101.09
1,2738,1,103.16
1,2739,1,99.8283
1,2740,1,100.601
1,2741,1,99.8764
1,2742,1,102.882
1,2743,1,101.616
1,2744,1,100.733
1,2745,1,99.701
0,2746,1,97.3012
1,2747,1,96.4572
1,2748,1,94.4389
1,2749,1,92.7889
1,2750,1,91.7202
1,2751,1,91.3052
1,2752,1,89.9941
0,2753,1,89.3578
1,2754,1,89.4983
1,2755,1,87.5699
1,2756,1,86.3652
1,2757,1,85.6623
1,2758,1,85.806
1,2759,1,85.806
1,2760,1,94.0626
1,2761,1,93.7096
1,2762,1,92.9044
1,2763,1,92.1909
1,2764,1,90.6863
1,2765,1,91.9251
1,2766,1,91.7886
1,2767,1,92.1342
1,2768,1,91.0358
1,2769,1,90.6698
1,2770,1,90.2681
1,2771,1,88.4088
1,2772,1,87.2056
1,2773,1,86.4649
1,2774,1,86.7789
1,2775,1,86.7044
1,2776,1,87.33
1,2777,1,91.2179
1,2778,1,87.3319
1,2779,1,97.1836
1,2780,1,97.2308
1,2781,1,83.7333
0,2782,1,83.9504
1,2783,1,85.7628
1,2784,1,87.9904
1,2785,1,88.3331
1,2786,1,88.76
1,2787,1,100.946
1,2788,1,99.9828
1,2789,1,99.472
1,2790,1,101.273
1,2791,1,102.255
1,2792,1,104.892
1,2793,1,104.738
1,2794,1,103.76
1,2795,1,101.127
1,2796,1,114.197
1,2797,1,103.99
1,2798,1,102.411
1,2799,1,101.313
1,2800,1,100.39
1,2801,1,98.7246
1,2802,1,97.6707
1,2803,1,96.5513
0,2804,1,95.2335
1,2805,1,92.9007
0,2806,1,92.7427
1,2807,1,91.285
1,2808,1,90.5038
1,2809,1,90.1114
1,2810,1,117.467
1,2811,1,118.342
1,2812,1,87.5726
1,2813,1,86.3547
1,2814,1,94.9502
1,2815,1,94.7131
1,2816,1,94.47
1,2817,1,93.4109
1,2818,1,92.4716
0,2819,1,91.9251
1,2820,1,91.9251
1,2821,1,93.2502
1,2822,1,92.5064
1,2823,1,91.7588
1,2824,1,91.0211
1,2825,1,89.6908
1,2826,1,88.9063
1,2827,1,88.4118
1,2828,1,88.4859
1,2829,1,88.0608
1,2830,1,88.4596
1,2831,1,89.7542
1,2832,1,92.5465
1,2833,1,92.5448
0,2834,1,96.8123
1,2835,1,96.3961
1,2836,1,95.6557
1,2837,1,85.0594
1,2838,1,86.0429
1,2839,1,87.1763
1,2840,1,102.114
1,2841,1,104.152
1,2842,1,100.568
1,2843,1,101.269
0,2844,1,102.243
0,2845,1,103.86
1,2846,1,104.077
1,2847,1,111.023
1,2848,1,112.129
1,2849,1,112.85
1,2850,1,114.492
1,2851,1,114.92
0,2852,1,101.326
1,2853,1,100.518
1,2854,1,99.8246
1,2855,1,99.4377
1,2856,1,97.7756
1,2857,1,97.2271
1,2858,1,110.833
1,2859,1,119.735
1,2860,1,118.762
1,2861,1,117.787
1,2862,1,116.815
1,2863,1,116.723
1,2864,1,117.711
1,2865,1,88.3532
1,2866,1,87.6582
1,2867,1,88.1904
1,2868,1,88.1904
1,2869,1,95.792
1,2870,1,95.5547
1,2871,1,95.3173
1,2872,1,98.217
1,2873,1,95.9791
1,2874,1,95.9791
1,2875,1,93.9707
0,2876,1,93.2269
1,2877,1,92.4837
1,2878,1,92.6331
1,2879,1,92.4307
1,2880,1,91.8142
1,2881,1,89.4381
1,2882,1,89.7802
1,2883,1,88.9713
1,2884,1,89.4374
1,2885,1,89.9444
0,2886,1,93.3104
1,2887,1,93.6661
1,2888,1,98.6768
1,2889,1,95.5748
1,2890,1,94.7761
1,2891,1,86.1615
1,2892,1,87.0709
1,2893,1,105.258
1,2894,1,104.992
1,2895,1,98.4831
1,2896,1,97.6557
0,2897,1,95.8257
0,2898,1,95.2436
1,2899,1,93.2072
1,2900,1,93.3164
1,2901,1,97.9584
1,2902,1,96.716
1,2903,1,93.9048
0,2904,1,97.8485
1,2905,1,97.995
1,2906,1,41.2463
1,2907,1,39.803
1,2908,1,41.591
1,2909,1,38.0058
0,2910,1,39.9804
0,2911,1,40.5528
1,2912,1,35.0527
0,2913,1,35.8892
1,2914,1,40.128
1,2915,1,40.5838
1,2916,1,44.7015
1,2917,1,33.9395
1,2918,1,39.8866
1,2919,1,39.6551
0,2920,1,40.0117
1,2921,1,41.0441
1,2922,1,31.4679
0,2923,1,32.4205
1,2924,1,37.7764
1,2925,1,38.6178
1,2926,1,37.7356
1,2927,1,39.7572
1,2928,1,39.9782
1,2929,1,41.7661
1,2930,1,42.1892
1,2931,1,43.3624
1,2932,1,44.3579
1,2933,1,46.7078
0,2934,1,76.9028
1,2935,1,56.0381
0,2936,1,75.0004
0,2937,1,72.7979
0,2938,1,72.9636
0,2939,1,73.031
0,2940,1,70.0832
0,2941,1,70.2068
0,2942,1,71.9622
0,2943,1,73.2589
0,2944,1,76.4222
0,2945,1,80.928
1,2946,1,79.6178
0,2947,1,79.7072
0,2948,1,29.9121
0,2949,1,30.3094
0,2950,1,33.596
1,2951,1,37.2238
1,2952,1,36.2371
1,2953,1,35.0888
1,2954,1,38.4248
1,2955,1,38.775
1,2956,1,39.9976
1,2957,1,41.3634
0,2958,1,41.6423
0,2959,1,45.3403
1,2960,1,45.8346
0,2961,1,46.5297
0,2962,1,76.5765
0,2963,1,75.8876
0,2964,1,74.409
0,2965,1,73.2032
0,2966,1,72.1301
0,2967,1,70.6284
0,2968,1,68.9739
0,2969,1,70.7205
0,2970,1,71.5632
0,2971,1,73.2313
0,2972,1,75.6761
1,2973,1,75.85
0,2974,1,79.0673
1,2975,1,78.7508
1,2976,1,80.643
1,2977,1,78.1755
1,2978,1,77.2354
1,2979,1,77.7173
0,2980,1,27.7485
0,2981,1,28.7176
1,2982,1,29.6871
1,2983,1,30.6562
1,2984,1,31.6291
1,2985,1,32.6006
1,2986,1,33.5702
1,2987,1,34.5588
0,2988,1,35.5106
1,2989,1,37.2091
1,2990,1,42.5547
0,2991,1,42.4519
0,2992,1,44.3781
0,2993,1,46.3677
0,2994,1,48.2632
1,2995,1,48.6074
1,2996,1,51.0338
1,2997,1,75.601
1,2998,1,73.8011
0,2999,1,72.9317
0,3000,1,68.8544
0,3001,1,67.9918
0,3002,1,67.8671
1,3003,1,69.0177
0,3004,1,69.8225
0,3005,1,73.1802
1,3006,1,73.8778
1,3007,1,76.1161
1,3008,1,76.9502
1,3009,1,78.5183
1,3010,1,79.6741
0,3011,1,76.2887
0,3012,1,76.0504
0,3013,1,28.2787
0,3014,1,30.2042
1,3015,1,30.0318
1,3016,1,30.9084
0,3017,1,32.46
1,3018,1,34.4776
1,3019,1,34.1506
0,3020,1,35.6247
1,3021,1,35.3952
1,3022,1,36.4625
1,3023,1,37.3055
0,3024,1,38.0128
1,3025,1,39.6567
1,3026,1,43.5697
1,3027,1,44.1792
0,3028,1,45.7393
0,3029,1,47.2032
1,3030,1,48.6062
1,3031,1,50.1389
1,3032,1,74.8514
0,3033,1,75.2447
0,3034,1,73.9826
0,3035,1,69.0565
0,3036,1,67.4531
0,3037,1,66.7583
0,3038,1,68.5637
0,3039,1,69.1502
0,3040,1,70.8345
0,3041,1,75.4246
1,3042,1,75.5041
1,3043,1,76.8612
1,3044,1,78.4381
1,3045,1,79.7428
0,3046,1,81.5139
1,3047,1,78.363
1,3048,1,24.7427
0,3049,1,29.9569
1,3050,1,31.2163
1,3051,1,28.6701
1,3052,1,31.9092
1,3053,1,34.2078
1,3054,1,33.2686
0,3055,1,34.0056
0,3056,1,34.5757
0,3057,1,36.2733
0,3058,1,37.3978
1,3059,1,38.7434
0,3060,1,38.5321
1,3061,1,40.3312
0,3062,1,40.2114
1,3063,1,44.3269
0,3064,1,45.1456
0,3065,1,46.4199
0,3066,1,48.1965
0,3067,1,48.8866
0,3068,1,50.2539
1,3069,1,53.5437
0,3070,1,76.1895
0,3071,1,76.1375
0,3072,1,65.7963
0,3073,1,65.564
1,3074,1,65.6512
0,3075,1,67.5782
1,3076,1,68.4174
1,3077,1,71.6979
0,3078,1,71.2798
0,3079,1,76.6389
0,3080,1,76.9225
1,3081,1,78.294
1,3082,1,73.7306
1,3083,1,73.3723
0,3084,1,73.2211
1,3085,1,73.1413
1,3086,1,30.9771
1,3087,1,30.3598
1,3088,1,28.6795
1,3089,1,27.5886
1,3090,1,28.3808
0,3091,1,30.1035
1,3092,1,32.3557
1,3093,1,34.114
0,3094,1,34.857
0,3095,1,40.3544
0,3096,1,40.6319
0,3097,1,39.9181
0,3098,1,39.9269
1,3099,1,40.8345
1,3100,1,46.5431
0,3101,1,46.6227
0,3102,1,54.3296
0,3103,1,50.8564
0,3104,1,51.7651
0,3105,1,52.6109
1,3106,1,53.3907
1,3107,1,66.487
1,3108,1,66.3767
1,3109,1,64.7991
0,3110,1,64.5434
1,3111,1,65.153
1,3112,1,67.1331
0,3113,1,69.8078
1,3114,1,68.7135
0,3115,1,67.632
1,3116,1,69.294
1,3117,1,78.7189
0,3118,1,79.1621
1,3119,1,71.6844
0,3120,1,72.53
1,3121,1,72.2893
1,3122,1,72.1
1,3123,1,22.164
1,3124,1,23.0551
1,3125,1,24.9238
1,3126,1,26.2763
0,3127,1,26.5137
1,3128,1,28.6542
0,3129,1,29.2793
0,3130,1,31.1335
0,3131,1,36.0254
0,3132,1,36.5284
0,3133,1,43.3553
1,3134,1,42.1636
0,3135,1,41.9531
0,3136,1,41.5694
1,3137,1,40.9575
1,3138,1,42.8232
1,3139,1,48.1566
1,3140,1,47.8032
1,3141,1,48.4325
0,3142,1,49.277
0,3143,1,49.2258
1,3144,1,49.9044
1,3145,1,49.9017
0,3146,1,49.9017
1,3147,1,65.5603
1,3148,1,65.0798
1,3149,1,63.5859
1,3150,1,63.4818
1,3151,1,65.355
0,3152,1,66.6781
1,3153,1,65.4422
0,3154,1,66.572
1,3155,1,67.4032
1,3156,1,68.1778
1,3157,1,69.007
0,3158,1,70.2304
1,3159,1,70.6519
1,3160,1,72.4642
1,3161,1,70.4719
1,3162,1,76.2127
1,3163,1,75.7887
1,3164,1,22.725
1,3165,1,23.8381
1,3166,1,23.3322
0,3167,1,24.8933
0,3168,1,25.5136
1,3169,1,26.151
1,3170,1,27.4649
1,3171,1,29.892
0,3172,1,32.0964
1,3173,1,32.8081
0,3174,1,33.7666
1,3175,1,34.4047
0,3176,1,43.62
1,3177,1,43.8907
0,3178,1,43.0027
1,3179,1,42.5003
1,3180,1,42.9648
1,3181,1,48.1797
1,3182,1,47.2482
1,3183,1,47.6757
1,3184,1,49.49
1,3185,1,48.1426
1,3186,1,49.1862
1,3187,1,49.803
0,3188,1,51.4164
0,3189,1,63.8086
1,3190,1,64.7652
0,3191,1,63.1895
0,3192,1,62.9738
1,3193,1,63.7614
1,3194,1,63.3102
1,3195,1,64.4634
1,3196,1,65.0082
0,3197,1,66.1957
1,3198,1,68.9837
0,3199,1,69.8404
1,3200,1,69.2572
0,3201,1,71.3564
1,3202,1,68.8028
1,3203,1,69.4959
1,3204,1,74.1568
1,3205,1,74.5373
1,3206,1,74.1379
1,3207,1,17.8664
1,3208,1,19.7408
1,3209,1,20.4858
0,3210,1,27.0324
1,3211,1,25.9709
1,3212,1,26.8211
0,3213,1,27.2543
0,3214,1,29.6495
0,3215,1,29.1311
1,3216,1,30.4738
0,3217,1,31.5752
1,3218,1,32.475
0,3219,1,33.2855
1,3220,1,34.3866
0,3221,1,45.0619
1,3222,1,44.5089
1,3223,1,43.6992
1,3224,1,39.361
1,3225,1,40.1518
0,3226,1,45.9883
1,3227,1,47.3063
1,3228,1,47.7226
1,3229,1,49.803
1,3230,1,49.803
0,3231,1,50.8588
1,3232,1,51.6998
0,3233,1,62.5284
0,3234,1,62.1178
1,3235,1,63.4925
0,3236,1,61.9194
1,3237,1,62.838
1,3238,1,64.1948
1,3239,1,63.8106
0,3240,1,64.6373
1,3241,1,65.6818
1,3242,1,67.1644
0,3243,1,67.5424
1,3244,1,66.413
1,3245,1,67.8744
1,3246,1,67.5982
1,3247,1,72.8602
1,3248,1,73.208
1,3249,1,72.6965
1,3250,1,79.0464
0,3251,1,18.5202
0,3252,1,19.106
0,3253,1,20.2328
0,3254,1,22.4934
0,3255,1,28.5351
0,3256,1,27.3983
0,3257,1,28.0903
1,3258,1,29.3587
0,3259,1,27.2685
0,3260,1,28.2388
1,3261,1,30.9136
1,3262,1,32.171
1,3263,1,33.6904
1,3264,1,34.2806
0,3265,1,34.4746
0,3266,1,35.3263
1,3267,1,37.1249
1,3268,1,38.5634
1,3269,1,41.4367
1,3270,1,41.162
1,3271,1,44.8977
1,3272,1,45.5587
1,3273,1,46.3043
1,3274,1,48.6249
1,3275,1,49.4633
1,3276,1,55.2951
1,3277,1,55.7275
0,3278,1,61.6173
1,3279,1,60.5638
0,3280,1,60.5221
1,3281,1,61.3782
1,3282,1,62.6057
1,3283,1,62.2371
1,3284,1,63.4159
1,3285,1,64.1555
1,3286,1,65.0588
1,3287,1,66.315
1,3288,1,67.8539
1,3289,1,65.7931
1,3290,1,66.674
1,3291,1,71.408
1,3292,1,71.883
1,3293,1,71.4725
1,3294,1,70.9414
1,3295,1,72.0248
1,3296,1,77.7786
0,3297,1,14.764
0,3298,1,18.9404
0,3299,1,18.6246
0,3300,1,19.4605
0,3301,1,20.1679
0,3302,1,28.868
1,3303,1,28.6448
1,3304,1,29.3509
1,3305,1,29.8714
1,3306,1,26.3206
0,3307,1,26.9809
1,3308,1,32.9343
1,3309,1,31.995
1,3310,1,34.5634
1,3311,1,35.3632
1,3312,1,37.2337
1,3313,1,36.5286
1,3314,1,38.3559
1,3315,1,43.6331
1,3316,1,42.7165
0,3317,1,43.9504
0,3318,1,42.6872
1,3319,1,44.1901
1,3320,1,46.3864
0,3321,1,47.2275
0,3322,1,48.59
0,3323,1,49.5941
1,3324,1,54.1147
1,3325,1,53.609
1,3326,1,54.2808
1,3327,1,60.1056
1,3328,1,59.5367
1,3329,1,59.9705
1,3330,1,61.0866
1,3331,1,64.5519
0,3332,1,64.5781
1,3333,1,63.9693
1,3334,1,62.0913
1,3335,1,63.3756
1,3336,1,63.3154
1,3337,1,64.1613
1,3338,1,65.0628
1,3339,1,70.4396
1,3340,1,70.9033
1,3341,1,69.8235
1,3342,1,70.17
1,3343,1,71.1446
1,3344,1,71.732
1,3345,1,76.0429
1,3346,1,15.2648
1,3347,1,16.2619
1,3348,1,18.0993
0,3349,1,17.876
1,3350,1,18.647
0,3351,1,29.0912
0,3352,1,29.5792
1,3353,1,24.3591
1,3354,1,24.3987
1,3355,1,25.4906
1,3356,1,26.4883
1,3357,1,26.2541
1,3358,1,39.1355
1,3359,1,39.1355
0,3360,1,38.6197
0,3361,1,37.7791
1,3362,1,39.6801
1,3363,1,38.1737
1,3364,1,40.9867
1,3365,1,42.1041
1,3366,1,42.6083
0,3367,1,43.9907
1,3368,1,44.1518
1,3369,1,44.7908
1,3370,1,47.8497
1,3371,1,52.7566
0,3372,1,50.8154
1,3373,1,51.653
1,3374,1,52.3792
1,3375,1,52.5802
1,3376,1,58.4322
1,3377,1,58.6299
0,3378,1,59.4222
1,3379,1,60.0609
1,3380,1,59.5728
1,3381,1,60.7298
1,3382,1,60.5886
1,3383,1,62.0913
1,3384,1,61.9099
1,3385,1,63.7064
1,3386,1,64.4115
1,3387,1,69.6499
1,3388,1,69.4693
1,3389,1,68.3767
1,3390,1,68.8075
1,3391,1,69.5818
1,3392,1,70.0731
1,3393,1,72.1334
1,3394,1,71.6046
1,3395,1,72.4945
1,3396,1,13.3447
1,3397,1,14.1038
0,3398,1,15.902
0,3399,1,16.1648
1,3400,1,19.2714
1,3401,1,19.036
0,3402,1,19.6003
0,3403,1,22.6615
1,3404,1,22.8352
1,3405,1,23.742
0,3406,1,29.1279
0,3407,1,29.2183
1,3408,1,28.7464
0,3409,1,31.6072
1,3410,1,47.956
1,3411,1,47.9191
0,3412,1,46.3091
1,3413,1,39.419
1,3414,1,39.1262
1,3415,1,40.3711
1,3416,1,41.211
1,3417,1,43.9589
1,3418,1,43.5066
1,3419,1,45.6584
1,3420,1,53.1722
1,3421,1,51.5145
1,3422,1,50.3407
1,3423,1,50.3571
1,3424,1,51.2025
1,3425,1,57.3549
1,3426,1,56.7145
1,3427,1,57.2333
1,3428,1,57.7018
1,3429,1,58.4464
1,3430,1,58.609
0,3431,1,58.7919
1,3432,1,59.7386
0,3433,1,61.2401
1,3434,1,61.5145
1,3435,1,65.4136
1,3436,1,65.9105
1,3437,1,67.8078
1,3438,1,66.9195
1,3439,1,67.3967
1,3440,1,67.9326
0,3441,1,68.4577
1,3442,1,69.3962
1,3443,1,70.4311
1,3444,1,71.2725
1,3445,1,74.6374
1,3446,1,74.544
1,3447,1,14.2146
0,3448,1,15.4194
0,3449,1,15.7742
0,3450,1,16.3567
1,3451,1,18.0766
0,3452,1,18.7957
0,3453,1,20.6617
0,3454,1,20.9606
1,3455,1,21.4468
0,3456,1,22.791
1,3457,1,27.7826
0,3458,1,27.8719
1,3459,1,28.1372
1,3460,1,31.0382
1,3461,1,31.6072
0,3462,1,47.8748
1,3463,1,46.499
1,3464,1,45.2968
1,3465,1,44.6166
1,3466,1,40.4569
1,3467,1,40.7699
1,3468,1,41.2465
1,3469,1,45.0771
1,3470,1,45.5524
1,3471,1,49.0634
1,3472,1,48.4029
1,3473,1,47.3154
0,3474,1,48.806
0,3475,1,48.9475
1,3476,1,49.8334
1,3477,1,50.7188
1,3478,1,57.683
0,3479,1,55.6499
1,3480,1,55.2098
0,3481,1,56.4896
1,3482,1,56.5545
1,3483,1,57.5807
1,3484,1,58.5971
1,3485,1,59.7119
1,3486,1,61.5145
1,3487,1,62.1033
1,3488,1,62.5441
1,3489,1,63.9977
0,3490,1,64.4187
1,3491,1,65.3577
1,3492,1,66.6621
1,3493,1,67.5446
1,3494,1,70.4175
1,3495,1,70.1237
1,3496,1,70.3467
1,3497,1,72.4505
1,3498,1,76.022
1,3499,1,75.835
1,3500,1,76.2076
1,3501,1,18.323
1,3502,1,18.3612
1,3503,1,15.0033
0,3504,1,18.4787
1,3505,1,17.6738
1,3506,1,16.8006
1,3507,1,18.3196
0,3508,1,19.4305
1,3509,1,19.9555
1,3510,1,22.3299
1,3511,1,22.3818
0,3512,1,27.151
1,3513,1,26.1188
1,3514,1,26.832
1,3515,1,29.6613
1,3516,1,31.1735
0,3517,1,32.4298
1,3518,1,35.2008
1,3519,1,45.235
1,3520,1,43.5315
1,3521,1,41.6925
1,3522,1,41.7206
1,3523,1,44.4793
1,3524,1,46.0789
1,3525,1,46.5374
1,3526,1,44.8249
0,3527,1,45.5603
1,3528,1,46.4952
1,3529,1,48.9185
0,3530,1,49.1072
1,3531,1,50.2566
1,3532,1,51.3953
1,3533,1,52.0369
0,3534,1,53.1869
1,3535,1,54.3016
1,3536,1,55.1551
1,3537,1,56.2838
1,3538,1,58.7512
1,3539,1,58.5048
1,3540,1,59.4427
1,3541,1,60.3814
1,3542,1,61.3201
1,3543,1,62.3334
1,3544,1,63.1977
1,3545,1,67.3922
1,3546,1,67.1123
1,3547,1,67.105
1,3548,1,68.2729
1,3549,1,68.6115
1,3550,1,70.4678
1,3551,1,73.8045
1,3552,1,73.8045
1,3553,1,73.3834
1,3554,1,76.8295
1,3555,1,77.9474
1,3556,1,77.5713
1,3557,1,17.5285
1,3558,1,17.837
1,3559,1,18.6422
1,3560,1,21.5043
1,3561,1,20.3165
0,3562,1,17.4522
1,3563,1,17.8857
0,3564,1,17.9995
1,3565,1,19.6511
1,3566,1,20.6923
0,3567,1,22.8188
1,3568,1,23.547
0,3569,1,24.6574
0,3570,1,27.861
0,3571,1,27.9228
0,3572,1,28.3525
1,3573,1,30.2881
0,3574,1,33.4203
1,3575,1,33.4723
1,3576,1,33.7648
1,3577,1,42.1325
1,3578,1,42.7362
1,3579,1,42.2713
1,3580,1,43.4944
0,3581,1,43.0413
1,3582,1,43.3597
1,3583,1,44.0814
1,3584,1,44.8033
0,3585,1,46.0144
1,3586,1,50.398
1,3587,1,55.5467
1,3588,1,54.7127
1,3589,1,53.5437
0,3590,1,53.813
1,3591,1,54.927
1,3592,1,55.3633
1,3593,1,56.3408
1,3594,1,57.2829
1,3595,1,59.586
1,3596,1,61.0316
1,3597,1,61.3518
1,3598,1,62.1131
1,3599,1,64.101
1,3600,1,64.9473
1,3601,1,66.1735
1,3602,1,68.1101
1,3603,1,68.5447
1,3604,1,71.2001
1,3605,1,72.362
1,3606,1,72.8616
1,3607,1,73.8045
1,3608,1,78.0586
1,3609,1,77.9082
1,3610,1,78.0553
1,3611,1,78.6246
1,3612,1,82.6986
1,3613,1,17.8205
0,3614,1,18.5809
1,3615,1,26.0607
0,3616,1,26.9067
0,3617,1,27.2891
1,3618,1,22.9989
1,3619,1,19.3759
1,3620,1,19.6004
1,3621,1,20.4844
1,3622,1,19.4675
1,3623,1,21.6025
0,3624,1,23.132
1,3625,1,23.1706
0,3626,1,24.973
0,3627,1,26.3349
1,3628,1,27.9547
0,3629,1,28.6877
1,3630,1,31.1746
1,3631,1,31.9011
1,3632,1,41.0137
1,3633,1,40.8636
1,3634,1,41.0122
1,3635,1,42.6428
0,3636,1,41.3041
0,3637,1,41.1718
1,3638,1,41.894
1,3639,1,42.6167
1,3640,1,43.3387
1,3641,1,47.0648
1,3642,1,47.9085
0,3643,1,48.754
1,3644,1,49.49
1,3645,1,56.2604
1,3646,1,56.0244
1,3647,1,53.9028
1,3648,1,54.1777
1,3649,1,55.9231
1,3650,1,56.3347
1,3651,1,56.8153
1,3652,1,59.9636
1,3653,1,59.9015
1,3654,1,60.475
1,3655,1,61.3994
1,3656,1,63.6213
1,3657,1,63.6964
1,3658,1,65.3971
1,3659,1,65.3971
1,3660,1,71.1059
1,3661,1,69.9218
1,3662,1,70.708
1,3663,1,71.7524
1,3664,1,72.8887
1,3665,1,77.0599
1,3666,1,81.0548
1,3667,1,79.262
1,3668,1,78.9976
1,3669,1,79.0333
1,3670,1,79.9147
1,3671,1,80.7025
0,3672,1,25.9087
1,3673,1,29.1598
1,3674,1,23.7688
1,3675,1,22.6561
1,3676,1,21.5876
1,3677,1,21.7285
0,3678,1,23.3951
0,3679,1,24.3879
0,3680,1,26.567
1,3681,1,27.6117
0,3682,1,28.7444
1,3683,1,30.9708
1,3684,1,31.8475
1,3685,1,40.1179
1,3686,1,39.5914
1,3687,1,40.0018
1,3688,1,40.812
1,3689,1,40.3361
1,3690,1,40.429
0,3691,1,42.3603
1,3692,1,43.4997
1,3693,1,45.675
1,3694,1,46.5159
1,3695,1,47.3575
1,3696,1,49.1526
1,3697,1,49.6348
1,3698,1,50.1049
1,3699,1,56.2604
1,3700,1,60.9084
1,3701,1,58.6665
1,3702,1,57.032
1,3703,1,57.1304
0,3704,1,57.7818
1,3705,1,58.9079
1,3706,1,60.4935
1,3707,1,62.632
1,3708,1,61.6455
1,3709,1,64.9735
1,3710,1,64.7053
1,3711,1,66.3231
1,3712,1,66.6553
1,3713,1,71.1059
1,3714,1,70.6911
1,3715,1,70.9725
1,3716,1,77.6991
1,3717,1,77.03
1,3718,1,76.5989
0,3719,1,81.2663
1,3720,1,80.2106
1,3721,1,85.4849
1,3722,1,84.5951
1,3723,1,81.1121
1,3724,1,23.7723
1,3725,1,25.9403
1,3726,1,25.6509
1,3727,1,25.1015
1,3728,1,23.4242
1,3729,1,27.0109
0,3730,1,26.9244
1,3731,1,21.9433
1,3732,1,22.5952
1,3733,1,22.8479
0,3734,1,24.0687
1,3735,1,24.8699
1,3736,1,26.1429
1,3737,1,28.2484
0,3738,1,37.3931
0,3739,1,36.0895
1,3740,1,32.1278
1,3741,1,40.4804
1,3742,1,38.126
1,3743,1,39.6396
0,3744,1,38.2413
1,3745,1,39.3669
1,3746,1,39.6865
1,3747,1,43.0782
1,3748,1,45.2848
0,3749,1,45.1184
1,3750,1,45.9595
1,3751,1,47.7458
1,3752,1,49.6637
0,3753,1,50.5054
1,3754,1,50.5689
1,3755,1,60.9084
1,3756,1,60.9084
1,3757,1,59.0598
1,3758,1,58.5177
1,3759,1,58.2376
1,3760,1,58.7484
1,3761,1,60.1791
1,3762,1,61.6591
1,3763,1,62.7604
1,3764,1,65.0676
1,3765,1,66.3903
1,3766,1,66.5145
1,3767,1,66.9452
1,3768,1,68.1703
1,3769,1,76.7931
1,3770,1,76.6489
1,3771,1,71.9965
1,3772,1,73.9804
1,3773,1,74.8686
1,3774,1,75.8904
1,3775,1,76.2048
1,3776,1,81.2948
1,3777,1,81.4804
1,3778,1,25.2167
0,3779,1,28.6705
1,3780,1,27.1466
1,3781,1,27.0734
1,3782,1,25.3379
1,3783,1,24.2676
1,3784,1,23.2734
0,3785,1,23.8394
1,3786,1,23.9998
0,3787,1,25.9575
1,3788,1,27.1071
1,3789,1,24.011
1,3790,1,26.9252
1,3791,1,24.2256
0,3792,1,25.9406
1,3793,1,26.7807
1,3794,1,27.8796
1,3795,1,37.9588
1,3796,1,34.826
1,3797,1,35.576
0,3798,1,39.4992
1,3799,1,37.2974
1,3800,1,36.7757
1,3801,1,37.501
1,3802,1,40.4748
1,3803,1,41.7013
1,3804,1,42.5374
1,3805,1,45.8165
1,3806,1,45.9267
1,3807,1,46.834
0,3808,1,47.681
1,3809,1,49.0964
1,3810,1,49.9473
1,3811,1,51.6251
1,3812,1,51.6251
1,3813,1,52.2987
1,3814,1,60.0889
1,3815,1,59.5948
1,3816,1,59.3435
1,3817,1,60.4571
1,3818,1,60.1954
1,3819,1,60.7676
1,3820,1,64.2564
1,3821,1,64.2526
1,3822,1,65.2167
1,3823,1,66.8026
1,3824,1,67.8744
1,3825,1,68.691
1,3826,1,75.3592
1,3827,1,75.4576
1,3828,1,74.1599
1,3829,1,73.4307
1,3830,1,74.0308
1,3831,1,77.9218
1,3832,1,78.2211
1,3833,1,88.0546
1,3834,1,26.9314
1,3835,1,26.7964
1,3836,1,27.558
1,3837,1,29.8204
1,3838,1,26.7833
1,3839,1,26.2863
1,3840,1,25.4561
1,3841,1,25.2678
1,3842,1,25.1803
1,3843,1,25.3935
1,3844,1,26.0064
1,3845,1,27.6377
1,3846,1,25.2085
0,3847,1,25.0847
1,3848,1,27.9779
1,3849,1,25.2551
1,3850,1,25.5354
1,3851,1,27.1846
1,3852,1,33.1589
0,3853,1,33.3616
1,3854,1,33.1901
1,3855,1,33.4355
1,3856,1,34.5887
1,3857,1,35.3093
1,3858,1,37.2348
1,3859,1,37.9922
1,3860,1,38.6066
1,3861,1,41.9174
1,3862,1,42.416
1,3863,1,48.7112
1,3864,1,47.5461
1,3865,1,47.3543
1,3866,1,47.6007
1,3867,1,49.0155
1,3868,1,49.0447
0,3869,1,49.8761
1,3870,1,51.3512
1,3871,1,52.581
1,3872,1,60.3476
1,3873,1,60.4495
1,3874,1,60.3885
1,3875,1,62.6634
1,3876,1,61.6425
1,3877,1,62.7894
1,3878,1,64.4552
1,3879,1,65.6864
1,3880,1,66.1875
1,3881,1,71.2844
1,3882,1,72.0891
1,3883,1,72.0891
1,3884,1,75.3243
1,3885,1,74.7025
1,3886,1,76.1911
1,3887,1,76.0988
1,3888,1,76.8978
1,3889,1,76.5529
1,3890,1,28.7317
1,3891,1,27.7854
1,3892,1,28.1952
1,3893,1,28.5113
1,3894,1,27.7301
1,3895,1,26.7574
1,3896,1,26.719
1,3897,1,26.2531
1,3898,1,28.6539
1,3899,1,27.8174
1,3900,1,27.3944
1,3901,1,26.5789
0,3902,1,26.7754
1,3903,1,26.0372
1,3904,1,27.5874
1,3905,1,26.5185
1,3906,1,26.6348
1,3907,1,26.9149
1,3908,1,31.6257
1,3909,1,31.9769
1,3910,1,31.3992
1,3911,1,33.495
1,3912,1,33.8433
1,3913,1,35.7364
1,3914,1,36.4748
1,3915,1,37.4934
1,3916,1,39.5772
1,3917,1,42.6789
1,3918,1,43.4
1,3919,1,44.6851
1,3920,1,48.4427
1,3921,1,48.3732
1,3922,1,48.7982
1,3923,1,47.6503
1,3924,1,48.4874
1,3925,1,49.3309
1,3926,1,50.1711
1,3927,1,50.814
1,3928,1,63.5427
1,3929,1,61.4559
1,3930,1,61.5561
1,3931,1,63.17
1,3932,1,63.2142
1,3933,1,62.9005
1,3934,1,63.0903
1,3935,1,65.4666
0,3936,1,65.9652
1,3937,1,70.3529
1,3938,1,70.3677
1,3939,1,71.9691
1,3940,1,71.4364
1,3941,1,71.1389
1,3942,1,72.0127
1,3943,1,75.1945
1,3944,1,74.7617
1,3945,1,29.371
1,3946,1,28.8245
1,3947,1,29.9853
1,3948,1,29.8363
1,3949,1,29.2106
1,3950,1,28.1283
1,3951,1,32.0768
0,3952,1,27.7862
1,3953,1,27.16
1,3954,1,29.6019
1,3955,1,28.9999
1,3956,1,29.6665
1,3957,1,28.6493
1,3958,1,27.6154
0,3959,1,27.757
1,3960,1,30.8837
1,3961,1,28.1741
1,3962,1,28.0221
1,3963,1,28.3922
1,3964,1,30.1507
0,3965,1,31.4624
1,3966,1,32.3202
1,3967,1,33.9506
1,3968,1,34.5297
1,3969,1,35.7202
1,3970,1,38.1768
1,3971,1,39.0082
1,3972,1,40.0359
1,3973,1,40.9877
1,3974,1,44.1307
1,3975,1,44.5552
1,3976,1,47.0612
1,3977,1,46.5702
1,3978,1,47.0919
1,3979,1,47.9338
1,3980,1,48.7754
1,3981,1,49.6879
1,3982,1,50.2779
0,3983,1,63.7444
1,3984,1,63.5356
1,3985,1,62.7239
1,3986,1,64.1392
1,3987,1,64.5997
1,3988,1,64.5726
1,3989,1,64.3338
1,3990,1,64.7665
1,3991,1,65.6997
1,3992,1,67.213
1,3993,1,68.9512
1,3994,1,68.8666
1,3995,1,70.3675
1,3996,1,70.7852
1,3997,1,71.7517
1,3998,1,72.6926
1,3999,1,30.7813
1,4000,1,30.3091
1,4001,1,35.9981
1,4002,1,31.5838
1,4003,1,31.2804
1,4004,1,31.6116
1,4005,1,30.9456
1,4006,1,31.4488
1,4007,1,28.6841
1,4008,1,33.9851
1,4009,1,30.0395
1,4010,1,31.5973
1,4011,1,31.3131
1,4012,1,29.2353
1,4013,1,31.361
1,4014,1,29.7116
1,4015,1,29.4368
1,4016,1,37.3626
0,4017,1,29.1758
0,4018,1,29.9674
0,4019,1,29.9558
1,4020,1,31.1996
1,4021,1,32.4766
1,4022,1,33.7134
1,4023,1,35.581
1,4024,1,36.7862
1,4025,1,37.6256
1,4026,1,38.5356
1,4027,1,41.5016
1,4028,1,41.5508
1,4029,1,41.7248
1,4030,1,43.9949
1,4031,1,44.834
1,4032,1,45.6172
1,4033,1,46.5367
1,4034,1,47.3739
1,4035,1,48.2201
1,4036,1,49.0617
1,4037,1,64.9757
1,4038,1,64.9757
1,4039,1,64.7004
1,4040,1,63.7755
1,4041,1,64.6945
1,4042,1,65.7347
1,4043,1,66.337
1,4044,1,65.8846
1,4045,1,66.3982
1,4046,1,66.2649
1,4047,1,67.6152
1,4048,1,68.1453
1,4049,1,68.6817
1,4050,1,69.6391
1,4051,1,72.4225
1,4052,1,72.9113
1,4053,1,40.4964
1,4054,1,39.9829
1,4055,1,40.0729
1,4056,1,35.2532
1,4057,1,34.7598
0,4058,1,31.3793
1,4059,1,32.8879
1,4060,1,33.4232
0,4061,1,33.1525
1,4062,1,33.3991
1,4063,1,33.6886
1,4064,1,35.2758
1,4065,1,31.915
1,4066,1,30.6942
1,4067,1,43.0002
1,4068,1,30.4856
1,4069,1,30.4837
1,4070,1,30.1997
1,4071,1,35.9403
0,4072,1,31.7254
0,4073,1,31.9531
0,4074,1,31.5276
1,4075,1,31.3819
1,4076,1,32.6807
1,4077,1,34.0919
1,4078,1,35.267
1,4079,1,36.1757
1,4080,1,39.6686
1,4081,1,39.8478
1,4082,1,40.1128
1,4083,1,40.9911
1,4084,1,42.5963
1,4085,1,43.4336
1,4086,1,44.2743
1,4087,1,45.1128
1,4088,1,45.6172
0,4089,1,46.8231
1,4090,1,47.6558
1,4091,1,59.7532
1,4092,1,60.0282
1,4093,1,60.1487
1,4094,1,65.6235
1,4095,1,64.8786
1,4096,1,65.3556
1,4097,1,67.4772
1,4098,1,67.9899
1,4099,1,68.3317
1,4100,1,67.6385
1,4101,1,72.8942
1,4102,1,70.5525
1,4103,1,69.9697
1,4104,1,69.8665
1,4105,1,70.4892
0,4106,1,36.8562
1,4107,1,38.7224
1,4108,1,38.7356
1,4109,1,39.5867
1,4110,1,40.5347
1,4111,1,33.8276
0,4112,1,32.5273
1,4113,1,33.8647
1,4114,1,33.4148
0,4115,1,34.9628
1,4116,1,34.6432
1,4117,1,43.5133
1,4118,1,42.7827
1,4119,1,41.482
1,4120,1,41.0948
1,4121,1,38.5658
1,4122,1,37.3925
1,4123,1,37.2814
1,4124,1,34.7002
1,4125,1,33.1343
0,4126,1,33.0121
1,4127,1,32.742
1,4128,1,33.1176
1,4129,1,33.9395
1,4130,1,36.0286
1,4131,1,36.7608
1,4132,1,37.9041
1,4133,1,38.8092
1,4134,1,39.7135
1,4135,1,40.6
1,4136,1,43.3047
1,4137,1,43.7878
1,4138,1,46.9698
1,4139,1,46.4714
1,4140,1,45.3905
1,4141,1,45.6172
1,4142,1,59.6103
0,4143,1,59.6103
0,4144,1,59.6103
1,4145,1,59.5941
1,4146,1,59.4492
1,4147,1,65.9797
1,4148,1,66.083
1,4149,1,60.9707
1,4150,1,61.5383
1,4151,1,62.6485
1,4152,1,63.9609
1,4153,1,72.6711
1,4154,1,71.713
1,4155,1,70.8727
1,4156,1,70.5635
1,4157,1,35.5924
1,4158,1,35.8593
1,4159,1,37.3238
1,4160,1,37.8673
1,4161,1,38.8873
1,4162,1,39.8079
1,4163,1,40.7812
1,4164,1,41.674
1,4165,1,43.309
1,4166,1,43.8048
1,4167,1,46.0783
1,4168,1,45.5367
1,4169,1,44.5618
1,4170,1,43.5333
1,4171,1,42.6513
1,4172,1,41.6375
1,4173,1,40.5666
1,4174,1,39.5846
1,4175,1,38.6049
1,4176,1,37.6392
1,4177,1,37.4139
0,4178,1,34.4812
1,4179,1,34.5143
1,4180,1,34.7408
1,4181,1,34.0065
1,4182,1,33.7666
1,4183,1,34.1718
1,4184,1,34.3124
1,4185,1,35.2966
1,4186,1,36.0289
1,4187,1,37.786
1,4188,1,38.4152
0,4189,1,39.3141
1,4190,1,44.6826
1,4191,1,45.2697
1,4192,1,46.4885
1,4193,1,46.2833
1,4194,1,46.2706
1,4195,1,46.4468
1,4196,1,46.4468
1,4197,1,53.1985
1,4198,1,59.4722
1,4199,1,59.1795
1,4200,1,59.0333
1,4201,1,58.4864
1,4202,1,58.0232
1,4203,1,59.0073
1,4204,1,59.3467
1,4205,1,59.568
1,4206,1,62.1955
1,4207,1,63.0597
1,4208,1,64.3924
1,4209,1,65.2898
1,4210,1,34.6046
1,4211,1,35.4718
1,4212,1,36.3066
1,4213,1,37.8213
1,4214,1,41.0061
1,4215,1,40.4474
1,4216,1,40.779
1,4217,1,42.9456
1,4218,1,43.027
1,4219,1,43.7378
1,4220,1,46.7843
1,4221,1,46.5129
1,4222,1,44.5966
1,4223,1,43.638
1,4224,1,42.8867
1,4225,1,41.8473
1,4226,1,40.592
1,4227,1,39.6351
1,4228,1,38.644
1,4229,1,38.5597
1,4230,1,38.5597
1,4231,1,38.2275
1,4232,1,35.5229
1,4233,1,34.0065
1,4234,1,34.484
1,4235,1,40.1088
1,4236,1,38.401
1,4237,1,37.3222
1,4238,1,37.5842
0,4239,1,43.2123
1,4240,1,43.9566
1,4241,1,44.6928
1,4242,1,46.4468
1,4243,1,46.4468
1,4244,1,46.4468
1,4245,1,46.4468
1,4246,1,51.7899
1,4247,1,52.6209
1,4248,1,53.4729
1,4249,1,54.2646
1,4250,1,55.1798
1,4251,1,57.026
1,4252,1,57.0676
1,4253,1,58.3583
0,4254,1,61.0307
1,4255,1,60.7256
1,4256,1,62.3365
1,4257,1,63.1544
1,4258,1,65.3978
1,4259,1,35.9269
1,4260,1,38.9211
0,4261,1,41.7141
1,4262,1,41.7141
0,4263,1,41.4646
0,4264,1,44.3069
1,4265,1,44.1867
1,4266,1,44.0777
1,4267,1,43.9702
1,4268,1,46.7501
1,4269,1,51.1652
0,4270,1,51.1652
1,4271,1,48.4675
1,4272,1,48.4675
1,4273,1,48.4675
1,4274,1,42.1052
1,4275,1,41.2233
1,4276,1,40.3511
0,4277,1,39.484
1,4278,1,38.4221
1,4279,1,37.6782
1,4280,1,36.9493
0,4281,1,36.3146
0,4282,1,35.6695
1,4283,1,34.0065
1,4284,1,34.484
1,4285,1,39.6073
1,4286,1,38.7393
1,4287,1,38.0254
0,4288,1,39.3275
1,4289,1,38.4568
0,4290,1,42.614
1,4291,1,43.2317
1,4292,1,43.9668
1,4293,1,44.7026
0,4294,1,46.4468
1,4295,1,48.0774
0,4296,1,48.0774
1,4297,1,51.2439
1,4298,1,52.0982
0,4299,1,52.9234
1,4300,1,53.775
1,4301,1,55.4707
1,4302,1,56.9166
1,4303,1,59.4634
1,4304,1,61.0307
1,4305,1,63.7731
1,4306,1,62.8804
1,4307,1,63.3612
0,4308,1,39.1488
1,4309,1,39.1488
1,4310,1,41.7141
0,4311,1,41.4646
1,4312,1,44.9878
1,4313,1,45.0598
1,4314,1,45.3754
1,4315,1,45.7201
1,4316,1,51.1652
1,4317,1,51.1652
1,4318,1,51.1652
1,4319,1,48.4675
1,4320,1,48.4675
1,4321,1,43.9869
1,4322,1,42.5943
1,4323,1,41.7192
1,4324,1,40.8425
0,4325,1,39.97
1,4326,1,39.3366
1,4327,1,38.3984
1,4328,1,37.6905
0,4329,1,36.9557
1,4330,1,36.4362
1,4331,1,35.8184
1,4332,1,34.484
1,4333,1,39.0769
1,4334,1,38.8374
1,4335,1,39.9226
1,4336,1,39.6379
1,4337,1,39.5795
1,4338,1,41.6235
1,4339,1,43.8663
0,4340,1,44.2788
1,4341,1,45.066
1,4342,1,48.0774
1,4343,1,48.0774
1,4344,1,48.0461
1,4345,1,50.6864
1,4346,1,51.5332
1,4347,1,52.3831
1,4348,1,53.2309
0,4349,1,54.0763
1,4350,1,54.9661
1,4351,1,60.4566
1,4352,1,60.5687
0,4353,1,62.4436
1,4354,1,63.2859
1,4355,1,44.0131
0,4356,1,44.0131
1,4357,1,44.0131
1,4358,1,46.4357
1,4359,1,46.4357
1,4360,1,46.4317
1,4361,1,51.6482
1,4362,1,50.7642
1,4363,1,50.3883
1,4364,1,48.82
1,4365,1,48.1325
1,4366,1,47.4252
1,4367,1,43.9869
1,4368,1,43.0775
1,4369,1,42.2063
0,4370,1,41.3335
1,4371,1,40.4612
1,4372,1,40.3965
1,4373,1,40.6951
1,4374,1,40.995
1,4375,1,41.2964
1,4376,1,36.5513
1,4377,1,45.409
0,4378,1,42.105
1,4379,1,42.105
1,4380,1,42.105
0,4381,1,42.0461
1,4382,1,41.3981
1,4383,1,42.9781
1,4384,1,43.1498
1,4385,1,44.6567
1,4386,1,45.6417
1,4387,1,47.5037
1,4388,1,47.8265
1,4389,1,49.2974
1,4390,1,50.1441
1,4391,1,50.9909
1,4392,1,51.84
1,4393,1,52.6874
1,4394,1,53.5385
1,4395,1,54.467
1,4396,1,67.0346
1,4397,1,61.7153
1,4398,1,61.8884
1,4399,1,44.0131
1,4400,1,44.6389
1,4401,1,44.6792
1,4402,1,46.9319
1,4403,1,47.147
1,4404,1,47.6622
1,4405,1,50.7636
1,4406,1,49.7861
1,4407,1,48.8178
0,4408,1,46.7754
1,4409,1,45.3148
1,4410,1,44.4411
0,4411,1,43.5688
1,4412,1,43.7667
1,4413,1,41.8193
1,4414,1,41.1537
1,4415,1,41.4533
1,4416,1,41.7532
1,4417,1,42.049
1,4418,1,43.6516
1,4419,1,43.6516
1,4420,1,47.0512
1,4421,1,45.3919
1,4422,1,44.653
0,4423,1,42.105
1,4424,1,42.105
1,4425,1,42.5998
1,4426,1,42.167
1,4427,1,43.1499
1,4428,1,43.1499
1,4429,1,46.1466
1,4430,1,47.0071
0,4431,1,47.8741
1,4432,1,48.7503
1,4433,1,49.5968
1,4434,1,50.4474
0,4435,1,51.2987
1,4436,1,52.1207
1,4437,1,63.3287
1,4438,1,63.3287
1,4439,1,66.058
1,4440,1,66.0429
1,4441,1,44.4579
0,4442,1,44.6792
1,4443,1,44.6792
1,4444,1,47.2216
1,4445,1,50.171
1,4446,1,49.2977
1,4447,1,48.4239
1,4448,1,47.5496
1,4449,1,46.677
1,4450,1,46.488
1,4451,1,44.9291
1,4452,1,44.6744
1,4453,1,44.86
1,4454,1,45.0408
1,4455,1,42.2192
1,4456,1,42.5009
1,4457,1,42.8063
1,4458,1,43.6516
1,4459,1,43.6516
1,4460,1,43.6516
1,4461,1,48.6844
1,4462,1,47.4924
1,4463,1,46.1151
1,4464,1,45.3755
1,4465,1,44.636
1,4466,1,43.8965
1,4467,1,43.1537
1,4468,1,43.513
1,4469,1,43.3105
1,4470,1,43.2909
1,4471,1,46.6731
1,4472,1,47.5501
1,4473,1,48.5314
1,4474,1,48.5314
1,4475,1,49.0499
1,4476,1,49.8962
1,4477,1,50.737
1,4478,1,61.1943
1,4479,1,63.3287
1,4480,1,63.3287
1,4481,1,54.916
1,4482,1,55.184
1,4483,1,51.5351
1,4484,1,50.6588
1,4485,1,49.7858
0,4486,1,48.9119
1,4487,1,48.0379
0,4488,1,47.5418
1,4489,1,47.6691
1,4490,1,47.764
1,4491,1,45.7712
1,4492,1,45.9514
0,4493,1,46.1338
1,4494,1,46.3161
1,4495,1,44.5765
1,4496,1,44.4433
1,4497,1,43.8879
0,4498,1,43.8606
1,4499,1,50.181
1,4500,1,48.6844
1,4501,1,47.8364
1,4502,1,47.1168
1,4503,1,45.3584
1,4504,1,44.6189
1,4505,1,43.8092
1,4506,1,44.2459
1,4507,1,44.5768
1,4508,1,45.086
1,4509,1,45.5642
1,4510,1,48.0295
1,4511,1,48.5314
0,4512,1,48.5314
1,4513,1,48.5314
1,4514,1,59.2194
1,4515,1,59.2194
1,4516,1,60.2138
0,4517,1,61.1943
0,4518,1,55.184
1,4519,1,52.0209
1,4520,1,51.1463
0,4521,1,50.2739
1,4522,1,49.4
1,4523,1,48.5112
1,4524,1,48.7873
1,4525,1,50.3067
1,4526,1,47.402
1,4527,1,47.0126
1,4528,1,46.7772
0,4529,1,46.7333
1,4530,1,44.865
1,4531,1,45.353
1,4532,1,45.85
0,4533,1,46.345
1,4534,1,50.3677
1,4535,1,50.0907
1,4536,1,48.6844
1,4537,1,47.592
1,4538,1,46.7262
0,4539,1,46.0804
1,4540,1,45.3413
1,4541,1,44.4142
0,4542,1,45.0343
1,4543,1,45.5392
1,4544,1,46.0332
1,4545,1,46.5282
1,4546,1,47.0242
1,4547,1,47.5253
1,4548,1,57.9261
1,4549,1,57.9261
1,4550,1,59.2194
1,4551,1,59.2194
1,4552,1,60.2138
1,4553,1,53.8333
1,4554,1,54.3136
1,4555,1,50.763
1,4556,1,49.888
0,4557,1,48.9848
1,4558,1,49.332
1,4559,1,49.7368
1,4560,1,50.567
1,4561,1,48.9723
1,4562,1,48.2484
1,4563,1,48.1195
1,4564,1,48.086
1,4565,1,50.1098
1,4566,1,46.3106
1,4567,1,46.8069
0,4568,1,47.4839
1,4569,1,50.8839
1,4570,1,49.8156
1,4571,1,48.9993
1,4572,1,48.1756
1,4573,1,46.4488
1,4574,1,46.0626
0,4575,1,45.5138
1,4576,1,45.9997
0,4577,1,46.495
1,4578,1,46.9904
0,4579,1,47.487
1,4580,1,47.9841
1,4581,1,55.8325
1,4582,1,55.8325
1,4583,1,57.9261
1,4584,1,57.9261
1,4585,1,55.2789
1,4586,1,56.8582
1,4587,1,57.9149
1,4588,1,58.8168
1,4589,1,58.8168
1,4590,1,58.8168
1,4591,1,50.4301
1,4592,1,50.3203
1,4593,1,50.8179
1,4594,1,48.3135
1,4595,1,51.1648
1,4596,1,50.1098
0,4597,1,50.1098
1,4598,1,48.6682
1,4599,1,48.9276
1,4600,1,49.1377
1,4601,1,49.7621
1,4602,1,49.5736
1,4603,1,48.7407
1,4604,1,47.9316
1,4605,1,46.7921
1,4606,1,46.4139
1,4607,1,46.4613
1,4608,1,46.9251
1,4609,1,47.4487
1,4610,1,47.9489
1,4611,1,48.4435
0,4612,1,48.9453
0,4613,1,55.8325
1,4614,1,55.8325
1,4615,1,55.8325
1,4616,1,57.9149
1,4617,1,57.9149
1,4618,1,58.8168
1,4619,1,58.6876
1,4620,1,58.1911
1,4621,1,58.4043
1,4622,1,51.5698
1,4623,1,51.7743
1,4624,1,52.5766
1,4625,1,51.7423
1,4626,1,50.9093
1,4627,1,50.073
1,4628,1,49.9422
1,4629,1,49.5908
0,4630,1,50.0912
1,4631,1,50.5921
1,4632,1,51.0931
1,4633,1,54.423
1,4634,1,54.4479
1,4635,1,54.4776
1,4636,1,53.3034
1,4637,1,52.8109
1,4638,1,52.0496
1,4639,1,51.2838
1,4640,1,50.5392
1,4641,1,49.7911
1,4642,1,49.8987
1,4643,1,50.3958
1,4644,1,59.648
1,4645,1,59.648
1,4646,1,57.73
1,4647,1,57.234
0,4648,1,56.7373
1,4649,1,56.2436
1,4650,1,52.7306
1,4651,1,54.2033
1,4652,1,52.3123
1,4653,1,51.79
1,4654,1,51.79
1,4655,1,49.9422
1,4656,1,50.5444
1,4657,1,51.0449
1,4658,1,51.5449
1,4659,1,53.2748
1,4660,1,54.423
1,4661,1,54.4965
1,4662,1,54.5843
1,4663,1,53.3034
1,4664,1,52.7489
1,4665,1,52.0157
1,4666,1,51.2504
1,4667,1,50.5017
1,4668,1,50.8528
1,4669,1,59.648
1,4670,1,62.5506
1,4671,1,63.5066
1,4672,1,55.7789
1,4673,1,54.8062
1,4674,1,54.1531
1,4675,1,53.6333
1,4676,1,52.8969
1,4677,1,51.79
1,4678,1,51.79
1,4679,1,51.79
1,4680,1,51.5166
1,4681,1,51.977
1,4682,1,52.4705
1,4683,1,53.2326
1,4684,1,54.59
1,4685,1,54.59
1,4686,1,54.59
1,4687,1,60.9999
1,4688,1,53.3034
1,4689,1,53.3034
1,4690,1,52.7085
1,4691,1,51.9624
0,4692,1,52.0899
1,4693,1,62.5357
1,4694,1,63.5204
1,4695,1,56.1591
1,4696,1,55.7899
1,4697,1,54.9332
1,4698,1,54.9332
1,4699,1,54.9332
1,4700,1,51.79
1,4701,1,51.79
1,4702,1,51.79
1,4703,1,52.4412
1,4704,1,52.5681
0,4705,1,53.4689
1,4706,1,53.9671
1,4707,1,54.5794
1,4708,1,54.5794
1,4709,1,54.5794
1,4710,1,61.2114
1,4711,1,61.2114
1,4712,1,60.8699
1,4713,1,59.1381
1,4714,1,62.0109
1,4715,1,63.559
1,4716,1,57.3182
1,4717,1,56.8634
1,4718,1,57.1024
1,4719,1,57.3331
1,4720,1,54.9332
1,4721,1,54.9332
1,4722,1,57.572
1,4723,1,57.572
1,4724,1,57.572
1,4725,1,57.4583
1,4726,1,56.6053
1,4727,1,55.7645
1,4728,1,55.1297
1,4729,1,55.0267
1,4730,1,61.5401
1,4731,1,61.5401
1,4732,1,61.2114
1,4733,1,60.0151
1,4734,1,59.4398
1,4735,1,58.433
1,4736,1,58.1172
1,4737,1,58.1579
1,4738,1,58.2898
1,4739,1,58.4216
1,4740,1,58.5537
1,4741,1,57.572
0,4742,1,57.572
1,4743,1,57.572
1,4744,1,57.572
1,4745,1,57.1703
1,4746,1,56.3373
1,4747,1,55.5021
1,4748,1,55.2436
0,4749,1,62.5676
1,4750,1,61.5401
1,4751,1,61.3608
1,4752,1,59.7201
1,4753,1,59.5131
1,4754,1,58.9171
1,4755,1,58.9171
1,4756,1,58.9171
1,4757,1,58.9171
1,4758,1,57.572
1,4759,1,57.572
1,4760,1,57.7333
1,4761,1,58.106
1,4762,1,58.661
1,4763,1,59.2242
1,4764,1,59.8153
1,4765,1,63.5941
1,4766,1,63.5941
1,4767,1,60.0655
1,4768,1,58.9171
1,4769,1,58.9171
1,4770,1,81.6711
1,4771,1,81.6711
1,4772,1,61.4545
1,4773,1,61.4545
1,4774,1,61.4545
1,4775,1,61.4545
1,4776,1,60.6676
1,4777,1,60.1005
1,4778,1,60.1573
1,4779,1,64.4064
1,4780,1,81.9428
1,4781,1,81.6711
1,4782,1,81.6711
1,4783,1,81.6711
1,4784,1,81.6711
1,4785,1,61.4545
1,4786,1,61.4545
1,4787,1,61.4545
1,4788,1,61.2195
1,4789,1,61.8216
1,4790,1,66.7257
1,4791,1,81.6711
1,4792,1,81.6711
1,4793,1,81.6711
1,4794,1,81.6711
1,4795,1,61.4545
1,4796,1,61.4545
1,4797,1,61.4372
0,4798,1,62.0768
1,4799,1,81.6711
1,4800,1,79.9719
1,4801,1,79.9719
1,4802,1,73.3404
1,4803,1,73.9081
1,4804,1,74.3127
1,4805,1,79.9719
1,4806,1,79.9719
1,4807,1,73.3404
1,4808,1,73.3404
0,4809,1,79.6717
