VARIABLE, PARCEL, DEPOT, PLANT, VALUE,,,,
TC,,,,3.70E+07,,,,
D,,11,,1,,,,
D,,31,,1,,,,
D,,36,,1,,,,
D,,52,,1,,,,
X,1,31,,805.72,X,834,,
X,2,31,,1092.5,Y,4,,
X,5,36,,1063.78,Z,104,,
X,71,52,,1136.16,,,,
X,72,36,,1136.16,Y,124270.62,843905.22,38782.40901
X,73,11,,1094.04,,209692.1,,
X,74,52,,1094.04,,286157.38,,957706
X,75,31,,1136.16,,223785.12,,
X,76,11,,0,Z,1076.32,113800.78,31350.07713
X,76,52,,1128.58,,1002.28,,1027838.486
X,77,31,,1128.58,,1140.94,,
X,80,36,,1129.94,,1002.22,,
X,141,11,,1129.92,,1140.94,,
X,142,31,,1088.12,,1140.94,,
X,211,36,,1085.26,,1140.94,,
X,212,11,,1086.4,,1140.96,,
X,213,11,,1088.1,,1140.96,,
X,214,52,,1063.68,,1140.96,,
X,215,31,,1088.1,,1140.96,,
X,216,31,,1086.4,,1002.22,,
X,217,52,,1076.32,,1140.94,,
X,218,31,,1047.76,,1140.94,,
X,219,52,,1063.68,,1140.94,,
X,220,52,,1063.68,,1140.94,,
X,221,31,,1086.4,,1140.94,,
X,222,31,,1008.4,,1029.18,,
X,223,11,,1136.1,,1140.92,,
X,224,36,,1136.1,,1029.18,,
X,225,31,,1136.1,,1140.92,,
X,280,31,,1086.38,,1140.92,,
X,281,31,,1086.38,,1140.92,,
X,282,31,,1086.38,,1140.92,,
X,283,36,,1086.38,,1140.92,,
X,284,11,,0,,1140.92,,
X,284,52,,1086.38,,1140.92,,
X,285,31,,1086.38,,1140.92,,
X,286,52,,1063.66,,1140.92,,
X,287,36,,1091.08,,1140.92,,
X,288,31,,1088.1,,1029.16,,
X,289,52,,1076.3,,1029.16,,
X,290,36,,1086.38,,1140.92,,
X,291,31,,1088.1,,1140.92,,
X,292,11,,1086.38,,1140.92,,
X,293,52,,1088.1,,1140.92,,
X,294,31,,1088.1,,962.1,,
X,295,31,,1063.66,,962.1,,
X,297,52,,1091.08,,1140.92,,
X,300,36,,1063.66,,1140.92,,
X,352,36,,1064.04,,990.24,,
X,353,31,,1086.4,,1096.74,,
X,354,52,,1063.68,,1057.6,,
X,355,31,,1065.06,,1029.14,,
X,356,52,,1063.68,,1029.14,,
X,357,36,,1086.4,,1140.9,,
X,358,31,,1063.68,,1140.9,,
X,359,52,,1088.1,,1140.9,,
X,360,36,,1086.4,,1140.9,,
X,361,31,,1086.4,,1140.9,,
X,362,11,,1086.4,,1140.9,,
X,363,36,,1076.3,,1031.34,,
X,364,36,,1063.68,,1029.12,,
X,366,11,,1086.4,,1041.38,,
X,367,52,,1086.4,,1140.86,,
X,370,36,,1076.3,,1140.86,,
X,371,36,,1085.26,,1140.86,,
X,410,36,,1008.36,,1140.86,,
X,422,52,,1063.68,,1030.52,,
X,423,31,,1063.68,,1002.14,,
X,424,36,,1086.42,,1041.38,,
X,425,31,,1090.92,,1140.86,,
X,426,52,,1045.58,,1140.86,,
X,427,36,,1019.56,,1140.86,,
X,437,52,,1066.38,,1140.86,,
X,438,36,,1076.28,,1140.86,,
X,439,36,,1086.36,,1140.86,,
X,480,31,,1129.88,,1101.12,,
X,482,31,,1065,,1009.08,,
X,483,11,,1063.7,,1009.08,,
X,484,31,,1088.08,,1031.36,,
X,485,31,,1088.08,,1140.86,,
X,493,36,,1085.24,,1140.86,,
X,494,52,,1085.24,,1002.12,,
X,495,36,,1086.36,,1030.54,,
X,496,52,,1063.7,,1030.54,,
X,497,36,,1063.7,,1140.86,,
X,498,31,,1088.08,,1140.86,,
X,499,52,,1090.92,,1140.86,,
X,500,52,,1088.08,,1018.36,,
X,501,31,,1086.36,,1140.86,,
X,502,31,,1088.08,,1098.58,,
X,503,11,,0,,1098.58,,
X,503,52,,1063.7,,1098.58,,
X,504,36,,1135.26,,990.94,,
X,505,31,,1073.58,,1010.6,,
X,506,31,,1091,,1010.6,,
X,507,11,,1102.36,,1101.14,,
X,508,11,,1086.36,,1140.86,,
X,509,11,,1085.24,,1140.86,,
X,510,52,,1030.28,,1096.66,,
X,510,58,,0,,1078.34,,
X,511,52,,959.82,,1017.08,,
X,512,52,,959.82,,1029.12,,
X,513,52,,959.82,,1017.08,,
X,569,52,,1054.92,,1098.58,,
X,569,58,,0,,1030.54,,
X,570,36,,1068.52,,1002.1,,
X,571,31,,1085.24,,1140.86,,
X,572,52,,1085.24,,1140.86,,
X,573,52,,1036.44,,1098.58,,
X,574,31,,1063.62,,1098.58,,
X,575,31,,1085.24,,1098.58,,
X,576,11,,1088.04,,1101.12,,
X,577,11,,1088.04,,,,
X,578,11,,0,,,,
X,578,52,,1063.62,,,,
X,579,11,,1066.36,,,,
X,580,36,,1086.32,,,,
X,581,36,,1090.92,,,,
X,582,36,,1076.26,,,,
X,586,52,,1088.04,,,,
X,630,36,,1090.9,,,,
X,631,36,,1090.9,,,,
X,632,36,,1086.3,,,,
X,633,11,,0,,,,
X,633,52,,1090.9,,,,
X,634,36,,1088,,,,
X,635,31,,1086.3,,,,
X,636,52,,1088,,,,
X,637,31,,1063.6,,,,
X,638,31,,1088,,,,
X,639,52,,1039.12,,,,
X,640,36,,1047.78,,,,
X,641,31,,1039.82,,,,
X,642,52,,1039.82,,,,
X,643,36,,1055.78,,,,
X,644,31,,1008.28,,,,
X,645,31,,1008.28,,,,
X,646,11,,1090.9,,,,
X,647,11,,0,,,,
X,647,52,,959.8,,,,
X,648,52,,959.8,,,,
X,649,52,,959.8,,,,
X,650,36,,1074.2,,,,
X,651,36,,959.8,,,,
X,701,31,,959.8,,,,
X,715,11,,1057.22,,,,
X,716,11,,1083,,,,
X,717,52,,1057.22,,,,
X,718,52,,1056.3,,,,
X,719,36,,1046.88,,,,
X,720,36,,1056.3,,,,
X,721,31,,1054.88,,,,
X,722,36,,1054.88,,,,
X,723,31,,1075.36,,,,
X,724,36,,1135.22,,,,
X,725,52,,1086.3,,,,
X,726,36,,1088,,,,
X,765,36,,1075.32,,,,
X,773,52,,1086.32,,,,
X,774,31,,1087.98,,,,
X,775,11,,1086.32,,,,
X,776,36,,1087.98,,,,
X,778,52,,1090.88,,,,
X,779,36,,1063.6,,,,
X,780,31,,1073.58,,,,
X,781,11,,1008.28,,,,
X,782,52,,1015.76,,,,
X,783,36,,1039.8,,,,
X,784,31,,1039.8,,,,
X,785,11,,1008.28,,,,
X,786,11,,1090.88,,,,
X,787,11,,1044.82,,,,
X,788,52,,1016.96,,,,
X,789,52,,1034.28,,,,
X,792,36,,1016.96,,,,
X,831,36,,1078.28,,,,
X,832,11,,1034.28,,,,
X,833,31,,1034.28,,,,
X,834,31,,1016.96,,,,
X,835,52,,1034.76,,,,
X,837,36,,1074.14,,,,
X,849,36,,1068.52,,,,
X,850,36,,1075.28,,,,
X,851,36,,1075.28,,,,
X,852,52,,1075.28,,,,
X,853,36,,1056.28,,,,
X,854,36,,1056.28,,,,
X,855,31,,1046.86,,,,
X,856,11,,1046.86,,,,
X,857,11,,1054.88,,,,
X,858,52,,1056.28,,,,
X,859,52,,1075.28,,,,
X,860,52,,1030.36,,,,
X,861,52,,1066.38,,,,
X,862,52,,1008.2,,,,
X,863,52,,1008.2,,,,
X,864,52,,1076.22,,,,
X,865,52,,1055.72,,,,
X,866,11,,1087.96,,,,
X,867,11,,1087.96,,,,
X,868,11,,1084.14,,,,
X,869,31,,1087.96,,,,
X,870,36,,1084.14,,,,
X,871,36,,1085.16,,,,
X,872,36,,1065.04,,,,
X,873,36,,1039.84,,,,
X,874,36,,1090.92,,,,
X,875,36,,1034.76,,,,
X,876,31,,991.66,,,,
X,919,31,,1086.28,,,,
X,920,36,,1063.58,,,,
X,921,52,,1008.2,,,,
X,922,36,,1090.88,,,,
X,923,36,,1040.04,,,,
X,924,31,,1034.74,,,,
X,925,11,,1017.38,,,,
X,926,11,,960.32,,,,
X,927,52,,993,,,,
X,928,52,,966.22,,,,
X,928,58,,0,,,,
X,929,52,,1016.96,,,,
X,930,36,,960.32,,,,
X,931,36,,960.32,,,,
X,983,36,,1034.26,,,,
X,1001,36,,985.18,,,,
X,1002,36,,985.18,,,,
X,1003,36,,1007.4,,,,
X,1004,52,,1056.26,,,,
X,1005,52,,1121.74,,,,
X,1005,58,,0,,,,
X,1006,52,,1106.96,,,,
X,1008,11,,1007.06,,,,
X,1009,11,,1056.26,,,,
X,1010,31,,1077.78,,,,
X,1011,31,,1030.32,,,,
X,1012,31,,1082.94,,,,
X,1013,36,,1077.78,,,,
X,1014,31,,1001.04,,,,
X,1015,31,,1082.94,,,,
X,1055,36,,966.2,,,,
X,1057,52,,1056.24,,,,
X,1058,36,,1030.32,,,,
X,1059,31,,1082.94,,,,
X,1060,52,,1056.24,,,,
X,1061,36,,1001.04,,,,
X,1062,31,,1056.24,,,,
X,1063,31,,1082.94,,,,
X,1064,11,,1001.04,,,,
X,1065,11,,1082.94,,,,
X,1066,52,,1077.74,,,,
X,1066,58,,0,,,,
X,1067,52,,1077.74,,,,
X,1068,36,,1001.04,,,,
X,1069,36,,1056.24,,,,
X,1070,36,,1056.24,,,,
X,1071,36,,1057.14,,,,
X,1072,36,,1082.94,,,,
X,1073,36,,1057.14,,,,
X,1074,36,,1054.88,,,,
X,1075,52,,1076.14,,,,
X,1076,52,,1087.96,,,,
X,1076,58,,0,,,,
X,1077,52,,1102.26,,,,
X,1078,11,,1097.04,,,,
X,1079,11,,1034.74,,,,
X,1081,31,,1034.74,,,,
X,1083,31,,1044.66,,,,
X,1128,36,,1082.94,,,,
X,1129,36,,1083.16,,,,
X,1131,52,,1078.76,,,,
X,1132,36,,1106.94,,,,
X,1133,31,,1016.96,,,,
X,1134,52,,1017.26,,,,
X,1135,11,,1034.74,,,,
X,1136,11,,954.26,,,,
X,1137,36,,0,,,,
X,1137,52,,1044.64,,,,
X,1138,36,,1044.64,,,,
X,1139,36,,1017.62,,,,
X,1140,36,,984.22,,,,
X,1141,36,,1037.38,,,,
X,1142,36,,1074.12,,,,
X,1143,36,,953.22,,,,
X,1144,36,,967.4,,,,
X,1183,36,,1078.78,,,,
X,1184,31,,1078.78,,,,
X,1186,36,,1025.9,,,,
X,1217,52,,985.16,,,,
X,1220,11,,1050.74,,,,
X,1225,11,,1126.8,,,,
X,1230,36,,1075.3,,,,
X,1275,52,,998.38,,,,
X,1276,52,,1056.18,,,,
X,1277,52,,1056.18,,,,
X,1278,36,,1075.28,,,,
X,1279,36,,1056.18,,,,
X,1280,36,,1068.46,,,,
X,1281,36,,1001.06,,,,
X,1282,36,,1082.9,,,,
X,1284,52,,1054.9,,,,
X,1285,52,,1082.9,,,,
X,1289,11,,1007.7,,,,
X,1292,31,,1116.26,,,,
X,1293,31,,1030.68,,,,
X,1295,11,,1026.38,,,,
X,1296,11,,1009.04,,,,
X,1298,52,,1007.3,,,,
X,1340,36,,1068.42,,,,
X,1343,52,,1082.9,,,,
X,1344,52,,1082.9,,,,
X,1345,36,,1050.4,,,,
X,1346,36,,991.38,,,,
X,1347,36,,1078.76,,,,
X,1348,31,,1078.76,,,,
X,1349,31,,1078.76,,,,
X,1350,36,,1076.14,,,,
X,1351,31,,936.54,,,,
X,1352,36,,945.6,,,,
X,1353,36,,945.6,,,,
X,1354,36,,1007.3,,,,
X,1355,52,,945.6,,,,
X,1356,52,,1029.44,,,,
X,1357,11,,1064.86,,,,
X,1358,11,,1099.32,,,,
X,1359,11,,967.36,,,,
X,1360,11,,974.24,,,,
X,1361,11,,942.98,,,,
X,1364,11,,971.9,,,,
X,1365,11,,759.26,,,,
X,1414,52,,1008.62,,,,
X,1416,36,,974.24,,,,
X,1417,36,,974.24,,,,
X,1418,31,,865.42,,,,
X,1419,36,,974.24,,,,
X,1420,31,,974.2,,,,
X,1421,31,,747.28,,,,
X,1422,36,,967.32,,,,
X,1423,36,,759.12,,,,
X,1424,36,,759.12,,,,
X,1425,52,,747.28,,,,
X,1486,36,,967.32,,,,
X,1572,11,,952.34,,,,
X,1574,52,,1050.72,,,,
X,1577,36,,1050.72,,,,
X,1636,36,,0,,,,
X,1636,52,,985.06,,,,
X,1637,52,,1026.06,,,,
X,1638,52,,1026.96,,,,
X,1639,11,,952.3,,,,
X,1640,11,,1020.68,,,,
X,1641,11,,1050.72,,,,
X,1642,11,,1026.96,,,,
X,1643,52,,1026.06,,,,
X,1644,52,,937.94,,,,
X,1645,52,,937.94,,,,
X,1646,36,,1055.76,,,,
X,1647,36,,991.34,,,,
X,1704,31,,1026.94,,,,
X,1705,36,,985.04,,,,
X,1706,36,,976.72,,,,
X,1707,36,,0,,,,
X,1707,52,,1050.72,,,,
X,1708,52,,937.94,,,,
X,1709,52,,937.92,,,,
X,1710,52,,967.06,,,,
X,1711,52,,1004.12,,,,
X,1712,52,,1040.5,,,,
X,1713,52,,1106.9,,,,
X,1715,36,,1007.72,,,,
X,1716,36,,1006.98,,,,
X,1775,31,,1026.02,,,,
X,1776,36,,1026.02,,,,
X,1778,52,,967.16,,,,
X,1782,52,,1106.9,,,,
X,1783,52,,1054.82,,,,
X,1785,36,,1075.18,,,,
X,1786,31,,1078.72,,,,
X,1787,31,,1078.72,,,,
X,1844,31,,1026.94,,,,
X,1845,31,,1026.94,,,,
X,1846,36,,985.14,,,,
X,1847,36,,1106.86,,,,
X,1848,52,,1078.72,,,,
X,1849,52,,1078.72,,,,
X,1850,52,,1078.72,,,,
X,1851,52,,783.84,,,,
X,1852,52,,1077.66,,,,
X,1853,52,,1054.8,,,,
X,1855,36,,1068.32,,,,
X,1856,31,,1047.08,,,,
X,1857,31,,1035.22,,,,
X,1858,11,,1014.8,,,,
X,1913,11,,1026.94,,,,
X,1915,31,,1050.68,,,,
X,1916,36,,1078.72,,,,
X,1917,36,,983.36,,,,
X,1918,52,,991.2,,,,
X,1919,52,,909.38,,,,
X,1920,52,,783.72,,,,
X,1921,52,,1057.62,,,,
X,1922,52,,1078.72,,,,
X,1923,36,,1078.72,,,,
X,1924,36,,1014.8,,,,
X,1925,31,,1029.42,,,,
X,1927,31,,1064.82,,,,
X,1928,11,,974.18,,,,
X,1987,52,,1072.38,,,,
X,1988,36,,1076.14,,,,
X,1992,52,,843.88,,,,
X,1993,31,,1023.56,,,,
X,1994,36,,967.2,,,,
X,1995,36,,759.04,,,,
X,1996,31,,1099.28,,,,
X,1997,31,,1099.28,,,,
X,1998,11,,967.2,,,,
X,2055,31,,1029.42,,,,
X,2056,36,,945.54,,,,
X,2059,52,,759.04,,,,
X,2060,52,,1041.28,,,,
X,2062,36,,967.2,,,,
X,2063,36,,942.88,,,,
X,2064,31,,974.18,,,,
X,2065,31,,974.18,,,,
X,2150,36,,967.14,,,,
X,2151,36,,1050.68,,,,
X,2208,11,,967.18,,,,
X,2209,36,,1050.64,,,,
X,2210,36,,967.18,,,,
X,2211,31,,967.18,,,,
X,2212,52,,967.18,,,,
X,2213,31,,967.18,,,,
X,2214,52,,1026.84,,,,
X,2215,36,,1026.84,,,,
X,2216,36,,1007.3,,,,
X,2278,52,,843.82,,,,
X,2279,52,,745.82,,,,
X,2280,52,,937.7,,,,
X,2281,52,,1023.54,,,,
X,2282,36,,1099.24,,,,
X,2283,52,,865.3,,,,
X,2284,36,,942.88,,,,
X,2285,31,,974.18,,,,
X,2287,52,,934.24,,,,
X,2288,36,,924.78,,,,
X,2289,36,,971.66,,,,
X,2290,36,,971.66,,,,
X,2349,52,,902.18,,,,
X,2351,11,,915.1,,,,
X,2352,31,,977.94,,,,
X,2425,31,,1000.6,,,,
X,2426,11,,1050.9,,,,
X,2427,36,,937.82,,,,
X,2428,36,,937.8,,,,
X,2429,36,,937.8,,,,
X,2487,36,,1004.26,,,,
X,2489,36,,1004.26,,,,
X,2491,11,,1000.58,,,,
X,2492,31,,716.04,,,,
X,2493,11,,0,,,,
X,2493,52,,938.26,,,,
X,2494,36,,843.78,,,,
X,2495,31,,879.32,,,,
X,2496,11,,879.32,,,,
X,2497,52,,879.32,,,,
X,2498,36,,879.32,,,,
X,2499,36,,988.76,,,,
X,2500,36,,988.76,,,,
X,2501,31,,988.76,,,,
X,2505,36,,945.5,,,,
X,2557,36,,1045.9,,,,
X,2558,36,,1034.68,,,,
X,2561,36,,1002.28,,,,
X,2563,36,,1002.28,,,,
X,2564,31,,1101.24,,,,
X,2565,11,,1017.28,,,,
X,2566,52,,1034.08,,,,
X,2567,36,,1002.28,,,,
X,2568,36,,969.54,,,,
X,2569,31,,1034.66,,,,
X,2627,31,,1101.08,,,,
X,2629,52,,1045.88,,,,
X,2630,52,,1017.28,,,,
X,2631,31,,1008.5,,,,
X,2632,52,,1008.5,,,,
X,2633,36,,962.12,,,,
X,2634,36,,1140.94,,,,
X,2635,11,,1045.88,,,,
X,2636,52,,969.56,,,,
X,2637,36,,1140.94,,,,
X,2638,36,,1157.84,,,,
X,2639,31,,1281.04,,,,
X,2640,31,,1281.04,,,,
X,2642,11,,1157.84,,,,
X,2643,36,,1170.14,,,,
X,2697,36,,1140.96,,,,
X,2698,36,,1140.96,,,,
X,2699,36,,1140.96,,,,
X,2700,11,,1140.96,,,,
X,2701,31,,1140.96,,,,
X,2702,36,,1140.96,,,,
X,2703,31,,1045.88,,,,
X,2704,31,,969.56,,,,
X,2705,52,,1136.24,,,,
X,2706,36,,1140.96,,,,
X,2707,31,,1140.96,,,,
X,2708,36,,1140.96,,,,
X,2709,31,,1140.96,,,,
X,2710,11,,1140.96,,,,
X,2711,11,,1288.2,,,,
X,2712,36,,1281.02,,,,
X,2713,36,,1157.8,,,,
X,2714,36,,1101.04,,,,
X,2715,36,,1101.04,,,,
X,2716,36,,1157.8,,,,
X,2767,31,,1024.68,,,,
X,2768,31,,1140.92,,,,
X,2769,31,,1238.92,,,,
X,2770,36,,1106.1,,,,
X,2771,52,,1281,,,,
X,2772,36,,1157.78,,,,
X,2773,31,,1101.02,,,,
X,2774,11,,1157.78,,,,
X,2775,36,,1157.78,,,,
X,2776,36,,1157.78,,,,
X,2777,31,,1157.78,,,,
X,2778,31,,1106.64,,,,
X,2779,11,,1102.88,,,,
X,2780,11,,1102.88,,,,
X,2781,52,,1102.88,,,,
X,2782,36,,1102.88,,,,
X,2783,31,,1101.02,,,,
X,2787,36,,1140.92,,,,
X,2838,52,,1034.6,,,,
X,2839,52,,928.78,,,,
X,2840,31,,969.52,,,,
X,2841,52,,1140.92,,,,
X,2842,36,,1140.92,,,,
X,2843,31,,1017.46,,,,
X,2844,52,,1108.26,,,,
X,2845,36,,1106.1,,,,
X,2846,36,,1233.3,,,,
X,2847,11,,1101.02,,,,
X,2848,11,,1157.76,,,,
X,2849,11,,1106.24,,,,
X,2850,52,,1157.76,,,,
X,2855,31,,1157.08,,,,
X,2908,11,,1140.92,,,,
X,2909,11,,1140.92,,,,
X,2910,52,,1140.92,,,,
X,2911,11,,1140.92,,,,
X,2912,31,,1140.92,,,,
X,2913,11,,1140.92,,,,
X,2914,52,,1140.92,,,,
X,2915,31,,1002.16,,,,
X,2917,11,,1002.16,,,,
X,2918,11,,1002.16,,,,
X,2934,36,,1180.86,,,,
X,2935,36,,1102.82,,,,
X,2936,52,,1106.1,,,,
X,2937,31,,1102.82,,,,
X,2938,52,,1102.82,,,,
X,2939,36,,1080.84,,,,
X,2983,11,,1102.8,,,,
X,2985,31,,1102.8,,,,
X,2987,11,,1102.8,,,,
X,2989,52,,1102.8,,,,
X,2991,31,,1152.36,,,,
X,2992,31,,1102.8,,,,
X,2993,52,,1034.04,,,,
X,2994,31,,1017.18,,,,
X,2996,31,,1023.22,,,,
X,3049,31,,1029.12,,,,
X,3050,52,,1140.86,,,,
X,3051,31,,1002.14,,,,
X,3052,11,,990.22,,,,
X,3053,52,,1017.16,,,,
X,3054,36,,1002.14,,,,
X,3056,11,,962.08,,,,
X,3057,52,,1002.14,,,,
X,3058,52,,1029.12,,,,
X,3059,36,,1031.36,,,,
X,3060,36,,655.66,,,,
X,3061,31,,978.8,,,,
X,3062,11,,998.18,,,,
X,3063,11,,1128.42,,,,
X,3064,36,,1106.22,,,,
X,3119,52,,1102.76,,,,
X,3120,36,,1087.34,,,,
X,3122,52,,1168.5,,,,
X,3123,36,,1102.76,,,,
X,3124,31,,1102.76,,,,
X,3125,11,,1152.32,,,,
X,3126,52,,1080.84,,,,
X,3127,52,,1168.32,,,,
X,3128,52,,1167.5,,,,
X,3129,36,,822.62,,,,
X,3130,31,,1018.36,,,,
X,3131,11,,1050.24,,,,
X,3132,52,,1140.86,,,,
X,3134,31,,1018.36,,,,
X,3135,31,,1050.24,,,,
X,3136,31,,1101.14,,,,
X,3187,36,,1101.14,,,,
X,3189,52,,1140.86,,,,
X,3190,31,,1140.86,,,,
X,3191,11,,990.94,,,,
X,3192,52,,1045.78,,,,
X,3193,31,,1029.12,,,,
X,3194,11,,979.66,,,,
X,3196,52,,655.64,,,,
X,3197,52,,1002.12,,,,
X,3198,36,,1034.8,,,,
X,3199,31,,1045.78,,,,
X,3200,31,,1002.12,,,,
X,3201,11,,1029.12,,,,
X,3202,52,,1002.12,,,,
X,3203,36,,1034.88,,,,
X,3204,11,,1034.88,,,,
X,3205,31,,1002.12,,,,
X,3206,52,,1045.78,,,,
X,3258,36,,1034.88,,,,
X,3259,52,,1017.08,,,,
X,3260,31,,1002.1,,,,
X,3261,11,,1034.4,,,,
X,3262,36,,1012.76,,,,
X,3263,36,,1180.8,,,,
X,3264,11,,1102.66,,,,
X,3265,52,,1102.66,,,,
X,3265,58,,0,,,,
X,3266,36,,0,,,,
X,3266,52,,1080.82,,,,
X,3267,36,,1080.82,,,,
X,3268,36,,1145.58,,,,
X,3269,31,,1080.82,,,,
X,3270,11,,1087.28,,,,
X,3271,52,,822.64,,,,
X,3273,31,,1149.92,,,,
X,3274,36,,1149.92,,,,
X,3275,31,,1149.92,,,,
X,3276,36,,1157.02,,,,
X,3277,36,,1157.02,,,,
X,3326,52,,1080.82,,,,
X,3327,52,,1149.9,,,,
X,3328,31,,1168.36,,,,
X,3329,36,,1167.46,,,,
X,3330,31,,1149.9,,,,
X,3331,52,,1157,,,,
X,3332,31,,1149.9,,,,
X,3333,31,,1002.1,,,,
X,3334,11,,962.04,,,,
X,3335,52,,1002.1,,,,
X,3336,52,,1098.58,,,,
X,3337,36,,1034.34,,,,
X,3338,31,,1002.1,,,,
X,3339,31,,1002.1,,,,
X,3340,11,,1096.66,,,,
X,3341,52,,1098.58,,,,
X,3341,58,,0,,,,
X,3342,36,,1098.58,,,,
X,3344,36,,1096.66,,,,
X,3346,36,,1030.5,,,,
X,3399,36,,1002.1,,,,
X,3400,52,,1031.28,,,,
X,3401,36,,1030.5,,,,
X,3402,31,,1017.06,,,,
X,3403,11,,1008.4,,,,
X,3404,52,,1029.08,,,,
X,3405,36,,998.84,,,,
X,3406,36,,1034.34,,,,
X,3407,31,,974.14,,,,
X,3408,31,,1021.36,,,,
X,3409,11,,974.14,,,,
X,3410,52,,974.14,,,,
X,3412,36,,1045.8,,,,
X,3413,11,,1002.1,,,,
X,3414,36,,1002.1,,,,
X,3423,36,,1168.36,,,,
X,3424,11,,1094.14,,,,
X,3426,36,,1094.14,,,,
X,3427,31,,1167.44,,,,
X,3428,11,,0,,,,
X,3428,52,,1145.56,,,,
X,3429,36,,1102.66,,,,
X,3431,11,,1167.44,,,,
X,3432,36,,1167.44,,,,
X,3433,36,,1167.44,,,,
X,3436,36,,1098.58,,,,
X,3477,31,,1149.88,,,,
X,3478,31,,1094.14,,,,
X,3480,11,,0,,,,
X,3480,52,,1233.34,,,,
X,3481,52,,1193.26,,,,
X,3482,31,,994.98,,,,
X,3484,31,,1002.1,,,,
X,3493,31,,1008.38,,,,
X,3494,31,,1045.78,,,,
X,3499,31,,1002.1,,,,
X,3500,11,,1034.32,,,,
X,3502,36,,954.7,,,,
X,3506,36,,1057.48,,,,
X,3543,52,,1017.02,,,,
X,3545,31,,1096.64,,,,
X,3546,31,,1057.46,,,,
X,3547,31,,1030.44,,,,
X,3549,52,,969.48,,,,
X,3550,36,,1010.6,,,,
X,3551,36,,1034.32,,,,
X,3552,31,,1034.32,,,,
X,3553,36,,954.7,,,,
X,3554,31,,1034.32,,,,
X,3555,36,,1034.32,,,,
X,3556,36,,954.7,,,,
X,3557,36,,974.1,,,,
X,3558,52,,1057.46,,,,
X,3559,11,,974.1,,,,
X,3568,31,,1029.08,,,,
X,3570,52,,997.88,,,,
X,3571,36,,1149.88,,,,
X,3574,36,,1149.88,,,,
X,3611,36,,1034.32,,,,
X,3613,52,,1017,,,,
X,3614,36,,974.08,,,,
X,3615,36,,1135.98,,,,
X,3616,31,,1041.24,,,,
X,3617,31,,965.2,,,,
X,3619,52,,1012.72,,,,
X,3620,52,,1091.1,,,,
X,3621,36,,1149.88,,,,
X,3622,52,,1149.88,,,,
X,3623,36,,1102.58,,,,
X,3624,52,,1066.62,,,,
X,3625,31,,1020.2,,,,
X,3626,36,,974.06,,,,
X,3627,31,,1098.54,,,,
X,3628,36,,962.06,,,,
X,3629,36,,1098.54,,,,
X,3685,36,,1034.34,,,,
X,3686,31,,1029.5,,,,
X,3687,31,,1034.34,,,,
X,3689,11,,0,,,,
X,3689,52,,1034.34,,,,
X,3690,36,,966.32,,,,
X,3691,31,,1017.04,,,,
X,3692,52,,1017.04,,,,
X,3693,36,,974.02,,,,
X,3694,52,,1017.04,,,,
X,3695,31,,1034.34,,,,
X,3696,31,,0,,,,
X,3696,52,,969.48,,,,
X,3697,52,,965.16,,,,
X,3698,31,,1041.3,,,,
X,3750,36,,1002.04,,,,
X,3753,52,,1034.76,,,,
X,3754,36,,974.02,,,,
X,3755,31,,974.02,,,,
X,3756,31,,1052.2,,,,
X,3758,11,,1009.06,,,,
X,3759,52,,1030.42,,,,
X,3760,36,,1031.22,,,,
X,3761,31,,728.26,,,,
X,3762,11,,0,,,,
X,3762,52,,1029.48,,,,
X,3763,31,,1017.04,,,,
X,3764,36,,1045.6,,,,
X,3765,52,,1057.4,,,,
X,3776,31,,1029.04,,,,
X,3777,52,,1032.02,,,,
X,3778,36,,1002.04,,,,
X,3780,11,,1021.22,,,,
X,3781,52,,1017.04,,,,
X,3782,36,,1098.52,,,,
X,3784,52,,1029.02,,,,
X,3785,36,,1034.32,,,,
X,3786,36,,1021.22,,,,
X,3787,31,,1021.22,,,,
X,3789,11,,1021.22,,,,
X,3790,11,,1021.22,,,,
X,3792,52,,763.04,,,,
X,3831,36,,969.46,,,,
X,3832,52,,1009.06,,,,
X,3833,36,,1100.96,,,,
X,3834,11,,1009.06,,,,
X,3836,11,,974.02,,,,
X,3837,31,,966.3,,,,
X,3838,36,,1021.2,,,,
X,3839,31,,1017.02,,,,
X,3855,31,,974.02,,,,
X,3860,52,,1021.18,,,,
X,3896,36,,1078.38,,,,
X,3900,52,,1043.32,,,,
X,3901,31,,1036.36,,,,
X,3902,52,,1056.32,,,,
X,3903,31,,1043.32,,,,
X,3904,36,,974.02,,,,
X,3905,36,,974.02,,,,
X,3906,36,,966.26,,,,
X,3907,31,,1045.56,,,,
X,3908,36,,1021.14,,,,
X,3970,36,,1021.12,,,,
X,3971,52,,1017,,,,
X,3972,36,,974.02,,,,
X,3973,52,,974.02,,,,
X,3974,31,,1017,,,,
X,3975,31,,1017,,,,
X,3976,31,,1029.48,,,,
X,3977,36,,969.38,,,,
X,3978,36,,974.02,,,,
X,3979,11,,1036.36,,,,
X,4038,52,,1016.96,,,,
X,4039,36,,974.38,,,,
X,4040,31,,1029.78,,,,
X,4041,11,,0,,,,
X,4041,52,,1029.78,,,,
X,4042,31,,1036.3,,,,
X,4043,52,,1055.08,,,,
X,4044,36,,1128.28,,,,
X,4045,31,,980.8,,,,
X,4046,52,,1034.28,,,,
X,4047,36,,1010.52,,,,
X,4048,36,,1001.7,,,,
X,4061,52,,1128.26,,,,
X,4062,36,,974.36,,,,
X,4064,52,,1096.46,,,,
X,4065,36,,954.56,,,,
X,4066,36,,1016.96,,,,
X,4067,36,,1034.28,,,,
X,4068,31,,1010.52,,,,
X,4070,11,,974.36,,,,
X,4071,11,,850.5,,,,
X,4072,11,,943.5,,,,
X,4073,11,,1013.4,,,,
X,4074,11,,964.5,,,,
X,4117,31,,964.46,,,,
X,4118,31,,964.46,,,,
Y,,11,1,124270.62,,,,
Y,,31,1,209692.1,,,,
Y,,36,1,286157.38,,,,
Y,,52,1,223785.12,,,,
Y,,58,1,0,,,,
Z,158,,1,1076.32,,,,
Z,2628,,1,1002.28,,,,
Z,2648,,1,1140.94,,,,
Z,2666,,1,1002.22,,,,
Z,2667,,1,1140.94,,,,
Z,2668,,1,1140.94,,,,
Z,2669,,1,1140.94,,,,
Z,2693,,1,1140.96,,,,
Z,2694,,1,1140.96,,,,
Z,2695,,1,1140.96,,,,
Z,2696,,1,1140.96,,,,
Z,2723,,1,1002.22,,,,
Z,2724,,1,1140.94,,,,
Z,2725,,1,1140.94,,,,
Z,2726,,1,1140.94,,,,
Z,2727,,1,1140.94,,,,
Z,2728,,1,1140.94,,,,
Z,2753,,1,1029.18,,,,
Z,2754,,1,1140.92,,,,
Z,2786,,1,1029.18,,,,
Z,2789,,1,1140.92,,,,
Z,2790,,1,1140.92,,,,
Z,2822,,1,1140.92,,,,
Z,2823,,1,1140.92,,,,
Z,2824,,1,1140.92,,,,
Z,2825,,1,1140.92,,,,
Z,2827,,1,1140.92,,,,
Z,2828,,1,1140.92,,,,
Z,2829,,1,1140.92,,,,
Z,2830,,1,1140.92,,,,
Z,2864,,1,1029.16,,,,
Z,2865,,1,1029.16,,,,
Z,2866,,1,1140.92,,,,
Z,2867,,1,1140.92,,,,
Z,2868,,1,1140.92,,,,
Z,2869,,1,1140.92,,,,
Z,2904,,1,962.1,,,,
Z,2905,,1,962.1,,,,
Z,2906,,1,1140.92,,,,
Z,2907,,1,1140.92,,,,
Z,2944,,1,990.24,,,,
Z,2945,,1,1096.74,,,,
Z,2946,,1,1057.6,,,,
Z,2947,,1,1029.14,,,,
Z,2948,,1,1029.14,,,,
Z,2949,,1,1140.9,,,,
Z,2950,,1,1140.9,,,,
Z,2951,,1,1140.9,,,,
Z,2952,,1,1140.9,,,,
Z,2953,,1,1140.9,,,,
Z,2954,,1,1140.9,,,,
Z,2995,,1,1031.34,,,,
Z,2997,,1,1029.12,,,,
Z,2998,,1,1041.38,,,,
Z,2999,,1,1140.86,,,,
Z,3000,,1,1140.86,,,,
Z,3001,,1,1140.86,,,,
Z,3002,,1,1140.86,,,,
Z,3037,,1,1030.52,,,,
Z,3038,,1,1002.14,,,,
Z,3040,,1,1041.38,,,,
Z,3041,,1,1140.86,,,,
Z,3042,,1,1140.86,,,,
Z,3043,,1,1140.86,,,,
Z,3044,,1,1140.86,,,,
Z,3045,,1,1140.86,,,,
Z,3046,,1,1140.86,,,,
Z,3086,,1,1101.12,,,,
Z,3087,,1,1009.08,,,,
Z,3088,,1,1009.08,,,,
Z,3089,,1,1031.36,,,,
Z,3090,,1,1140.86,,,,
Z,3091,,1,1140.86,,,,
Z,3133,,1,1002.12,,,,
Z,3137,,1,1030.54,,,,
Z,3138,,1,1030.54,,,,
Z,3139,,1,1140.86,,,,
Z,3140,,1,1140.86,,,,
Z,3141,,1,1140.86,,,,
Z,3177,,1,1018.36,,,,
Z,3179,,1,1140.86,,,,
Z,3180,,1,1098.58,,,,
Z,3181,,1,1098.58,,,,
Z,3182,,1,1098.58,,,,
Z,3183,,1,990.94,,,,
Z,3184,,1,1010.6,,,,
Z,3185,,1,1010.6,,,,
Z,3186,,1,1101.14,,,,
Z,3188,,1,1140.86,,,,
Z,3227,,1,1140.86,,,,
Z,3228,,1,1096.66,,,,
Z,3231,,1,1078.34,,,,
Z,3235,,1,1017.08,,,,
Z,3236,,1,1029.12,,,,
Z,3237,,1,1017.08,,,,
Z,3239,,1,1098.58,,,,
Z,3240,,1,1030.54,,,,
Z,3241,,1,1002.1,,,,
Z,3242,,1,1140.86,,,,
Z,3243,,1,1140.86,,,,
Z,3290,,1,1098.58,,,,
Z,3291,,1,1098.58,,,,
Z,3292,,1,1098.58,,,,
Z,3294,,1,1101.12,,,,
elapsed time,72.49514,,,,,,,
