VARIABLE	 PARCEL	coord_ID	 DEPOT	 VALUE	LAT 	LON
X	1	5	31	805.72	29.2377	-98.7698
X	2	8	31	1092.5	29.2277	-98.7798
X	5	14	36	1063.78	29.2177	-98.7898
X	70	114	58	1129.94	29.1677	-98.5698
X	71	115	36	1136.16	29.1577	-98.7998
X	72	118	36	1136.16	29.1577	-98.7698
X	73	119	36	1094.04	29.1577	-98.7598
X	74	120	52	1094.04	29.1577	-98.7498
X	75	121	31	1136.16	29.1577	-98.7398
X	76	122	7	1128.58	29.1577	-98.7298
X	77	124	31	1128.58	29.1577	-98.7098
X	79	126	44	1129.94	29.1577	-98.6898
X	80	130	36	1129.94	29.1577	-98.6498
X	83	135	36	1129.94	29.1577	-98.5998
X	141	259	44	1129.92	29.1177	-98.6198
X	142	260	31	1088.12	29.1177	-98.6098
X	143	261	31	1129.92	29.1177	-98.5998
X	210	347	44	1063.68	29.0977	-98.5298
X	211	348	36	1085.26	29.0977	-98.5198
X	212	349	44	1086.4	29.0977	-98.5098
X	213	350	44	1088.1	29.0977	-98.4998
X	214	351	52	1063.68	29.0977	-98.4898
X	215	352	31	1088.1	29.0977	-98.4798
X	216	353	58	1086.4	29.0977	-98.4698
X	217	355	44	1076.32	29.0977	-98.4498
X	218	356	31	1047.76	29.0977	-98.4398
X	219	357	7	1063.68	29.0977	-98.4298
X	220	358	44	1063.68	29.0977	-98.4198
X	221	359	36	1086.4	29.0977	-98.4098
X	222	360	31	1008.4	29.0977	-98.3998
X	223	361	7	1136.1	29.0877	-98.7998
X	224	362	36	1136.1	29.0877	-98.7898
X	225	363	31	1136.1	29.0877	-98.7798
X	280	422	44	1086.38	29.0777	-98.6098
X	281	423	31	1086.38	29.0777	-98.5998
X	282	424	31	1086.38	29.0777	-98.5898
X	283	425	36	1086.38	29.0777	-98.5798
X	284	426	52	1086.38	29.0777	-98.5698
X	285	427	31	1086.38	29.0777	-98.5598
X	286	428	52	1063.66	29.0777	-98.5498
X	287	429	36	1091.08	29.0777	-98.5398
X	288	430	31	1088.1	29.0777	-98.5298
X	289	432	7	1076.3	29.0777	-98.5098
X	290	433	36	1086.38	29.0777	-98.4998
X	291	434	31	1088.1	29.0777	-98.4898
X	292	435	58	1086.38	29.0777	-98.4798
X	293	436	7	1088.1	29.0777	-98.4698
X	294	437	31	1088.1	29.0777	-98.4598
X	295	438	31	1063.66	29.0777	-98.4498
X	296	439	7	1063.66	29.0777	-98.4398
X	297	440	52	1091.08	29.0777	-98.4298
X	298	441	44	1063.66	29.0777	-98.4198
X	299	442	36	1063.66	29.0777	-98.4098
X	300	443	36	1063.66	29.0777	-98.3998
X	352	499	36	1064.04	29.0577	-98.7098
X	353	500	31	1086.4	29.0577	-98.6998
X	354	502	52	1063.68	29.0577	-98.6798
X	355	503	31	1065.06	29.0577	-98.6698
X	356	504	52	1063.68	29.0577	-98.6598
X	357	505	36	1086.4	29.0577	-98.6498
X	359	507	7	1088.1	29.0577	-98.6298
X	360	508	36	1086.4	29.0577	-98.6198
X	361	509	31	1086.4	29.0577	-98.6098
X	362	510	7	1086.4	29.0577	-98.5998
X	363	511	44	1076.3	29.0577	-98.5898
X	364	512	36	1063.68	29.0577	-98.5798
X	365	513	7	1091.06	29.0577	-98.5698
X	366	514	7	1086.4	29.0577	-98.5598
X	367	515	52	1086.4	29.0577	-98.5498
X	368	516	44	1065.06	29.0577	-98.5398
X	369	517	44	1076.3	29.0577	-98.5298
X	370	518	36	1076.3	29.0577	-98.5198
X	371	519	36	1085.26	29.0577	-98.5098
X	372	520	36	1063.68	29.0577	-98.4998
X	374	522	31	1063.68	29.0577	-98.4798
X	375	523	36	1008.36	29.0577	-98.4698
X	409	560	44	1008.36	29.0477	-98.5498
X	410	561	36	1008.36	29.0477	-98.5398
X	421	572	44	1088.1	29.0477	-98.4298
X	422	573	52	1063.68	29.0477	-98.4198
X	423	574	31	1063.68	29.0477	-98.4098
X	424	575	44	1086.42	29.0477	-98.3998
X	425	576	31	1090.92	29.0477	-98.3898
X	426	579	52	1045.58	29.0477	-98.3598
X	427	580	36	1019.56	29.0477	-98.3498
X	437	592	52	1066.38	29.0377	-98.6898
X	438	593	36	1076.28	29.0377	-98.6798
X	439	594	36	1086.36	29.0377	-98.6698
X	440	595	36	1055.88	29.0377	-98.6598
X	480	638	31	1129.88	29.0277	-98.6898
X	481	640	52	1065	29.0277	-98.6698
X	482	641	31	1065	29.0277	-98.6598
X	484	643	31	1088.08	29.0277	-98.6398
X	485	644	31	1088.08	29.0277	-98.6298
X	492	651	58	1076.26	29.0277	-98.5598
X	493	652	36	1085.24	29.0277	-98.5498
X	494	654	52	1085.24	29.0277	-98.5298
X	495	655	36	1086.36	29.0277	-98.5198
X	496	656	58	1063.7	29.0277	-98.5098
X	497	657	36	1063.7	29.0277	-98.4998
X	498	658	31	1088.08	29.0277	-98.4898
X	499	659	52	1090.92	29.0277	-98.4798
X	500	660	44	1088.08	29.0277	-98.4698
X	501	661	31	1086.36	29.0277	-98.4598
X	502	662	31	1088.08	29.0277	-98.4498
X	503	664	52	1063.7	29.0277	-98.4298
X	504	665	36	1135.26	29.0277	-98.4198
X	505	666	31	1073.58	29.0277	-98.4098
X	506	667	31	1091	29.0277	-98.3998
X	508	669	7	1086.36	29.0277	-98.3798
X	509	670	58	1085.24	29.0277	-98.3698
X	510	671	52	1030.28	29.0277	-98.3598
X	511	672	52	959.82	29.0277	-98.3498
X	512	673	52	959.82	29.0277	-98.3398
X	513	674	52	959.82	29.0277	-98.3298
X	569	736	52	1054.92	29.0077	-98.6798
X	570	737	36	1068.52	29.0077	-98.6698
X	571	738	31	1085.24	29.0077	-98.6598
X	572	739	58	1085.24	29.0077	-98.6498
X	573	740	44	1036.44	29.0077	-98.6398
X	574	741	31	1063.62	29.0077	-98.6298
X	575	742	31	1085.24	29.0077	-98.6198
X	576	743	31	1088.04	29.0077	-98.6098
X	577	744	58	1088.04	29.0077	-98.5998
X	578	745	52	1063.62	29.0077	-98.5898
X	579	747	44	1066.36	29.0077	-98.5698
X	580	748	44	1086.32	29.0077	-98.5598
X	581	749	36	1090.92	29.0077	-98.5498
X	582	750	36	1076.26	29.0077	-98.5398
X	583	751	44	1085.24	29.0077	-98.5298
X	584	752	44	1088.04	29.0077	-98.5198
X	585	753	44	1129.84	29.0077	-98.5098
X	586	754	44	1088.04	29.0077	-98.4998
X	587	755	52	1129.84	29.0077	-98.4898
X	591	759	36	1088.04	29.0077	-98.4498
X	630	799	36	1090.9	28.9977	-98.5498
X	631	800	36	1090.9	28.9977	-98.5398
X	632	801	36	1086.3	28.9977	-98.5298
X	633	802	52	1090.9	28.9977	-98.5198
X	634	803	36	1088	28.9977	-98.5098
X	635	804	31	1086.3	28.9977	-98.4998
X	636	805	44	1088	28.9977	-98.4898
X	637	807	31	1063.6	28.9977	-98.4698
X	638	808	58	1088	28.9977	-98.4598
X	639	809	44	1039.12	28.9977	-98.4498
X	640	810	36	1047.78	28.9977	-98.4398
X	641	811	31	1039.82	28.9977	-98.4298
X	642	812	52	1039.82	28.9977	-98.4198
X	643	814	36	1055.78	28.9977	-98.3998
X	644	815	31	1008.28	28.9977	-98.3898
X	645	817	31	1008.28	28.9977	-98.3698
X	646	818	7	1090.9	28.9977	-98.3598
X	647	819	7	959.8	28.9977	-98.3498
X	648	820	52	959.8	28.9977	-98.3398
X	649	821	52	959.8	28.9977	-98.3298
X	650	823	44	1074.2	28.9977	-98.3098
X	651	824	44	959.8	28.9977	-98.2998
X	664	838	36	1083	28.9877	-98.6698
X	692	867	36	915.48	28.9877	-98.3798
X	701	876	36	959.8	28.9877	-98.2898
X	716	892	7	1083	28.9777	-98.6498
X	717	893	7	1057.22	28.9777	-98.6398
X	718	894	44	1056.3	28.9777	-98.6298
X	719	895	44	1046.88	28.9777	-98.6198
X	720	896	36	1056.3	28.9777	-98.6098
X	721	897	31	1054.88	28.9777	-98.5998
X	722	898	36	1054.88	28.9777	-98.5898
X	723	899	36	1075.36	28.9777	-98.5798
X	724	901	36	1135.22	28.9777	-98.5598
X	725	902	52	1086.3	28.9777	-98.5498
X	726	903	36	1088	28.9777	-98.5398
X	762	944	31	1068.52	28.9677	-98.6398
X	763	945	44	1054.88	28.9677	-98.6298
X	765	947	36	1075.32	28.9677	-98.6098
X	773	955	52	1086.32	28.9677	-98.5298
X	774	956	31	1087.98	28.9677	-98.5198
X	775	957	58	1086.32	28.9677	-98.5098
X	776	961	36	1087.98	28.9677	-98.4698
X	777	962	58	1125.06	28.9677	-98.4598
X	778	963	7	1090.88	28.9677	-98.4498
X	779	965	44	1063.6	28.9677	-98.4298
X	780	967	31	1073.58	28.9677	-98.4098
X	781	968	58	1008.28	28.9677	-98.3998
X	782	969	44	1015.76	28.9677	-98.3898
X	783	970	36	1039.8	28.9677	-98.3798
X	784	971	31	1039.8	28.9677	-98.3698
X	785	972	7	1008.28	28.9677	-98.3598
X	786	973	7	1090.88	28.9677	-98.3498
X	787	974	7	1044.82	28.9677	-98.3398
X	788	975	52	1016.96	28.9677	-98.3298
X	789	976	44	1034.28	28.9677	-98.3198
X	790	977	44	991.58	28.9677	-98.3098
X	791	978	44	1016.96	28.9677	-98.2998
X	792	979	36	1016.96	28.9677	-98.2898
X	793	980	44	1034.76	28.9677	-98.2798
X	831	1028	36	1078.28	28.9577	-98.3298
X	832	1029	52	1034.28	28.9577	-98.3198
X	833	1030	31	1034.28	28.9577	-98.3098
X	834	1031	31	1016.96	28.9577	-98.2998
X	835	1032	52	1034.76	28.9577	-98.2898
X	837	1034	36	1074.14	28.9577	-98.2698
X	849	1053	36	1068.52	28.9477	-98.6198
X	850	1054	36	1075.28	28.9477	-98.6098
X	851	1055	36	1075.28	28.9477	-98.5998
X	852	1056	52	1075.28	28.9477	-98.5898
X	853	1057	36	1056.28	28.9477	-98.5798
X	854	1058	36	1056.28	28.9477	-98.5698
X	855	1059	31	1046.86	28.9477	-98.5598
X	856	1060	31	1046.86	28.9477	-98.5498
X	857	1061	7	1054.88	28.9477	-98.5398
X	858	1062	52	1056.28	28.9477	-98.5298
X	859	1063	52	1075.28	28.9477	-98.5198
X	860	1065	44	1030.36	28.9477	-98.4998
X	861	1066	44	1066.38	28.9477	-98.4898
X	862	1067	44	1008.2	28.9477	-98.4798
X	863	1068	52	1008.2	28.9477	-98.4698
X	864	1069	52	1076.22	28.9477	-98.4598
X	865	1070	52	1055.72	28.9477	-98.4498
X	866	1071	7	1087.96	28.9477	-98.4398
X	867	1073	7	1087.96	28.9477	-98.4198
X	868	1074	7	1084.14	28.9477	-98.4098
X	869	1075	31	1087.96	28.9477	-98.3998
X	870	1076	36	1084.14	28.9477	-98.3898
X	871	1077	36	1085.16	28.9477	-98.3798
X	872	1078	36	1065.04	28.9477	-98.3698
X	873	1079	36	1039.84	28.9477	-98.3598
X	874	1080	36	1090.92	28.9477	-98.3498
X	875	1082	36	1034.76	28.9477	-98.3298
X	876	1083	31	991.66	28.9477	-98.3198
X	877	1084	31	960.32	28.9477	-98.3098
X	919	1131	31	1086.28	28.9377	-98.3798
X	920	1132	36	1063.58	28.9377	-98.3698
X	921	1133	52	1008.2	28.9377	-98.3598
X	922	1134	36	1090.88	28.9377	-98.3498
X	923	1135	36	1040.04	28.9377	-98.3398
X	924	1136	31	1034.74	28.9377	-98.3298
X	925	1137	7	1017.38	28.9377	-98.3198
X	926	1139	7	960.32	28.9377	-98.2998
X	927	1140	58	993	28.9377	-98.2898
X	928	1141	52	966.22	28.9377	-98.2798
X	929	1142	44	1016.96	28.9377	-98.2698
X	930	1143	44	960.32	28.9377	-98.2598
X	931	1144	44	960.32	28.9377	-98.2498
X	981	1199	36	1044.7	28.9277	-98.2598
X	983	1201	36	1034.26	28.9277	-98.2398
X	1001	1220	36	985.18	28.9177	-98.6198
X	1002	1221	36	985.18	28.9177	-98.6098
X	1003	1222	44	1007.4	28.9177	-98.5998
X	1004	1223	44	1056.26	28.9177	-98.5898
X	1005	1224	52	1121.74	28.9177	-98.5798
X	1006	1225	58	1106.96	28.9177	-98.5698
X	1007	1226	7	1030.32	28.9177	-98.5598
X	1008	1229	7	1007.06	28.9177	-98.5298
X	1009	1230	7	1056.26	28.9177	-98.5198
X	1010	1231	31	1077.78	28.9177	-98.5098
X	1011	1232	31	1030.32	28.9177	-98.4998
X	1012	1233	31	1082.94	28.9177	-98.4898
X	1013	1234	36	1077.78	28.9177	-98.4798
X	1014	1235	31	1001.04	28.9177	-98.4698
X	1015	1236	31	1082.94	28.9177	-98.4598
X	1016	1237	31	1082.94	28.9177	-98.4498
X	1055	1280	36	966.2	28.9077	-98.5998
X	1056	1281	36	985.18	28.9077	-98.5898
X	1057	1282	52	1056.24	28.9077	-98.5798
X	1058	1284	44	1030.32	28.9077	-98.5598
X	1059	1286	31	1082.94	28.9077	-98.5398
X	1060	1287	52	1056.24	28.9077	-98.5298
X	1061	1288	44	1001.04	28.9077	-98.5198
X	1062	1289	36	1056.24	28.9077	-98.5098
X	1063	1290	31	1082.94	28.9077	-98.4998
X	1064	1291	7	1001.04	28.9077	-98.4898
X	1065	1292	7	1082.94	28.9077	-98.4798
X	1066	1293	52	1077.74	28.9077	-98.4698
X	1067	1295	44	1077.74	28.9077	-98.4498
X	1068	1296	44	1001.04	28.9077	-98.4398
X	1069	1297	36	1056.24	28.9077	-98.4298
X	1070	1298	36	1056.24	28.9077	-98.4198
X	1071	1299	36	1057.14	28.9077	-98.4098
X	1072	1300	36	1082.94	28.9077	-98.3998
X	1073	1301	44	1057.14	28.9077	-98.3898
X	1074	1302	36	1054.88	28.9077	-98.3798
X	1075	1303	44	1076.14	28.9077	-98.3698
X	1076	1304	52	1087.96	28.9077	-98.3598
X	1077	1305	52	1102.26	28.9077	-98.3498
X	1078	1306	7	1097.04	28.9077	-98.3398
X	1079	1307	7	1034.74	28.9077	-98.3298
X	1081	1309	31	1034.74	28.9077	-98.2998
X	1083	1312	31	1044.66	28.9077	-98.2698
X	1125	1357	31	1082.94	28.8977	-98.4098
X	1128	1360	36	1082.94	28.8977	-98.3798
X	1129	1361	36	1083.16	28.8977	-98.3698
X	1130	1362	7	1076.14	28.8977	-98.3598
X	1131	1363	36	1078.76	28.8977	-98.3498
X	1132	1364	36	1106.94	28.8977	-98.3398
X	1133	1365	31	1016.96	28.8977	-98.3298
X	1134	1366	58	1017.26	28.8977	-98.3198
X	1135	1367	52	1034.74	28.8977	-98.3098
X	1136	1368	58	954.26	28.8977	-98.2998
X	1137	1369	52	1044.64	28.8977	-98.2898
X	1138	1371	44	1044.64	28.8977	-98.2698
X	1139	1372	36	1017.62	28.8977	-98.2598
X	1140	1373	36	984.22	28.8977	-98.2498
X	1141	1374	36	1037.38	28.8977	-98.2398
X	1142	1375	36	1074.12	28.8977	-98.2298
X	1143	1376	36	953.22	28.8977	-98.2198
X	1144	1377	36	967.4	28.8977	-98.2098
X	1183	1423	36	1078.78	28.8877	-98.3498
X	1184	1424	31	1078.78	28.8877	-98.3398
X	1185	1425	44	1055.76	28.8877	-98.3298
X	1186	1426	36	1025.9	28.8877	-98.3198
X	1187	1427	7	1026.4	28.8877	-98.3098
X	1197	1438	44	942.98	28.8877	-98.1998
X	1217	1460	58	985.16	28.8777	-98.5898
X	1219	1463	7	952.38	28.8777	-98.5598
X	1220	1464	7	1050.74	28.8777	-98.5498
X	1225	1470	7	1126.8	28.8777	-98.4798
X	1226	1471	7	1056.2	28.8777	-98.4698
X	1230	1476	36	1075.3	28.8777	-98.4198
X	1275	1527	52	998.38	28.8677	-98.5298
X	1276	1528	44	1056.18	28.8677	-98.5198
X	1277	1529	44	1056.18	28.8677	-98.5098
X	1278	1531	36	1075.28	28.8677	-98.4898
X	1279	1532	36	1056.18	28.8677	-98.4798
X	1280	1533	36	1068.46	28.8677	-98.4698
X	1281	1534	36	1001.06	28.8677	-98.4598
X	1282	1535	36	1082.9	28.8677	-98.4498
X	1283	1536	44	1082.9	28.8677	-98.4398
X	1284	1537	44	1054.9	28.8677	-98.4298
X	1285	1538	52	1082.9	28.8677	-98.4198
X	1286	1539	58	1001.06	28.8677	-98.4098
X	1287	1540	7	1082.9	28.8677	-98.3998
X	1288	1541	7	991.32	28.8677	-98.3898
X	1289	1542	7	1007.7	28.8677	-98.3698
X	1292	1545	31	1116.26	28.8677	-98.3398
X	1293	1546	31	1030.68	28.8677	-98.3298
X	1296	1549	7	1009.04	28.8677	-98.2998
X	1297	1550	58	1009.04	28.8677	-98.2898
X	1298	1551	52	1007.3	28.8677	-98.2798
X	1299	1552	44	1026.38	28.8677	-98.2698
X	1340	1597	36	1068.42	28.8577	-98.4498
X	1343	1601	52	1082.9	28.8577	-98.4098
X	1344	1602	44	1082.9	28.8577	-98.3998
X	1345	1603	44	1050.4	28.8577	-98.3898
X	1346	1604	36	991.38	28.8577	-98.3798
X	1347	1606	36	1078.76	28.8577	-98.3598
X	1348	1607	31	1078.76	28.8577	-98.3498
X	1349	1608	31	1078.76	28.8577	-98.3398
X	1350	1609	36	1076.14	28.8577	-98.3298
X	1351	1610	31	936.54	28.8577	-98.3198
X	1352	1611	36	945.6	28.8577	-98.3098
X	1353	1612	36	945.6	28.8577	-98.2998
X	1354	1613	36	1007.3	28.8577	-98.2898
X	1355	1614	52	945.6	28.8577	-98.2798
X	1356	1615	58	1029.44	28.8577	-98.2698
X	1357	1616	58	1064.86	28.8577	-98.2598
X	1358	1617	7	1099.32	28.8577	-98.2498
X	1359	1618	7	967.36	28.8577	-98.2398
X	1360	1619	7	974.24	28.8577	-98.2298
X	1361	1620	31	942.98	28.8577	-98.2198
X	1362	1621	36	967.36	28.8577	-98.2098
X	1363	1623	31	971.9	28.8577	-98.1898
X	1364	1624	7	971.9	28.8577	-98.1798
X	1365	1625	7	759.26	28.8577	-98.1698
X	1414	1679	52	1008.62	28.8477	-98.2698
X	1415	1680	44	945.6	28.8477	-98.2598
X	1416	1681	44	974.24	28.8477	-98.2498
X	1417	1682	36	974.24	28.8477	-98.2398
X	1418	1683	31	865.42	28.8477	-98.2298
X	1419	1684	36	974.24	28.8477	-98.2198
X	1420	1685	31	974.2	28.8477	-98.2098
X	1421	1686	31	747.28	28.8477	-98.1998
X	1422	1687	36	967.32	28.8477	-98.1898
X	1423	1688	36	759.12	28.8477	-98.1798
X	1424	1689	36	759.12	28.8477	-98.1698
X	1425	1690	44	747.28	28.8477	-98.1598
X	1486	1754	36	967.32	28.8377	-98.1598
X	1487	1755	31	759.16	28.8377	-98.1498
X	1572	1848	7	952.34	28.8177	-98.5498
X	1573	1849	7	1026.06	28.8177	-98.5398
X	1574	1850	52	1050.72	28.8177	-98.5298
X	1575	1851	44	952.34	28.8177	-98.5198
X	1577	1853	36	1050.72	28.8177	-98.4998
X	1636	1917	52	985.06	28.8077	-98.5398
X	1637	1918	58	1026.06	28.8077	-98.5298
X	1638	1919	52	1026.96	28.8077	-98.5198
X	1639	1920	58	952.3	28.8077	-98.5098
X	1640	1921	7	1020.68	28.8077	-98.4998
X	1642	1923	7	1026.96	28.8077	-98.4798
X	1643	1924	7	1026.06	28.8077	-98.4698
X	1644	1925	58	937.94	28.8077	-98.4598
X	1645	1926	52	937.94	28.8077	-98.4498
X	1646	1927	44	1055.76	28.8077	-98.4398
X	1647	1928	44	991.34	28.8077	-98.4298
X	1648	1929	31	991.34	28.8077	-98.4198
X	1649	1930	31	1057.66	28.8077	-98.4098
X	1704	1988	31	1026.94	28.7977	-98.5198
X	1705	1989	36	985.04	28.7977	-98.5098
X	1706	1991	44	976.72	28.7977	-98.4898
X	1707	1992	52	1050.72	28.7977	-98.4798
X	1708	1993	58	937.94	28.7977	-98.4698
X	1709	1994	58	937.92	28.7977	-98.4598
X	1710	1995	58	967.06	28.7977	-98.4498
X	1711	1996	7	1004.12	28.7977	-98.4398
X	1712	1997	7	1040.5	28.7977	-98.4298
X	1713	1998	52	1106.9	28.7977	-98.4198
X	1714	1999	44	1007.72	28.7977	-98.4098
X	1715	2000	44	1007.72	28.7977	-98.3998
X	1716	2001	36	1006.98	28.7977	-98.3898
X	1717	2002	31	1054.82	28.7977	-98.3798
X	1775	2063	31	1026.02	28.7877	-98.4698
X	1776	2064	36	1026.02	28.7877	-98.4598
X	1777	2065	44	937.9	28.7877	-98.4498
X	1778	2066	52	967.16	28.7877	-98.4398
X	1779	2067	58	1050.72	28.7877	-98.4298
X	1780	2068	58	1008.74	28.7877	-98.4198
X	1781	2069	58	1068.32	28.7877	-98.4098
X	1782	2070	52	1106.9	28.7877	-98.3998
X	1783	2071	44	1054.82	28.7877	-98.3898
X	1784	2072	44	1046.68	28.7877	-98.3798
X	1785	2073	36	1075.18	28.7877	-98.3698
X	1786	2074	31	1078.72	28.7877	-98.3598
X	1787	2075	31	1078.72	28.7877	-98.3498
X	1841	2133	7	966.98	28.7777	-98.4698
X	1844	2136	31	1026.94	28.7777	-98.4398
X	1845	2137	31	1026.94	28.7777	-98.4298
X	1846	2139	36	985.14	28.7777	-98.4098
X	1847	2140	44	1106.86	28.7777	-98.3998
X	1848	2141	44	1078.72	28.7777	-98.3898
X	1849	2142	52	1078.72	28.7777	-98.3798
X	1850	2143	58	1078.72	28.7777	-98.3698
X	1851	2144	52	783.84	28.7777	-98.3598
X	1852	2145	44	1077.66	28.7777	-98.3498
X	1853	2146	44	1054.8	28.7777	-98.3398
X	1854	2147	44	783.84	28.7777	-98.3298
X	1855	2148	36	1068.32	28.7777	-98.3198
X	1856	2149	31	1047.08	28.7777	-98.3098
X	1857	2150	31	1035.22	28.7777	-98.2998
X	1911	2205	7	1004.16	28.7677	-98.4398
X	1912	2206	7	985.04	28.7677	-98.4298
X	1915	2210	31	1050.68	28.7677	-98.3898
X	1916	2211	36	1078.72	28.7677	-98.3798
X	1917	2212	44	983.36	28.7677	-98.3698
X	1918	2213	44	991.2	28.7677	-98.3598
X	1919	2214	52	909.38	28.7677	-98.3498
X	1920	2215	52	783.72	28.7677	-98.3398
X	1921	2216	52	1057.62	28.7677	-98.3298
X	1922	2217	44	1078.72	28.7677	-98.3198
X	1923	2218	44	1078.72	28.7677	-98.3098
X	1924	2219	36	1014.8	28.7677	-98.2998
X	1925	2221	31	1029.42	28.7677	-98.2798
X	1926	2222	44	1009	28.7677	-98.2698
X	1927	2223	31	1064.82	28.7677	-98.2598
X	1984	2282	36	983.34	28.7577	-98.3498
X	1985	2283	36	983.34	28.7577	-98.3398
X	1986	2284	44	991.26	28.7577	-98.3298
X	1987	2285	52	1072.38	28.7577	-98.3198
X	1988	2286	36	1076.14	28.7577	-98.3098
X	1989	2288	36	1029.42	28.7577	-98.2898
X	1991	2290	7	1064.8	28.7577	-98.2698
X	1992	2291	52	843.88	28.7577	-98.2598
X	1993	2292	44	1023.56	28.7577	-98.2498
X	1994	2293	36	967.2	28.7577	-98.2398
X	1995	2294	36	759.04	28.7577	-98.2298
X	1996	2295	31	1099.28	28.7577	-98.2198
X	1997	2296	31	1099.28	28.7577	-98.2098
X	1998	2297	7	967.2	28.7577	-98.1998
X	2055	2357	31	1029.42	28.7477	-98.2698
X	2056	2358	36	945.54	28.7477	-98.2598
X	2057	2359	44	747.22	28.7477	-98.2498
X	2058	2360	44	759.04	28.7477	-98.2398
X	2059	2361	52	759.04	28.7477	-98.2298
X	2060	2362	52	1041.28	28.7477	-98.2198
X	2061	2363	44	974.18	28.7477	-98.2098
X	2062	2364	36	967.2	28.7477	-98.1998
X	2063	2365	36	942.88	28.7477	-98.1898
X	2064	2366	31	974.18	28.7477	-98.1798
X	2065	2367	31	974.18	28.7477	-98.1698
X	2150	2464	36	967.14	28.7277	-98.4898
X	2151	2465	36	1050.68	28.7277	-98.4798
X	2153	2467	36	1038.38	28.7277	-98.4598
X	2207	2530	58	1050.64	28.7177	-98.4498
X	2208	2531	44	967.18	28.7177	-98.4398
X	2209	2532	36	1050.64	28.7177	-98.4298
X	2210	2533	36	967.18	28.7177	-98.4198
X	2211	2534	31	967.18	28.7177	-98.4098
X	2212	2535	7	967.18	28.7177	-98.3998
X	2213	2536	31	967.18	28.7177	-98.3898
X	2214	2537	7	1026.84	28.7177	-98.3798
X	2215	2538	36	1026.84	28.7177	-98.3698
X	2216	2539	36	1007.3	28.7177	-98.3598
X	2221	2545	36	1094.44	28.7177	-98.2998
X	2277	2607	52	745.88	28.7077	-98.2898
X	2278	2608	52	843.82	28.7077	-98.2798
X	2279	2609	52	745.82	28.7077	-98.2698
X	2280	2610	52	937.7	28.7077	-98.2598
X	2282	2612	36	1099.24	28.7077	-98.2398
X	2283	2613	52	865.3	28.7077	-98.2298
X	2284	2614	44	942.88	28.7077	-98.2198
X	2285	2615	31	974.18	28.7077	-98.2098
X	2287	2617	52	934.24	28.6977	-98.7898
X	2288	2618	44	924.78	28.6977	-98.7798
X	2289	2619	36	971.66	28.6977	-98.7698
X	2290	2621	36	971.66	28.6977	-98.7498
X	2291	2622	36	971.66	28.6977	-98.7398
X	2348	2684	44	902.18	28.6877	-98.7098
X	2349	2685	44	902.18	28.6877	-98.6998
X	2350	2686	44	902.18	28.6877	-98.6898
X	2351	2687	44	915.1	28.6877	-98.6798
X	2352	2688	31	977.94	28.6877	-98.6698
X	2425	2765	31	1000.6	28.6777	-98.4598
X	2426	2766	44	1050.9	28.6777	-98.4498
X	2427	2767	36	937.82	28.6777	-98.4398
X	2428	2768	36	937.8	28.6777	-98.4298
X	2429	2769	36	937.8	28.6777	-98.4198
X	2433	2773	36	1050.9	28.6777	-98.3798
X	2487	2831	36	1004.26	28.6677	-98.3498
X	2488	2832	44	1050.9	28.6677	-98.3398
X	2489	2833	36	1004.26	28.6677	-98.3298
X	2490	2835	36	716.04	28.6677	-98.3098
X	2491	2836	44	1000.58	28.6677	-98.2998
X	2492	2837	31	716.04	28.6677	-98.2898
X	2493	2838	7	938.26	28.6677	-98.2798
X	2494	2839	36	843.78	28.6677	-98.2698
X	2495	2840	31	879.32	28.6577	-98.7998
X	2496	2841	58	879.32	28.6577	-98.7898
X	2498	2843	44	879.32	28.6577	-98.7698
X	2499	2846	36	988.76	28.6577	-98.7398
X	2500	2847	36	988.76	28.6577	-98.7298
X	2501	2848	31	988.76	28.6577	-98.7198
X	2505	2853	36	945.5	28.6577	-98.6698
X	2557	2912	36	1045.9	29.3974	-98.1701
X	2558	2914	36	1034.68	29.3974	-98.1501
X	2560	2916	58	1136.32	29.3974	-98.1301
X	2561	2917	36	1002.28	29.3874	-98.1701
X	2563	2919	36	1002.28	29.3874	-98.1501
X	2564	2921	31	1101.24	29.3874	-98.1301
X	2565	2922	58	1017.28	29.3774	-98.1801
X	2566	2924	52	1034.08	29.3774	-98.1601
X	2567	2925	36	1002.28	29.3774	-98.1501
X	2568	2926	36	969.54	29.3774	-98.1401
X	2569	2927	31	1034.66	29.3774	-98.0901
X	2570	2928	31	1008.5	29.3774	-98.0801
X	2571	2929	7	994.68	29.3774	-98.0701
X	2572	2930	7	1002.28	29.3774	-98.0601
X	2574	2932	36	1024.74	29.3774	-98.0401
X	2576	2935	36	1288.24	29.3774	-98.0101
X	2627	3047	31	1101.08	29.3474	-97.8601
X	2629	3050	44	1045.88	29.3374	-98.2001
X	2630	3051	52	1017.28	29.3374	-98.1901
X	2631	3052	31	1008.5	29.3374	-98.1801
X	2632	3053	52	1008.5	29.3374	-98.1701
X	2633	3054	36	962.12	29.3374	-98.1601
X	2634	3059	36	1140.94	29.3374	-98.1101
X	2635	3061	7	1045.88	29.3374	-98.0901
X	2636	3063	44	969.56	29.3374	-98.0701
X	2637	3069	36	1140.94	29.3374	-98.0101
X	2638	3074	36	1157.84	29.3374	-97.9601
X	2639	3076	31	1281.04	29.3374	-97.9401
X	2640	3077	31	1281.04	29.3374	-97.9301
X	2641	3081	58	1101.08	29.3374	-97.8901
X	2642	3082	44	1157.84	29.3374	-97.8801
X	2643	3083	36	1170.14	29.3374	-97.8701
X	2644	3085	31	1101.08	29.3374	-97.8501
X	2646	3087	31	1002.26	29.3274	-98.2101
X	2697	3170	36	1140.96	29.3074	-98.1801
X	2698	3171	36	1140.96	29.3074	-98.1701
X	2699	3173	36	1140.96	29.3074	-98.1501
X	2700	3175	44	1140.96	29.3074	-98.1301
X	2701	3177	31	1140.96	29.3074	-98.1101
X	2702	3179	44	1140.96	29.3074	-98.0901
X	2703	3180	31	1045.88	29.3074	-98.0801
X	2704	3181	31	969.56	29.3074	-98.0701
X	2705	3182	44	1136.24	29.3074	-98.0601
X	2706	3183	36	1140.96	29.3074	-98.0501
X	2707	3184	31	1140.96	29.3074	-98.0401
X	2708	3185	36	1140.96	29.3074	-98.0301
X	2709	3186	31	1140.96	29.3074	-98.0201
X	2710	3187	7	1140.96	29.3074	-98.0101
X	2711	3190	7	1288.2	29.3074	-97.9801
X	2712	3193	44	1281.02	29.3074	-97.9501
X	2713	3194	36	1157.8	29.3074	-97.9401
X	2714	3195	36	1101.04	29.3074	-97.9301
X	2715	3196	36	1101.04	29.3074	-97.9201
X	2716	3198	36	1157.8	29.3074	-97.9001
X	2766	3275	36	1140.92	29.2874	-98.0101
X	2767	3276	31	1024.68	29.2874	-98.0001
X	2768	3277	31	1140.92	29.2874	-97.9901
X	2769	3278	31	1238.92	29.2874	-97.9801
X	2770	3280	36	1106.1	29.2874	-97.9601
X	2771	3282	58	1281	29.2874	-97.9401
X	2772	3283	36	1157.78	29.2874	-97.9301
X	2773	3284	31	1101.02	29.2874	-97.9201
X	2774	3285	58	1157.78	29.2874	-97.9101
X	2775	3286	44	1157.78	29.2874	-97.9001
X	2776	3287	36	1157.78	29.2874	-97.8901
X	2777	3288	31	1157.78	29.2874	-97.8801
X	2778	3289	31	1106.64	29.2874	-97.8701
X	2779	3290	31	1102.88	29.2874	-97.8601
X	2780	3291	7	1102.88	29.2874	-97.8501
X	2781	3292	52	1102.88	29.2874	-97.8401
X	2782	3293	36	1102.88	29.2874	-97.8301
X	2783	3294	31	1101.02	29.2874	-97.8201
X	2785	3296	44	1180.86	29.2874	-97.8001
X	2836	3365	44	1029.16	29.2674	-98.0801
X	2837	3366	36	962.1	29.2674	-98.0701
X	2838	3367	58	1034.6	29.2674	-98.0601
X	2839	3369	58	928.78	29.2674	-98.0401
X	2840	3370	31	969.52	29.2674	-98.0301
X	2841	3371	52	1140.92	29.2674	-98.0201
X	2842	3372	36	1140.92	29.2674	-98.0101
X	2843	3374	31	1017.46	29.2674	-97.9901
X	2844	3375	44	1108.26	29.2674	-97.9801
X	2845	3376	36	1106.1	29.2674	-97.9701
X	2846	3377	36	1233.3	29.2674	-97.9601
X	2848	3380	7	1157.76	29.2674	-97.9301
X	2849	3381	7	1106.24	29.2674	-97.9201
X	2850	3382	44	1157.76	29.2674	-97.9101
X	2855	3387	31	1157.08	29.2674	-97.8601
X	2908	3458	44	1140.92	29.2474	-98.1801
X	2909	3460	44	1140.92	29.2474	-98.1601
X	2910	3461	58	1140.92	29.2474	-98.1501
X	2911	3462	44	1140.92	29.2474	-98.1401
X	2912	3464	31	1140.92	29.2474	-98.1201
X	2913	3465	7	1140.92	29.2474	-98.1101
X	2914	3466	44	1140.92	29.2474	-98.1001
X	2915	3467	36	1002.16	29.2474	-98.0901
X	2917	3469	7	1002.16	29.2474	-98.0701
X	2919	3471	7	1140.92	29.2474	-98.0501
X	2920	3472	36	1002.16	29.2474	-98.0401
X	2934	3490	36	1180.86	29.2474	-97.8601
X	2935	3492	36	1102.82	29.2474	-97.8401
X	2936	3493	52	1106.1	29.2474	-97.8301
X	2937	3494	31	1102.82	29.2474	-97.8201
X	2938	3495	52	1102.82	29.2474	-97.8101
X	2939	3496	36	1080.84	29.2474	-97.8001
X	2978	3542	36	1087.36	29.2374	-97.8901
X	2982	3546	31	1168.38	29.2374	-97.8501
X	2983	3547	58	1102.8	29.2374	-97.8401
X	2985	3549	31	1102.8	29.2374	-97.8201
X	2988	3552	58	1080.84	29.2374	-97.7901
X	2989	3553	52	1102.8	29.2374	-97.7801
X	2990	3554	44	1102.8	29.2374	-97.7701
X	2991	3555	31	1152.36	29.2374	-97.7601
X	2992	3556	31	1102.8	29.2374	-97.7501
X	2994	3558	31	1017.18	29.2274	-98.3001
X	3006	3578	36	1002.14	29.2274	-98.1001
X	3048	3631	31	1140.86	29.2174	-98.1401
X	3049	3632	31	1029.12	29.2174	-98.1301
X	3050	3633	52	1140.86	29.2174	-98.1201
X	3051	3634	31	1002.14	29.2174	-98.1101
X	3052	3635	58	990.22	29.2174	-98.1001
X	3053	3636	44	1017.16	29.2174	-98.0901
X	3054	3639	36	1002.14	29.2174	-98.0601
X	3056	3641	7	962.08	29.2174	-98.0401
X	3057	3642	7	1002.14	29.2174	-98.0301
X	3058	3643	52	1029.12	29.2174	-98.0201
X	3059	3645	44	1031.36	29.2174	-98.0001
X	3060	3646	36	655.66	29.2174	-97.9901
X	3061	3647	31	978.8	29.2174	-97.9801
X	3062	3648	7	998.18	29.2174	-97.9701
X	3063	3649	7	1128.42	29.2174	-97.9601
X	3064	3650	36	1106.22	29.2174	-97.9501
X	3065	3651	44	1152.32	29.2174	-97.9401
X	3067	3653	31	1131.96	29.2174	-97.9201
X	3116	3709	36	542.16	29.2074	-97.8901
X	3117	3710	44	1080.84	29.2074	-97.8801
X	3119	3712	52	1102.76	29.2074	-97.8601
X	3120	3713	36	1087.34	29.2074	-97.8501
X	3121	3714	58	1094.24	29.2074	-97.8401
X	3122	3715	52	1168.5	29.2074	-97.8301
X	3123	3716	36	1102.76	29.2074	-97.8201
X	3124	3717	31	1102.76	29.2074	-97.8101
X	3125	3718	58	1152.32	29.2074	-97.8001
X	3126	3719	58	1080.84	29.2074	-97.7901
X	3127	3721	52	1168.32	29.2074	-97.7701
X	3128	3722	44	1167.5	29.2074	-97.7601
X	3129	3723	36	822.62	29.2074	-97.7501
X	3130	3724	31	1018.36	29.1974	-98.3301
X	3132	3726	7	1140.86	29.1974	-98.3101
X	3133	3727	44	1002.12	29.1974	-98.3001
X	3134	3728	31	1018.36	29.1974	-98.2801
X	3189	3794	52	1140.86	29.1874	-98.1701
X	3190	3795	31	1140.86	29.1874	-98.1601
X	3191	3796	58	990.94	29.1874	-98.1501
X	3192	3797	44	1045.78	29.1874	-98.1401
X	3193	3798	36	1029.12	29.1874	-98.1301
X	3195	3801	58	655.64	29.1874	-98.1001
X	3196	3802	52	655.64	29.1874	-98.0901
X	3197	3803	44	1002.12	29.1874	-98.0801
X	3198	3804	36	1034.8	29.1874	-98.0701
X	3199	3805	31	1045.78	29.1874	-98.0601
X	3200	3806	31	1002.12	29.1874	-98.0501
X	3201	3807	7	1029.12	29.1874	-98.0401
X	3202	3808	52	1002.12	29.1874	-98.0301
X	3203	3810	36	1034.88	29.1874	-98.0101
X	3204	3811	52	1034.88	29.1874	-98.0001
X	3205	3812	31	1002.12	29.1874	-97.9901
X	3206	3813	44	1045.78	29.1874	-97.9801
X	3207	3814	36	1017.38	29.1874	-97.9701
X	3208	3815	36	1091.06	29.1874	-97.9601
X	3209	3816	31	1233.32	29.1874	-97.9501
X	3256	3865	36	979.66	29.1774	-98.0401
X	3258	3867	36	1034.88	29.1774	-98.0201
X	3259	3868	44	1017.08	29.1774	-98.0101
X	3260	3869	31	1002.1	29.1774	-98.0001
X	3261	3871	7	1034.4	29.1774	-97.9701
X	3262	3872	36	1012.76	29.1774	-97.9601
X	3263	3873	36	1180.8	29.1774	-97.9501
X	3264	3874	58	1102.66	29.1774	-97.9401
X	3265	3875	52	1102.66	29.1774	-97.9301
X	3266	3876	52	1080.82	29.1774	-97.9201
X	3267	3877	44	1080.82	29.1774	-97.9101
X	3268	3878	36	1145.58	29.1774	-97.9001
X	3269	3879	31	1080.82	29.1774	-97.8901
X	3270	3880	58	1087.28	29.1774	-97.8801
X	3271	3881	7	822.64	29.1774	-97.8701
X	3272	3882	44	822.64	29.1774	-97.8601
X	3273	3883	36	1149.92	29.1774	-97.8501
X	3274	3884	44	1149.92	29.1774	-97.8401
X	3275	3885	31	1149.92	29.1774	-97.8301
X	3276	3886	36	1157.02	29.1774	-97.8201
X	3277	3887	36	1157.02	29.1774	-97.8101
X	3278	3888	36	1149.92	29.1774	-97.8001
X	3279	3889	31	1149.92	29.1774	-97.7901
X	3326	3938	52	1080.82	29.1674	-97.8701
X	3327	3939	52	1149.9	29.1674	-97.8601
X	3328	3940	31	1168.36	29.1674	-97.8501
X	3329	3941	36	1167.46	29.1674	-97.8401
X	3330	3942	58	1149.9	29.1674	-97.8301
X	3331	3943	44	1157	29.1674	-97.8201
X	3332	3944	36	1149.9	29.1674	-97.8101
X	3333	3945	31	1002.1	29.1574	-98.3601
X	3334	3946	7	962.04	29.1574	-98.3501
X	3335	3947	52	1002.1	29.1574	-98.3401
X	3336	3948	44	1098.58	29.1574	-98.3301
X	3337	3949	44	1034.34	29.1574	-98.3201
X	3338	3950	31	1002.1	29.1574	-98.3101
X	3339	3951	31	1002.1	29.1574	-98.3001
X	3340	3952	58	1096.66	29.1574	-98.2901
X	3341	3954	52	1098.58	29.1574	-98.2701
X	3342	3955	44	1098.58	29.1574	-98.2601
X	3344	3957	44	1096.66	29.1574	-98.2401
X	3346	3959	36	1030.5	29.1574	-98.2201
X	3397	4013	44	1034.34	29.1474	-98.2301
X	3398	4014	44	1002.1	29.1474	-98.2201
X	3399	4015	36	1002.1	29.1474	-98.2101
X	3400	4016	44	1031.28	29.1474	-98.2001
X	3401	4017	36	1030.5	29.1474	-98.1901
X	3402	4021	31	1017.06	29.1474	-98.1401
X	3403	4022	58	1008.4	29.1474	-98.1301
X	3404	4023	52	1029.08	29.1474	-98.1201
X	3405	4024	44	998.84	29.1474	-98.1101
X	3406	4025	36	1034.34	29.1474	-98.1001
X	3407	4026	31	974.14	29.1474	-98.0901
X	3408	4027	31	1021.36	29.1474	-98.0801
X	3409	4028	58	974.14	29.1474	-98.0701
X	3410	4029	52	974.14	29.1474	-98.0601
X	3411	4030	44	1017.06	29.1474	-98.0501
X	3412	4031	36	1045.8	29.1474	-98.0401
X	3413	4032	52	1002.1	29.1474	-98.0301
X	3414	4033	36	1002.1	29.1474	-98.0201
X	3422	4041	44	1168.36	29.1474	-97.9401
X	3423	4042	36	1168.36	29.1474	-97.9301
X	3424	4043	44	1094.14	29.1474	-97.9201
X	3425	4044	58	1094.14	29.1474	-97.9101
X	3426	4045	7	1094.14	29.1474	-97.9001
X	3427	4046	31	1167.44	29.1474	-97.8901
X	3428	4047	52	1145.56	29.1474	-97.8801
X	3429	4048	36	1102.66	29.1474	-97.8701
X	3431	4050	7	1167.44	29.1474	-97.8501
X	3432	4051	44	1167.44	29.1474	-97.8401
X	3433	4052	36	1167.44	29.1474	-97.8301
X	3434	4053	58	1140.84	29.1374	-98.3801
X	3436	4055	36	1098.58	29.1374	-98.3601
X	3476	4101	44	1233.34	29.1374	-97.8901
X	3477	4102	31	1149.88	29.1374	-97.8801
X	3478	4103	31	1094.14	29.1374	-97.8701
X	3480	4105	52	1233.34	29.1374	-97.8501
X	3481	4106	44	1193.26	29.1274	-98.3901
X	3482	4108	31	994.98	29.1274	-98.3701
X	3483	4109	7	1002.1	29.1274	-98.3601
X	3484	4110	31	1002.1	29.1274	-98.3501
X	3485	4111	44	974.08	29.1274	-98.3401
X	3486	4112	44	1029.52	29.1274	-98.3301
X	3493	4121	31	1008.38	29.1274	-98.2201
X	3494	4122	31	1045.78	29.1274	-98.2101
X	3496	4124	36	1035.78	29.1274	-98.1901
X	3498	4126	44	1017.06	29.1274	-98.1601
X	3499	4128	31	1002.1	29.1274	-98.1401
X	3502	4131	36	954.7	29.1274	-98.1101
X	3505	4134	36	1057.48	29.1274	-98.0801
X	3506	4135	36	1057.48	29.1274	-98.0701
X	3543	4174	52	1017.02	29.1174	-98.2301
X	3544	4175	44	1017.02	29.1174	-98.2201
X	3545	4176	31	1096.64	29.1174	-98.2101
X	3546	4177	31	1057.46	29.1174	-98.2001
X	3547	4178	31	1030.44	29.1174	-98.1901
X	3549	4181	7	969.48	29.1174	-98.1601
X	3550	4182	44	1010.6	29.1174	-98.1501
X	3551	4183	36	1034.32	29.1174	-98.1401
X	3552	4184	58	1034.32	29.1174	-98.1301
X	3553	4185	36	954.7	29.1174	-98.1201
X	3554	4186	58	1034.32	29.1174	-98.1101
X	3555	4187	36	1034.32	29.1174	-98.1001
X	3556	4188	36	954.7	29.1174	-98.0901
X	3557	4189	36	974.1	29.1174	-98.0801
X	3558	4191	52	1057.46	29.1174	-98.0601
X	3559	4192	44	974.1	29.1174	-98.0501
X	3568	4201	31	1029.08	29.1174	-97.9601
X	3570	4203	52	997.88	29.1174	-97.9401
X	3571	4204	36	1149.88	29.1174	-97.9301
X	3574	4207	36	1149.88	29.1174	-97.9001
X	3575	4208	31	1149.88	29.1174	-97.8901
X	3610	4244	36	1017	29.1074	-98.0301
X	3611	4245	36	1034.32	29.1074	-98.0201
X	3613	4247	52	1017	29.1074	-98.0001
X	3614	4248	36	974.08	29.1074	-97.9901
X	3615	4249	36	1135.98	29.1074	-97.9801
X	3616	4250	31	1041.24	29.1074	-97.9701
X	3617	4251	31	965.2	29.1074	-97.9601
X	3618	4252	31	1041.24	29.1074	-97.9501
X	3619	4253	7	1012.72	29.1074	-97.9401
X	3620	4254	44	1091.1	29.1074	-97.9301
X	3621	4256	36	1149.88	29.1074	-97.9101
X	3622	4257	52	1149.88	29.1074	-97.9001
X	3623	4258	36	1102.58	29.1074	-97.8901
X	3624	4259	52	1066.62	29.0974	-98.3901
X	3625	4260	31	1020.2	29.0974	-98.3801
X	3626	4261	36	974.06	29.0974	-98.3701
X	3627	4263	31	1098.54	29.0974	-98.3501
X	3628	4266	36	962.06	29.0974	-98.3201
X	3629	4267	36	1098.54	29.0974	-98.3101
X	3683	4334	36	954.64	29.0874	-98.1201
X	3684	4335	31	1029.5	29.0874	-98.1101
X	3685	4336	36	1034.34	29.0874	-98.1001
X	3686	4337	31	1029.5	29.0874	-98.0901
X	3687	4338	31	1034.34	29.0874	-98.0801
X	3688	4339	7	1021.3	29.0874	-98.0701
X	3689	4340	44	1034.34	29.0874	-98.0601
X	3690	4342	36	966.32	29.0874	-98.0401
X	3691	4343	31	1017.04	29.0874	-98.0301
X	3692	4344	58	1017.04	29.0874	-98.0201
X	3693	4345	36	974.02	29.0874	-98.0101
X	3694	4346	58	1017.04	29.0874	-98.0001
X	3695	4347	31	1034.34	29.0874	-97.9901
X	3696	4348	52	969.48	29.0874	-97.9801
X	3697	4349	52	965.16	29.0874	-97.9701
X	3698	4351	31	1041.3	29.0874	-97.9501
X	3748	4406	31	1098.52	29.0674	-98.2901
X	3750	4408	36	1002.04	29.0674	-98.2701
X	3752	4411	7	1052.2	29.0674	-98.2401
X	3753	4413	44	1034.76	29.0674	-98.2201
X	3754	4414	36	974.02	29.0674	-98.2101
X	3755	4415	31	974.02	29.0674	-98.2001
X	3756	4416	31	1052.2	29.0674	-98.1901
X	3757	4417	31	1009.06	29.0674	-98.1801
X	3758	4418	58	1009.06	29.0674	-98.1701
X	3759	4419	52	1030.42	29.0674	-98.1601
X	3760	4420	44	1031.22	29.0674	-98.1401
X	3761	4421	31	728.26	29.0674	-98.1301
X	3762	4422	52	1029.48	29.0674	-98.1201
X	3763	4423	31	1017.04	29.0674	-98.1101
X	3764	4425	44	1045.6	29.0674	-98.0901
X	3765	4426	44	1057.4	29.0674	-98.0801
X	3766	4427	44	1008.34	29.0674	-98.0701
X	3775	4438	44	1029.04	29.0674	-97.9601
X	3776	4439	31	1029.04	29.0674	-97.9501
X	3777	4440	52	1032.02	29.0674	-97.9401
X	3778	4441	36	1002.04	29.0574	-98.3501
X	3780	4444	7	1021.22	29.0574	-98.3201
X	3781	4445	52	1017.04	29.0574	-98.3101
X	3782	4446	36	1098.52	29.0574	-98.3001
X	3784	4448	7	1029.02	29.0574	-98.2801
X	3785	4449	44	1034.32	29.0574	-98.2701
X	3786	4450	36	1021.22	29.0574	-98.2601
X	3787	4451	31	1021.22	29.0574	-98.2501
X	3790	4454	7	1021.22	29.0574	-98.2201
X	3791	4455	7	954.64	29.0574	-98.2101
X	3792	4456	52	1041.62	29.0574	-98.2001
X	3831	4498	36	969.46	29.0474	-98.1701
X	3832	4500	44	1009.06	29.0474	-98.1501
X	3833	4501	36	1100.96	29.0474	-98.1401
X	3834	4502	44	1009.06	29.0474	-98.1301
X	3835	4503	44	1010.54	29.0474	-98.1101
X	3837	4505	31	966.3	29.0474	-98.0901
X	3838	4506	36	1021.2	29.0474	-98.0801
X	3839	4507	7	1017.02	29.0474	-98.0701
X	3854	4526	44	1029.48	29.0374	-98.2401
X	3855	4527	31	974.02	29.0374	-98.2301
X	3859	4532	7	1010.52	29.0374	-98.1801
X	3860	4533	52	1021.18	29.0374	-98.1701
X	3863	4537	36	1100.94	29.0374	-98.1301
X	3895	4573	44	1100.94	29.0274	-98.1101
X	3896	4574	36	1078.38	29.0274	-98.1001
X	3897	4575	36	1029.48	29.0274	-98.0901
X	3900	4581	36	1043.32	29.0274	-98.0301
X	3901	4582	31	1036.36	29.0274	-98.0201
X	3902	4583	44	1056.32	29.0274	-98.0101
X	3903	4584	31	1043.32	29.0274	-98.0001
X	3904	4585	36	974.02	29.0174	-98.3101
X	3905	4586	36	974.02	29.0174	-98.3001
X	3906	4587	36	966.26	29.0174	-98.2901
X	3907	4588	44	1045.56	29.0174	-98.2801
X	3908	4589	36	1021.14	29.0174	-98.2701
X	3924	4606	31	969.44	29.0174	-98.1001
X	3932	4616	44	1021.14	29.0074	-98.3001
X	3933	4617	44	1021.14	29.0074	-98.2901
X	3969	4655	44	1017	28.9974	-98.1801
X	3970	4656	36	1021.12	28.9974	-98.1701
X	3971	4657	52	1017	28.9974	-98.1601
X	3972	4658	36	974.02	28.9974	-98.1501
X	3973	4659	52	974.02	28.9974	-98.1401
X	3974	4660	31	1017	28.9974	-98.1301
X	3975	4661	36	1017	28.9974	-98.1201
X	3976	4662	31	1029.48	28.9974	-98.1101
X	3977	4663	44	969.38	28.9974	-98.0901
X	3978	4664	36	974.02	28.9974	-98.0801
X	4004	4690	36	1056.3	28.9874	-98.0701
X	4032	4720	36	1044.82	28.9674	-98.2101
X	4034	4722	36	1016.96	28.9674	-98.1901
X	4035	4723	31	1010.52	28.9674	-98.1801
X	4038	4726	44	1016.96	28.9674	-98.1501
X	4039	4727	36	974.38	28.9674	-98.1401
X	4040	4728	31	1029.78	28.9674	-98.1301
X	4041	4729	52	1029.78	28.9674	-98.1201
X	4042	4730	31	1036.3	28.9674	-98.1101
X	4043	4731	52	1055.08	28.9674	-98.1001
X	4044	4732	36	1128.28	28.9674	-98.0901
X	4045	4733	31	980.8	28.9674	-98.0801
X	4046	4734	52	1034.28	28.9574	-98.2601
X	4047	4735	36	1010.52	28.9574	-98.2501
X	4048	4736	36	1001.7	28.9574	-98.2401
X	4058	4747	36	865.5	28.9574	-98.1301
X	4061	4751	52	1128.26	28.9574	-98.0901
X	4062	4752	36	974.36	28.9474	-98.2501
X	4064	4754	7	1096.46	28.9474	-98.2301
X	4065	4755	44	954.56	28.9474	-98.2201
X	4066	4756	44	1016.96	28.9474	-98.2101
X	4067	4757	36	1034.28	28.9474	-98.2001
X	4068	4758	31	1010.52	28.9474	-98.1901
X	4071	4761	7	850.5	28.9474	-98.1601
X	4072	4762	7	943.5	28.9474	-98.1501
X	4073	4763	7	1013.4	28.9474	-98.1401
X	4116	4807	44	964.46	28.8974	-98.1801
X	4117	4808	31	964.46	28.8974	-98.1701
X	4118	4809	31	964.46	28.8874	-98.1901
Z	115	203	0	1129.92	29.1377	-98.4898
Z	116	204	0	1129.92	29.1377	-98.4798
Z	130	238	0	1088.12	29.1277	-98.4698
Z	131	239	0	1086.4	29.1277	-98.4598
Z	132	240	0	1088.12	29.1277	-98.4498
Z	156	276	0	1086.4	29.1177	-98.4498
Z	157	277	0	1086.4	29.1177	-98.4398
Z	158	278	0	1076.32	29.1177	-98.4298
Z	185	314	0	1076.32	29.1077	-98.4598
Z	186	315	0	1086.4	29.1077	-98.4498
Z	187	316	0	1086.4	29.1077	-98.4398
Z	188	317	0	1086.4	29.1077	-98.4298
Z	189	318	0	1063.68	29.1077	-98.4198
Z	190	319	0	1055.82	29.1077	-98.4098
Z	258	398	0	1039.34	29.0877	-98.4298
Z	2592	2982	0	1002.28	29.3574	-98.1801
Z	2593	2983	0	1057.6	29.3574	-98.1701
Z	2628	3048	0	1002.28	29.3374	-98.2201
Z	2645	3086	0	1045.88	29.3274	-98.2201
Z	2647	3088	0	1017.26	29.3274	-98.2001
Z	2648	3089	0	1140.94	29.3274	-98.1901
Z	2649	3090	0	1002.26	29.3274	-98.1801
Z	2666	3123	0	1002.22	29.3174	-98.2301
Z	2667	3124	0	1140.94	29.3174	-98.2201
Z	2668	3125	0	1140.94	29.3174	-98.2101
Z	2669	3126	0	1140.94	29.3174	-98.2001
Z	2670	3128	0	1140.94	29.3174	-98.1801
Z	2693	3164	0	1140.96	29.3074	-98.2401
Z	2694	3165	0	1140.96	29.3074	-98.2301
Z	2695	3166	0	1140.96	29.3074	-98.2201
Z	2696	3169	0	1140.96	29.3074	-98.1901
Z	2723	3207	0	1002.22	29.2974	-98.2501
Z	2724	3208	0	1140.94	29.2974	-98.2401
Z	2725	3209	0	1140.94	29.2974	-98.2301
Z	2726	3211	0	1140.94	29.2974	-98.2101
Z	2727	3212	0	1140.94	29.2974	-98.2001
Z	2728	3213	0	1140.94	29.2974	-98.1901
Z	2729	3217	0	1140.94	29.2974	-98.1501
Z	2753	3251	0	1029.18	29.2874	-98.2601
Z	2754	3259	0	1140.92	29.2874	-98.1801
Z	2755	3262	0	1140.92	29.2874	-98.1501
Z	2786	3297	0	1029.18	29.2774	-98.2701
Z	2787	3304	0	1140.92	29.2774	-98.2001
Z	2788	3305	0	1140.92	29.2774	-98.1901
Z	2789	3306	0	1140.92	29.2774	-98.1801
Z	2790	3307	0	1140.92	29.2774	-98.1701
Z	2791	3309	0	1140.92	29.2774	-98.1501
Z	2822	3346	0	1140.92	29.2674	-98.2701
Z	2823	3347	0	1140.92	29.2674	-98.2601
Z	2824	3348	0	1140.92	29.2674	-98.2501
Z	2825	3349	0	1140.92	29.2674	-98.2401
Z	2826	3351	0	1140.92	29.2674	-98.2201
Z	2827	3354	0	1140.92	29.2674	-98.1901
Z	2828	3355	0	1140.92	29.2674	-98.1801
Z	2829	3356	0	1140.92	29.2674	-98.1701
Z	2830	3357	0	1140.92	29.2674	-98.1601
Z	2864	3396	0	1029.16	29.2574	-98.2801
Z	2865	3397	0	1029.16	29.2574	-98.2701
Z	2866	3398	0	1140.92	29.2574	-98.2601
Z	2867	3401	0	1140.92	29.2574	-98.2301
Z	2868	3402	0	1140.92	29.2574	-98.2201
Z	2869	3405	0	1140.92	29.2574	-98.1901
Z	2870	3406	0	1140.92	29.2574	-98.1801
Z	2871	3409	0	1140.92	29.2574	-98.1501
Z	2904	3447	0	962.1	29.2474	-98.2901
Z	2905	3448	0	962.1	29.2474	-98.2801
Z	2906	3452	0	1140.92	29.2474	-98.2401
Z	2907	3456	0	1140.92	29.2474	-98.2001
Z	2944	3501	0	990.24	29.2374	-98.3001
Z	2945	3502	0	1096.74	29.2374	-98.2901
Z	2946	3503	0	1057.6	29.2374	-98.2801
Z	2947	3504	0	1029.14	29.2374	-98.2701
Z	2948	3506	0	1029.14	29.2374	-98.2501
Z	2949	3507	0	1140.9	29.2374	-98.2401
Z	2950	3508	0	1140.9	29.2374	-98.2301
Z	2951	3510	0	1140.9	29.2374	-98.2101
Z	2952	3511	0	1140.9	29.2374	-98.2001
Z	2953	3512	0	1140.9	29.2374	-98.1901
Z	2954	3514	0	1140.9	29.2374	-98.1701
Z	2955	3515	0	1140.9	29.2374	-98.1601
Z	2956	3516	0	1140.9	29.2374	-98.1501
Z	2957	3517	0	1140.9	29.2374	-98.1401
Z	2993	3557	0	1034.04	29.2274	-98.3101
Z	2995	3559	0	1031.34	29.2274	-98.2901
Z	2996	3560	0	1023.22	29.2274	-98.2801
Z	2997	3561	0	1029.12	29.2274	-98.2701
Z	2998	3562	0	1041.38	29.2274	-98.2601
Z	2999	3564	0	1140.86	29.2274	-98.2401
Z	3000	3566	0	1140.86	29.2274	-98.2201
Z	3001	3567	0	1140.86	29.2274	-98.2101
Z	3002	3569	0	1140.86	29.2274	-98.1901
Z	3037	3613	0	1030.52	29.2174	-98.3201
Z	3038	3614	0	1002.14	29.2174	-98.3101
Z	3039	3616	0	1030.52	29.2174	-98.2901
Z	3040	3619	0	1041.38	29.2174	-98.2601
Z	3041	3620	0	1140.86	29.2174	-98.2501
Z	3042	3621	0	1140.86	29.2174	-98.2401
Z	3043	3622	0	1140.86	29.2174	-98.2301
Z	3044	3623	0	1140.86	29.2174	-98.2201
Z	3045	3624	0	1140.86	29.2174	-98.2101
Z	3046	3626	0	1140.86	29.2174	-98.1901
Z	3047	3629	0	1140.86	29.2174	-98.1601
Z	3086	3672	0	1101.12	29.2074	-98.2901
Z	3087	3674	0	1009.08	29.2074	-98.2401
Z	3088	3675	0	1009.08	29.2074	-98.2301
Z	3089	3676	0	1031.36	29.2074	-98.2201
Z	3090	3677	0	1140.86	29.2074	-98.2101
Z	3091	3678	0	1140.86	29.2074	-98.2001
Z	3092	3682	0	1140.86	29.2074	-98.1601
Z	3093	3684	0	1140.86	29.2074	-98.1401
Z	3131	3725	0	1050.24	29.1974	-98.3201
Z	3135	3729	0	1050.24	29.1974	-98.2601
Z	3136	3730	0	1101.14	29.1974	-98.2401
Z	3137	3732	0	1030.54	29.1974	-98.2201
Z	3138	3733	0	1030.54	29.1974	-98.2101
Z	3139	3734	0	1140.86	29.1974	-98.2001
Z	3140	3736	0	1140.86	29.1974	-98.1801
Z	3141	3737	0	1140.86	29.1974	-98.1701
Z	3177	3778	0	1018.36	29.1874	-98.3401
Z	3178	3779	0	1140.86	29.1874	-98.3301
Z	3179	3781	0	1140.86	29.1874	-98.3101
Z	3180	3782	0	1098.58	29.1874	-98.3001
Z	3181	3783	0	1098.58	29.1874	-98.2901
Z	3182	3784	0	1098.58	29.1874	-98.2801
Z	3183	3785	0	990.94	29.1874	-98.2701
Z	3184	3787	0	1010.6	29.1874	-98.2501
Z	3185	3789	0	1010.6	29.1874	-98.2301
Z	3186	3790	0	1101.14	29.1874	-98.2101
Z	3187	3791	0	1101.14	29.1874	-98.2001
Z	3188	3792	0	1140.86	29.1874	-98.1901
Z	3227	3834	0	1140.86	29.1774	-98.3501
Z	3228	3835	0	1096.66	29.1774	-98.3401
Z	3229	3836	0	1002.1	29.1774	-98.3301
Z	3230	3837	0	1002.1	29.1774	-98.3201
Z	3231	3838	0	1078.34	29.1774	-98.3101
Z	3232	3839	0	1008.4	29.1774	-98.3001
Z	3233	3840	0	974.14	29.1774	-98.2901
Z	3235	3842	0	1017.08	29.1774	-98.2701
Z	3236	3843	0	1029.12	29.1774	-98.2601
Z	3237	3844	0	1017.08	29.1774	-98.2501
Z	3238	3845	0	1002.1	29.1774	-98.2401
Z	3239	3846	0	1098.58	29.1774	-98.2301
Z	3240	3847	0	1030.54	29.1774	-98.2201
Z	3241	3849	0	1002.1	29.1774	-98.2001
Z	3242	3850	0	1140.86	29.1774	-98.1901
Z	3243	3851	0	1140.86	29.1774	-98.1801
Z	3280	3890	0	1140.86	29.1674	-98.3601
Z	3281	3891	0	1008.4	29.1674	-98.3501
Z	3282	3892	0	1008.4	29.1674	-98.3401
Z	3283	3893	0	1034.38	29.1674	-98.3201
Z	3284	3894	0	1034.38	29.1674	-98.3101
Z	3285	3895	0	1002.1	29.1674	-98.3001
Z	3286	3896	0	1002.1	29.1674	-98.2901
Z	3287	3897	0	990.94	29.1674	-98.2801
Z	3288	3898	0	1098.58	29.1674	-98.2701
Z	3289	3899	0	1098.58	29.1674	-98.2601
Z	3290	3900	0	1098.58	29.1674	-98.2501
Z	3291	3901	0	1098.58	29.1674	-98.2401
Z	3292	3902	0	1098.58	29.1674	-98.2301
Z	3293	3904	0	1018.36	29.1674	-98.2101
Z	3294	3905	0	1101.12	29.1674	-98.2001
Z	3295	3906	0	1030.5	29.1674	-98.1901
Z	3296	3907	0	1002.1	29.1674	-98.1801
Z	3298	3909	0	1098.58	29.1674	-98.1601
Z	3343	3956	0	1098.58	29.1574	-98.2501
Z	3345	3958	0	1034.34	29.1574	-98.2301
Z	3347	3961	0	1030.5	29.1574	-98.1901
Z	3348	3962	0	962.04	29.1574	-98.1801
Z	3349	3963	0	1002.1	29.1574	-98.1701
Z	3350	3964	0	1002.1	29.1574	-98.1601
Z	3384	4000	0	1002.1	29.1474	-98.3601
Z	3386	4002	0	1098.58	29.1474	-98.3401
Z	3387	4003	0	1098.58	29.1474	-98.3301
Z	3391	4007	0	990.92	29.1474	-98.2901
Z	3393	4009	0	1034.34	29.1474	-98.2701
Z	3445	4066	0	1034.34	29.1374	-98.2501
Z	3447	4068	0	1010.6	29.1374	-98.2301
Z	3448	4069	0	1034.34	29.1374	-98.2201
Z	3449	4070	0	1031.26	29.1374	-98.2101
