VARIABLE, PARCEL, DEPOT, VALUE,LON,LAT
D,0,3,1,-98.55479,29.1627
D,0,31,1,-98.20511,29.3224
D,0,36,1,-98.28511,29.2424
D,0,52,1,-98.20511,29.08235
X,1,31,705.18,-98.7698,29.2377
X,2,3,1053.98,-98.7798,29.2277
X,71,36,1083.68,-98.7998,29.1577
X,72,36,1083.68,-98.7698,29.1577
X,73,36,1061.52,-98.7598,29.1577
X,74,52,1138.24,-98.7498,29.1577
X,75,31,1153.66,-98.7398,29.1577
X,76,52,1143.38,-98.7298,29.1577
X,77,36,1143.38,-98.7098,29.1577
X,80,36,1122.46,-98.6498,29.1577
X,142,3,1083.46,-98.6098,29.1177
X,213,52,1077.2,-98.4998,29.0977
X,214,31,1031.18,-98.4898,29.0977
X,215,36,1077.2,-98.4798,29.0977
X,216,31,1069.52,-98.4698,29.0977
X,217,3,1066.34,-98.4498,29.0977
X,218,31,991,-98.4398,29.0977
X,220,52,1031.18,-98.4198,29.0977
X,221,31,1069.52,-98.4098,29.0977
X,222,31,1035.08,-98.3998,29.0977
X,225,31,1080.62,-98.7798,29.0877
X,280,36,1074.04,-98.6098,29.0777
X,281,36,1074.04,-98.5998,29.0777
X,282,36,1074.04,-98.5898,29.0777
X,283,36,1074.04,-98.5798,29.0777
X,284,52,1074.04,-98.5698,29.0777
X,285,36,1074.04,-98.5598,29.0777
X,286,52,1030.64,-98.5498,29.0777
X,287,3,1087.8,-98.5398,29.0777
X,288,31,1083.44,-98.5298,29.0777
X,289,52,1070.5,-98.5098,29.0777
X,290,36,1069.52,-98.4998,29.0777
X,291,36,1077.06,-98.4898,29.0777
X,292,36,1069.52,-98.4798,29.0777
X,293,3,1077.06,-98.4698,29.0777
X,294,36,1077.06,-98.4598,29.0777
X,297,3,1080.5,-98.4298,29.0777
X,352,36,1016.66,-98.7098,29.0577
X,353,36,1051.82,-98.6998,29.0577
X,354,52,1014.6,-98.6798,29.0577
X,355,36,1036.84,-98.6698,29.0577
X,356,52,1014.6,-98.6598,29.0577
X,357,36,1051.82,-98.6498,29.0577
X,358,31,1014.6,-98.6398,29.0577
X,359,52,1057.28,-98.6298,29.0577
X,360,36,1073.96,-98.6198,29.0577
X,361,36,1073.96,-98.6098,29.0577
X,362,31,1073.96,-98.5998,29.0577
X,363,3,1070.44,-98.5898,29.0577
X,364,31,1030.6,-98.5798,29.0577
X,365,31,1087.8,-98.5698,29.0577
X,367,3,1073.96,-98.5498,29.0577
X,368,3,1064.26,-98.5398,29.0577
X,422,3,1031.16,-98.4198,29.0477
X,423,31,1031.16,-98.4098,29.0477
X,424,52,1069.54,-98.3998,29.0477
X,425,31,1087.74,-98.3898,29.0477
X,426,52,1098.78,-98.3598,29.0477
X,427,36,1069.34,-98.3498,29.0477
X,480,31,1082,-98.6898,29.0277
X,484,36,1057.24,-98.6398,29.0277
X,485,36,1057.24,-98.6298,29.0277
X,492,31,1070.42,-98.5598,29.0277
X,493,3,1084.68,-98.5498,29.0277
X,494,52,1084.68,-98.5298,29.0277
X,495,36,1073.94,-98.5198,29.0277
X,496,31,1030.58,-98.5098,29.0277
X,497,3,1031.12,-98.4998,29.0277
X,498,36,1077,-98.4898,29.0277
X,500,52,1077,-98.4698,29.0277
X,501,36,1069.56,-98.4598,29.0277
X,502,31,1077,-98.4498,29.0277
X,504,52,1154.5,-98.4198,29.0277
X,505,36,1046.22,-98.4098,29.0277
X,506,31,1080.26,-98.3998,29.0277
X,507,31,1087.86,-98.3898,29.0277
X,510,3,1074.4,-98.3598,29.0277
X,511,3,1048.16,-98.3498,29.0277
X,512,3,1048.16,-98.3398,29.0277
X,569,52,1014.58,-98.6798,29.0077
X,570,3,1046.7,-98.6698,29.0077
X,571,36,1060.56,-98.6598,29.0077
X,572,31,1060.56,-98.6498,29.0077
X,573,3,1020.66,-98.6398,29.0077
X,574,36,1014.52,-98.6298,29.0077
X,575,31,1084.6,-98.6198,29.0077
X,576,31,1083.42,-98.6098,29.0077
X,577,31,1083.42,-98.5998,29.0077
X,578,3,1030.56,-98.5898,29.0077
X,579,52,1075.36,-98.5698,29.0077
X,580,52,1073.88,-98.5598,29.0077
X,581,3,1089.82,-98.5498,29.0077
X,583,3,1084.6,-98.5298,29.0077
X,584,52,1083.42,-98.5198,29.0077
X,585,52,1102.98,-98.5098,29.0077
X,632,52,1021.12,-98.5298,28.9977
X,633,31,1038.22,-98.5198,28.9977
X,634,3,1022.76,-98.5098,28.9977
X,635,31,1038.58,-98.4998,28.9977
X,636,52,1044.06,-98.4898,28.9977
X,637,36,1002.5,-98.4698,28.9977
X,638,31,1044.06,-98.4598,28.9977
X,639,52,982.48,-98.4498,28.9977
X,640,52,967.46,-98.4398,28.9977
X,641,36,962.32,-98.4298,28.9977
X,642,31,962.32,-98.4198,28.9977
X,643,3,993.84,-98.3998,28.9977
X,644,36,1006.1,-98.3898,28.9977
X,645,31,1036.02,-98.3698,28.9977
X,646,31,1092.38,-98.3598,28.9977
X,647,31,1032.32,-98.3498,28.9977
X,648,3,1032.32,-98.3398,28.9977
X,649,3,1032.32,-98.3298,28.9977
X,650,3,1145.6,-98.3098,28.9977
X,651,52,1032.32,-98.2998,28.9977
X,715,31,1014.56,-98.6598,28.9777
X,716,31,1028.02,-98.6498,28.9777
X,717,3,1014.56,-98.6398,28.9777
X,718,3,1001.8,-98.6298,28.9777
X,719,3,974.2,-98.6198,28.9777
X,720,3,1009.7,-98.6098,28.9777
X,721,36,985.72,-98.5998,28.9777
X,722,36,985.72,-98.5898,28.9777
X,723,36,1020.04,-98.5798,28.9777
X,724,52,1095.3,-98.5598,28.9777
X,725,3,1021.1,-98.5498,28.9777
X,726,3,1022.72,-98.5398,28.9777
X,774,3,1022.74,-98.5198,28.9677
X,776,52,1043.94,-98.4698,28.9677
X,777,36,1079.66,-98.4598,28.9677
X,779,52,1002.48,-98.4298,28.9677
X,780,36,1014.56,-98.4098,28.9677
X,781,31,1006.14,-98.3998,28.9677
X,782,52,969.32,-98.3898,28.9677
X,783,3,962.12,-98.3798,28.9677
X,784,36,994.36,-98.3698,28.9677
X,785,31,1035.92,-98.3598,28.9677
X,789,3,1082.34,-98.3198,28.9677
X,790,3,1011.18,-98.3098,28.9677
X,791,52,1063.62,-98.2998,28.9677
X,830,36,1041.2,-98.3398,28.9577
X,831,52,1102.22,-98.3298,28.9577
X,832,31,1082.3,-98.3198,28.9577
X,833,3,1082.3,-98.3098,28.9577
X,835,36,1078.14,-98.2898,28.9577
X,836,52,1082.3,-98.2798,28.9577
X,837,36,1145.56,-98.2698,28.9577
X,851,36,1019.98,-98.5998,28.9477
X,853,3,1009.66,-98.5798,28.9477
X,854,36,1009.66,-98.5698,28.9477
X,855,31,974.2,-98.5598,28.9477
X,856,36,974.2,-98.5498,28.9477
X,857,31,985.7,-98.5398,28.9477
X,860,3,962.78,-98.4998,28.9477
X,861,3,1016.42,-98.4898,28.9477
X,862,3,1006.14,-98.4798,28.9477
X,863,3,1006.14,-98.4698,28.9477
X,864,3,1035.52,-98.4598,28.9477
X,865,3,993.66,-98.4498,28.9477
X,867,31,1044.02,-98.4198,28.9477
X,868,31,1014.08,-98.4098,28.9477
X,869,31,1044.02,-98.3998,28.9477
X,870,36,1014.08,-98.3898,28.9477
X,871,52,1053.54,-98.3798,28.9477
X,872,52,1059.92,-98.3698,28.9477
X,874,52,1086.96,-98.3498,28.9477
X,876,36,1081.06,-98.3198,28.9477
X,877,36,1032.26,-98.3098,28.9477
X,920,36,1031.5,-98.3698,28.9377
X,921,36,1035.9,-98.3598,28.9377
X,922,52,1086.96,-98.3498,28.9377
X,923,36,1082.62,-98.3398,28.9377
X,924,36,1078.16,-98.3298,28.9377
X,925,31,1083.16,-98.3198,28.9377
X,926,31,1032.24,-98.2998,28.9377
X,927,3,1026.64,-98.2898,28.9377
X,928,3,1007.44,-98.2798,28.9377
X,929,3,1063.6,-98.2698,28.9377
X,930,3,1032.24,-98.2598,28.9377
X,931,52,1048.16,-98.2498,28.9377
X,1001,52,946.6,-98.6198,28.9177
X,1002,52,946.6,-98.6098,28.9177
X,1003,52,1009.64,-98.5998,28.9177
X,1004,3,1009.64,-98.5898,28.9177
X,1005,3,1098.36,-98.5798,28.9177
X,1006,3,1099.54,-98.5698,28.9177
X,1008,31,932.42,-98.5298,28.9177
X,1009,31,1009.64,-98.5198,28.9177
X,1010,36,1030.48,-98.5098,28.9177
X,1011,36,962.74,-98.4998,28.9177
X,1012,52,1055,-98.4898,28.9177
X,1013,52,1055.68,-98.4798,28.9177
X,1015,36,1055,-98.4598,28.9177
X,1016,36,1055,-98.4498,28.9177
X,1017,31,1032.36,-98.4298,28.9177
X,1056,36,946.6,-98.5898,28.9077
X,1059,3,1035.18,-98.5398,28.9077
X,1060,36,1009.6,-98.5298,28.9077
X,1061,52,979.38,-98.5198,28.9077
X,1062,3,1009.6,-98.5098,28.9077
X,1063,36,1055,-98.4998,28.9077
X,1064,31,1008.9,-98.4898,28.9077
X,1065,31,1055,-98.4798,28.9077
X,1067,3,1055.68,-98.4498,28.9077
X,1068,3,1008.9,-98.4398,28.9077
X,1069,52,1032.34,-98.4298,28.9077
X,1070,52,1032.34,-98.4198,28.9077
X,1071,52,1045.64,-98.4098,28.9077
X,1072,52,1055,-98.3998,28.9077
X,1073,52,1045.64,-98.3898,28.9077
X,1074,3,1001.66,-98.3798,28.9077
X,1075,3,1041.98,-98.3698,28.9077
X,1076,3,1078.84,-98.3598,28.9077
X,1079,31,1078.18,-98.3298,28.9077
X,1080,31,1063.66,-98.3098,28.9077
X,1081,31,1078.18,-98.2998,28.9077
X,1129,36,1096.18,-98.3698,28.8977
X,1131,52,1080.24,-98.3498,28.8977
X,1132,52,1154.4,-98.3398,28.8977
X,1133,31,1063.64,-98.3298,28.8977
X,1134,36,1083.3,-98.3198,28.8977
X,1135,31,1078.14,-98.3098,28.8977
X,1136,3,991.92,-98.2998,28.8977
X,1137,3,1087.5,-98.2898,28.8977
X,1138,52,1087.5,-98.2698,28.8977
X,1139,3,1041.2,-98.2598,28.8977
X,1140,52,1059.02,-98.2498,28.8977
X,1141,52,1111.88,-98.2398,28.8977
X,1142,52,1170.54,-98.2298,28.8977
X,1143,52,1081.96,-98.2198,28.8977
X,1144,3,1065.2,-98.2098,28.8977
X,1185,36,1084.76,-98.3298,28.8877
X,1186,36,1081.42,-98.3198,28.8877
X,1217,3,946.56,-98.5898,28.8777
X,1221,31,946.56,-98.5398,28.8777
X,1222,36,979.3,-98.5298,28.8777
X,1223,36,1009.52,-98.5098,28.8777
X,1224,31,993.26,-98.4998,28.8777
X,1278,3,1040.82,-98.4898,28.8677
X,1279,3,1030.52,-98.4798,28.8677
X,1280,52,1038.22,-98.4698,28.8677
X,1281,52,1006.16,-98.4598,28.8677
X,1282,52,1056.96,-98.4498,28.8677
X,1283,3,1056.96,-98.4398,28.8677
X,1284,3,1004.48,-98.4298,28.8677
X,1285,3,1056.96,-98.4198,28.8677
X,1289,31,1041.58,-98.3698,28.8677
X,1290,36,1127.44,-98.3598,28.8677
X,1294,31,1128.68,-98.3198,28.8677
X,1295,36,1128.68,-98.3098,28.8677
X,1296,31,1127.12,-98.2998,28.8677
X,1342,31,1038.2,-98.4198,28.8577
X,1346,3,1027.28,-98.3798,28.8577
X,1347,52,1127.5,-98.3598,28.8577
X,1348,52,1127.5,-98.3498,28.8577
X,1350,52,1079.66,-98.3298,28.8577
X,1351,52,1019.48,-98.3198,28.8577
X,1352,52,1039.02,-98.3098,28.8577
X,1353,52,1039.02,-98.2998,28.8577
X,1354,52,1111.54,-98.2898,28.8577
X,1355,3,1039.02,-98.2798,28.8577
X,1356,3,1139.8,-98.2698,28.8577
X,1357,31,1197.54,-98.2598,28.8577
X,1358,31,1250.38,-98.2498,28.8577
X,1359,31,1109.06,-98.2398,28.8577
X,1360,36,1152.72,-98.2298,28.8577
X,1361,36,1122.66,-98.2198,28.8577
X,1362,36,1109.06,-98.2098,28.8577
X,1363,36,1071.88,-98.1898,28.8577
X,1364,31,1071.88,-98.1798,28.8577
X,1365,31,647.4,-98.1698,28.8577
X,1412,36,1039.02,-98.2898,28.8477
X,1417,3,1152.72,-98.2398,28.8477
X,1418,52,921.2,-98.2298,28.8477
X,1419,52,1152.72,-98.2198,28.8477
X,1420,52,1141,-98.2098,28.8477
X,1422,52,1109.06,-98.1898,28.8477
X,1425,3,743.22,-98.1598,28.8477
X,1572,36,953.36,-98.5498,28.8177
X,1573,31,1001.62,-98.5398,28.8177
X,1577,3,1121.16,-98.4998,28.8177
X,1637,3,1001.6,-98.5298,28.8077
X,1639,31,953.36,-98.5098,28.8077
X,1640,31,1067.82,-98.4998,28.8077
X,1641,36,1121.16,-98.4898,28.8077
X,1642,36,1056.82,-98.4798,28.8077
X,1643,31,1051.2,-98.4698,28.8077
X,1644,31,1019.44,-98.4598,28.8077
X,1647,3,1027.28,-98.4298,28.8077
X,1676,31,1152.62,-98.1298,28.8077
X,1703,36,953.36,-98.5298,28.7977
X,1704,52,1008.52,-98.5198,28.7977
X,1706,3,1052.06,-98.4898,28.7977
X,1707,3,1121.12,-98.4798,28.7977
X,1711,31,1056.1,-98.4398,28.7977
X,1712,31,1077.52,-98.4298,28.7977
X,1717,3,1004.54,-98.3798,28.7977
X,1771,36,953.36,-98.5298,28.7877
X,1777,3,1027.2,-98.4498,28.7877
X,1781,31,1038.18,-98.4098,28.7877
X,1786,3,1127.32,-98.3598,28.7877
X,1787,52,1127.32,-98.3498,28.7877
X,1842,36,1056.78,-98.4598,28.7777
X,1843,36,1056.78,-98.4498,28.7777
X,1844,52,1056.78,-98.4398,28.7777
X,1845,52,1056.78,-98.4298,28.7777
X,1847,3,1121.16,-98.3998,28.7777
X,1848,3,1045.8,-98.3898,28.7777
X,1850,31,1127.34,-98.3698,28.7777
X,1852,31,1127.22,-98.3498,28.7777
X,1853,31,1067.26,-98.3398,28.7777
X,1855,3,1114.6,-98.3198,28.7777
X,1856,3,1140.24,-98.3098,28.7777
X,1857,52,1149.58,-98.2998,28.7777
X,1858,36,1123.18,-98.2898,28.7777
X,1908,31,1121.12,-98.4698,28.7677
X,1910,31,962.2,-98.4498,28.7677
X,1911,36,1056.06,-98.4398,28.7677
X,1912,36,962.2,-98.4298,28.7677
X,1913,36,1056.8,-98.4198,28.7677
X,1915,52,1121.12,-98.3898,28.7677
X,1917,3,1069.24,-98.3698,28.7677
X,1921,31,1129.78,-98.3298,28.7677
X,1925,3,1139.66,-98.2798,28.7677
X,1926,3,1126.84,-98.2698,28.7677
X,1928,3,805.58,-98.2498,28.7677
X,1989,31,1139.66,-98.2898,28.7577
X,1990,31,1039,-98.2798,28.7577
X,1991,31,1197.34,-98.2698,28.7577
X,1993,3,1122.02,-98.2498,28.7577
X,1996,3,1250.16,-98.2198,28.7577
X,1997,52,1250.16,-98.2098,28.7577
X,1998,36,1108.94,-98.1998,28.7577
X,2050,36,1068.74,-98.3298,28.7477
X,2051,31,1168.24,-98.3198,28.7477
X,2052,31,1098.8,-98.2998,28.7477
X,2053,36,1088.58,-98.2898,28.7477
X,2054,52,1165.78,-98.2798,28.7477
X,2055,52,1111.6,-98.2698,28.7477
X,2060,31,1187.42,-98.2198,28.7477
X,2064,3,1162.94,-98.1798,28.7477
X,2065,52,1162.94,-98.1698,28.7477
X,2066,52,1259.5,-98.1598,28.7477
X,2208,36,960.46,-98.4398,28.7177
X,2209,52,1099.02,-98.4298,28.7177
X,2210,31,960.46,-98.4198,28.7177
X,2211,31,960.46,-98.4098,28.7177
X,2212,36,960.46,-98.3998,28.7177
X,2214,36,1036.3,-98.3798,28.7177
X,2215,31,1106.12,-98.3698,28.7177
X,2218,36,1112.92,-98.3298,28.7177
X,2278,36,874.4,-98.2798,28.7077
X,2280,52,1034.62,-98.2598,28.7077
X,2281,52,1134.42,-98.2498,28.7077
X,2282,31,1259.4,-98.2398,28.7077
X,2283,52,934.32,-98.2298,28.7077
X,2284,31,1131.72,-98.2198,28.7077
X,2286,3,870,-98.7998,28.6977
X,2287,31,870,-98.7898,28.6977
X,2348,31,875.6,-98.7098,28.6877
X,2349,52,875.6,-98.6998,28.6877
X,2350,52,875.6,-98.6898,28.6877
X,2351,52,901.42,-98.6798,28.6877
X,2352,31,978.24,-98.6698,28.6877
X,2425,3,1051.18,-98.4598,28.6777
X,2426,36,1098.94,-98.4498,28.6777
X,2493,3,1068.58,-98.2798,28.6677
X,2494,31,874.36,-98.2698,28.6677
X,2496,3,878.88,-98.7898,28.6577
X,2497,36,878.88,-98.7798,28.6577
X,2498,31,878.88,-98.7698,28.6577
X,2499,31,1030.54,-98.7398,28.6577
X,2502,3,901.48,-98.7098,28.6577
X,2503,36,974.28,-98.6998,28.6577
X,2504,36,901.48,-98.6898,28.6577
X,2505,31,964.52,-98.6698,28.6577
X,2558,36,1200.86,-98.1501,29.3974
X,2559,31,772.12,-98.1401,29.3974
X,2560,31,1294.2,-98.1301,29.3974
X,2561,36,1133.56,-98.1701,29.3874
X,2562,52,1106.38,-98.1601,29.3874
X,2563,31,1133.56,-98.1501,29.3874
X,2565,52,1178.4,-98.1801,29.3774
X,2566,36,1178.76,-98.1601,29.3774
X,2567,31,1133.6,-98.1501,29.3774
X,2570,3,1223.36,-98.0801,29.3774
X,2571,3,1203.4,-98.0701,29.3774
X,2572,36,1167.28,-98.0601,29.3774
X,2573,36,1222.22,-98.0501,29.3774
X,2574,31,1222.22,-98.0401,29.3774
X,2629,3,1291.78,-98.2001,29.3374
X,2630,52,1249.56,-98.1901,29.3374
X,2631,31,1181.08,-98.1801,29.3374
X,2632,52,1181.08,-98.1701,29.3374
X,2633,31,1100.68,-98.1601,29.3374
X,2634,3,1298.9,-98.1101,29.3374
X,2635,3,1209.88,-98.0901,29.3374
X,2636,36,1184.08,-98.0701,29.3374
X,2637,31,1308.04,-98.0101,29.3374
X,2639,3,1404.26,-97.9401,29.3374
X,2640,3,1404.26,-97.9301,29.3374
X,2641,3,1247.84,-97.8901,29.3374
X,2642,36,1290.04,-97.8801,29.3374
X,2697,36,1382.62,-98.1801,29.3074
X,2698,36,1298.88,-98.1701,29.3074
X,2699,36,1298.88,-98.1501,29.3074
X,2700,52,1298.88,-98.1301,29.3074
X,2701,36,1298.88,-98.1101,29.3074
X,2702,3,1298.88,-98.0901,29.3074
X,2703,31,1209.76,-98.0801,29.3074
X,2704,52,1155.3,-98.0701,29.3074
X,2705,36,1299.64,-98.0601,29.3074
X,2706,31,1308.02,-98.0501,29.3074
X,2707,31,1308.02,-98.0401,29.3074
X,2708,3,1308.02,-98.0301,29.3074
X,2709,3,1308.02,-98.0201,29.3074
X,2710,3,1308.02,-98.0101,29.3074
X,2711,36,1368.54,-97.9801,29.3074
X,2712,36,1363.74,-97.9501,29.3074
X,2713,31,1258.08,-97.9401,29.3074
X,2714,3,1215.22,-97.9301,29.3074
X,2715,36,1247.78,-97.9201,29.3074
X,2716,36,1290.04,-97.9001,29.3074
X,2767,52,1199.66,-98.0001,29.2874
X,2768,31,1308,-97.9901,29.2874
X,2769,36,1349.08,-97.9801,29.2874
X,2770,36,1207.86,-97.9601,29.2874
X,2771,52,1363.74,-97.9401,29.2874
X,2772,36,1258.06,-97.9301,29.2874
X,2773,31,1215.16,-97.9201,29.2874
X,2774,52,1258.06,-97.9101,29.2874
X,2775,36,1258.06,-97.9001,29.2874
X,2776,31,1258.06,-97.8901,29.2874
X,2777,52,1290.04,-97.8801,29.2874
X,2778,3,1223.74,-97.8701,29.2874
X,2779,3,1378.88,-97.8601,29.2874
X,2780,3,1378.88,-97.8501,29.2874
X,2781,36,1378.88,-97.8401,29.2874
X,2782,31,1378.88,-97.8301,29.2874
X,2784,3,1241.44,-97.8101,29.2874
X,2785,3,1307.54,-97.8001,29.2874
X,2787,3,1382.6,-98.2001,29.2774
X,2838,36,1188.72,-98.0601,29.2674
X,2839,36,1007.14,-98.0401,29.2674
X,2840,36,1155.32,-98.0301,29.2674
X,2841,52,1298.86,-98.0201,29.2674
X,2842,36,1298.86,-98.0101,29.2674
X,2843,52,1233.94,-97.9901,29.2674
X,2844,3,1290.14,-97.9801,29.2674
X,2845,31,1220.04,-97.9701,29.2674
X,2846,31,1344.16,-97.9601,29.2674
X,2847,3,1215.16,-97.9501,29.2674
X,2848,52,1258.04,-97.9301,29.2674
X,2849,3,1208.24,-97.9201,29.2674
X,2850,36,1258.04,-97.9101,29.2674
X,2854,52,1258.04,-97.8701,29.2674
X,2855,31,1312.48,-97.8601,29.2674
X,2908,31,1382.62,-98.1801,29.2474
X,2909,52,1382.62,-98.1601,29.2474
X,2910,31,1382.62,-98.1501,29.2474
X,2911,52,1382.62,-98.1401,29.2474
X,2912,31,1382.62,-98.1201,29.2474
X,2913,52,1212.74,-98.1101,29.2474
X,2914,36,1212.74,-98.1001,29.2474
X,2915,36,1046.84,-98.0901,29.2474
X,2917,52,1046.84,-98.0701,29.2474
X,2918,52,1037.5,-98.0601,29.2474
X,2919,36,1196.32,-98.0501,29.2474
X,2936,52,1143.18,-97.8301,29.2474
X,2937,36,1222,-97.8201,29.2474
X,2938,52,1222,-97.8101,29.2474
X,2939,36,1298.46,-97.8001,29.2474
X,2985,31,1222,-97.8201,29.2374
X,2987,52,1222,-97.8001,29.2374
X,2988,52,1191.2,-97.7901,29.2374
X,2989,52,1336.74,-97.7801,29.2374
X,2990,31,1336.74,-97.7701,29.2374
X,2991,31,1358.22,-97.7601,29.2374
X,2993,3,1202.16,-98.3101,29.2274
X,2994,36,1197.8,-98.3001,29.2274
X,3051,36,1366.22,-98.1201,29.2174
X,3052,52,1200.14,-98.1101,29.2174
X,3053,3,1224.26,-98.1001,29.2174
X,3054,31,1255,-98.0901,29.2174
X,3056,52,1046.78,-98.0501,29.2174
X,3057,52,1024.48,-98.0401,29.2174
X,3058,36,1046.78,-98.0301,29.2174
X,3059,36,1094.06,-98.0201,29.2174
X,3060,31,1086.16,-98.0001,29.2174
X,3062,52,1032.1,-97.9801,29.2174
X,3063,52,1041.64,-97.9701,29.2174
X,3064,31,1103.14,-97.9601,29.2174
X,3066,31,1193.46,-97.9401,29.2174
X,3118,31,1137.52,-97.8801,29.2074
X,3122,3,1068,-97.8401,29.2074
X,3123,36,1258.66,-97.8301,29.2074
X,3124,31,1221.98,-97.8201,29.2074
X,3125,52,1221.98,-97.8101,29.2074
X,3126,3,1246.66,-97.8001,29.2074
X,3127,36,1191.16,-97.7901,29.2074
X,3128,36,1205.72,-97.7701,29.2074
X,3129,31,1188.86,-97.7601,29.2074
X,3130,31,805.66,-97.7501,29.2074
X,3132,3,1165.16,-98.3201,29.1974
X,3133,36,1238.2,-98.3101,29.1974
X,3134,31,1080.36,-98.3001,29.1974
X,3136,36,1259.64,-98.2601,29.1974
X,3190,36,1329.1,-98.1701,29.1874
X,3191,31,1329.1,-98.1601,29.1874
X,3192,52,1188.6,-98.1501,29.1874
X,3193,36,1239.62,-98.1401,29.1874
X,3194,31,1219.12,-98.1301,29.1874
X,3195,3,1184.7,-98.1101,29.1874
X,3197,36,698.12,-98.0901,29.1874
X,3198,36,1200.18,-98.0801,29.1874
X,3199,31,1236.14,-98.0701,29.1874
X,3200,31,1281.32,-98.0601,29.1874
X,3201,52,1200.18,-98.0501,29.1874
X,3202,52,1262.74,-98.0401,29.1874
X,3203,36,1200.18,-98.0301,29.1874
X,3204,52,1091.04,-98.0101,29.1874
X,3205,36,1091.04,-98.0001,29.1874
X,3206,52,1046.78,-97.9901,29.1874
X,3207,31,1125.56,-97.9801,29.1874
X,3259,52,1226.08,-98.0201,29.1774
X,3260,36,1083.5,-98.0101,29.1774
X,3262,36,1104.06,-97.9701,29.1774
X,3263,36,1076.08,-97.9601,29.1774
X,3264,52,1191.62,-97.9501,29.1774
X,3265,52,1178.12,-97.9401,29.1774
X,3266,36,1178.12,-97.9301,29.1774
X,3267,36,1148.12,-97.9201,29.1774
X,3268,36,1148.12,-97.9101,29.1774
X,3269,31,1160.74,-97.9001,29.1774
X,3271,52,1108.76,-97.8801,29.1774
X,3273,36,784.54,-97.8601,29.1774
X,3274,52,1139.58,-97.8501,29.1774
X,3275,31,1139.58,-97.8401,29.1774
X,3276,52,1139.58,-97.8301,29.1774
X,3277,31,1181.26,-97.8201,29.1774
X,3278,31,1181.26,-97.8101,29.1774
X,3329,52,1162.7,-97.8501,29.1674
X,3330,31,1147.8,-97.8401,29.1674
X,3331,52,1139.58,-97.8301,29.1674
X,3332,36,1181.26,-97.8201,29.1674
X,3333,31,1139.58,-97.8101,29.1674
X,3334,52,1037.44,-98.3601,29.1574
X,3335,52,1016.8,-98.3501,29.1574
X,3336,36,1037.44,-98.3401,29.1574
X,3337,36,1144.22,-98.3301,29.1574
X,3338,31,1094.48,-98.3201,29.1574
X,3339,31,1080.34,-98.3101,29.1574
X,3341,3,1182.52,-98.2901,29.1574
X,3342,36,1185.22,-98.2701,29.1574
X,3343,36,1185.22,-98.2601,29.1574
X,3344,52,1185.22,-98.2501,29.1574
X,3345,36,1182.52,-98.2401,29.1574
X,3346,52,1135.56,-98.2301,29.1574
X,3398,36,1135.56,-98.2301,29.1474
X,3399,36,1080.32,-98.2201,29.1474
X,3400,31,1080.32,-98.2101,29.1474
X,3401,36,1118.54,-98.2001,29.1474
X,3402,36,1104.58,-98.1901,29.1474
X,3403,52,1197.76,-98.1401,29.1474
X,3404,52,1214.52,-98.1301,29.1474
X,3405,36,1219.14,-98.1201,29.1474
X,3406,31,1171.48,-98.1101,29.1474
X,3407,31,1218.44,-98.1001,29.1474
X,3408,31,1263.54,-98.0901,29.1474
X,3410,3,1263.54,-98.0701,29.1474
X,3411,36,1263.54,-98.0601,29.1474
X,3412,31,1197.76,-98.0501,29.1474
X,3414,3,1165.94,-98.0301,29.1474
X,3416,36,1281.3,-98.0101,29.1474
X,3424,31,1168.76,-97.9301,29.1474
X,3425,36,1077.12,-97.9201,29.1474
X,3426,52,1077.12,-97.9101,29.1474
X,3427,36,1077.12,-97.9001,29.1474
X,3429,3,1160.72,-97.8801,29.1474
X,3430,31,1178.06,-97.8701,29.1474
X,3432,3,1154.22,-97.8501,29.1474
X,3433,36,1154.22,-97.8401,29.1474
X,3435,52,1196.18,-98.3801,29.1374
X,3476,36,1178.04,-97.9001,29.1374
X,3477,31,1224.96,-97.8901,29.1374
X,3480,52,1168.76,-97.8601,29.1374
X,3481,52,1224.96,-97.8501,29.1374
X,3482,31,1218.18,-98.3901,29.1274
X,3484,36,1037.4,-98.3601,29.1274
X,3486,36,1097.64,-98.3401,29.1274
X,3487,36,1136.78,-98.3301,29.1274
X,3494,52,1131,-98.2201,29.1274
X,3499,36,1115.84,-98.1601,29.1274
X,3501,52,1135.56,-98.1301,29.1274
X,3502,36,1119.82,-98.1201,29.1274
X,3503,31,1119.82,-98.1101,29.1274
X,3506,36,1251.32,-98.0801,29.1274
X,3545,36,1115.84,-98.2201,29.1174
X,3546,31,1182.52,-98.2101,29.1174
X,3547,36,1155.38,-98.2001,29.1174
X,3549,3,1080.32,-98.1701,29.1174
X,3550,52,1107.16,-98.1601,29.1174
X,3551,36,1126.52,-98.1501,29.1174
X,3552,31,1135.52,-98.1401,29.1174
X,3553,52,1135.52,-98.1301,29.1174
X,3554,31,1119.82,-98.1201,29.1174
X,3555,52,1135.52,-98.1101,29.1174
X,3556,31,1135.52,-98.1001,29.1174
X,3557,31,1227.2,-98.0901,29.1174
X,3558,52,1263.52,-98.0801,29.1174
X,3559,36,1251.3,-98.0601,29.1174
X,3560,3,1263.52,-98.0501,29.1174
X,3570,52,1196.26,-97.9501,29.1174
X,3571,36,1030.1,-97.9401,29.1174
X,3572,31,1125.74,-97.9301,29.1174
X,3575,36,1139.14,-97.9001,29.1174
X,3611,36,1171.64,-98.0301,29.1074
X,3613,52,1205.16,-98.0101,29.1074
X,3615,36,1183.28,-97.9901,29.1074
X,3616,31,1304.34,-97.9801,29.1074
X,3617,31,1203.1,-97.9701,29.1074
X,3620,3,1165.18,-97.9401,29.1074
X,3621,36,1237.14,-97.9301,29.1074
X,3622,31,1233.4,-97.9101,29.1074
X,3623,52,1233.4,-97.9001,29.1074
X,3624,31,1131.38,-97.8901,29.1074
X,3625,36,1085.9,-98.3901,29.0974
X,3626,52,1067.38,-98.3801,29.0974
X,3627,52,1085.22,-98.3701,29.0974
X,3628,36,1142.52,-98.3501,29.0974
X,3629,31,1014.92,-98.3201,29.0974
X,3630,36,1142.52,-98.3101,29.0974
X,3686,36,1076.86,-98.1001,29.0874
X,3687,36,1157.18,-98.0901,29.0874
X,3689,52,1125.1,-98.0701,29.0874
X,3690,36,1105.08,-98.0601,29.0874
X,3691,31,1021.68,-98.0401,29.0874
X,3692,36,1087.5,-98.0301,29.0874
X,3693,52,1087.5,-98.0201,29.0874
X,3694,31,1108.82,-98.0101,29.0874
X,3695,52,1087.5,-98.0001,29.0874
X,3696,52,1105.08,-97.9901,29.0874
X,3697,52,1073.26,-97.9801,29.0874
X,3698,36,1147.24,-97.9701,29.0874
X,3699,3,1203.1,-97.9501,29.0874
X,3751,31,1134.34,-98.2701,29.0674
X,3753,3,1141.96,-98.2401,29.0674
X,3754,36,1079.6,-98.2201,29.0674
X,3755,31,1085.22,-98.2101,29.0674
X,3756,31,1085.22,-98.2001,29.0674
X,3759,52,1024.4,-98.1701,29.0674
X,3760,3,1060,-98.1601,29.0674
X,3761,36,1071.12,-98.1401,29.0674
X,3762,31,734.18,-98.1301,29.0674
X,3763,3,1127.54,-98.1201,29.0674
X,3764,31,1052.48,-98.1101,29.0674
X,3765,3,1087.62,-98.0901,29.0674
X,3766,36,1098.22,-98.0801,29.0674
X,3767,36,1068.6,-98.0701,29.0674
X,3768,36,1088.54,-98.0601,29.0674
X,3779,36,1053.1,-98.3501,29.0574
X,3781,3,1125.06,-98.3201,29.0574
X,3782,36,1087.46,-98.3101,29.0574
X,3783,36,1245.2,-98.3001,29.0574
X,3785,3,1185.74,-98.2801,29.0574
X,3786,36,1188.42,-98.2701,29.0574
X,3787,31,1205.22,-98.2601,29.0574
X,3791,3,1205.22,-98.2201,29.0574
X,3792,3,1062.14,-98.2101,29.0574
X,3832,31,1153.12,-98.1701,29.0474
X,3833,52,1024.4,-98.1501,29.0474
X,3834,31,1196.32,-98.1401,29.0474
X,3835,3,1024.4,-98.1301,29.0474
X,3837,36,1085.1,-98.1001,29.0474
X,3838,3,1007.62,-98.0901,29.0474
X,3839,31,1099.42,-98.0801,29.0474
X,3840,3,1072.52,-98.0701,29.0474
X,3854,52,1108.76,-98.2501,29.0374
X,3855,36,1157.16,-98.2401,29.0374
X,3856,31,1108.76,-98.2301,29.0374
X,3860,52,1094.66,-98.1801,29.0374
X,3861,52,1125.02,-98.1701,29.0374
X,3863,36,1041.66,-98.1401,29.0374
X,3864,36,1300.86,-98.1301,29.0374
X,3896,36,1224.48,-98.1101,29.0274
X,3900,3,1177.1,-98.0501,29.0274
X,3901,52,1120.02,-98.0301,29.0274
X,3902,36,1087.9,-98.0201,29.0274
X,3903,36,1107.34,-98.0101,29.0274
X,3904,31,1120.02,-98.0001,29.0274
X,3905,36,1085.06,-98.3101,29.0174
X,3906,36,1085.06,-98.3001,29.0174
X,3907,36,990.14,-98.2901,29.0174
X,3908,3,1098.74,-98.2801,29.0174
X,3909,36,1088.44,-98.2701,29.0174
X,3910,3,1091.18,-98.2601,29.0174
X,3971,31,1099.36,-98.1701,28.9974
X,3972,52,1052.6,-98.1601,28.9974
X,3973,36,1085.08,-98.1501,28.9974
X,3974,52,1066.92,-98.1401,28.9974
X,3975,31,1052.6,-98.1301,28.9974
X,3976,31,1052.6,-98.1201,28.9974
X,3977,31,1111.94,-98.1101,28.9974
X,3978,36,1040.46,-98.0901,28.9974
X,3979,3,1066.92,-98.0801,28.9974
X,3980,3,1068.34,-98.0701,28.9974
X,4039,52,1082.78,-98.1501,28.9674
X,4040,36,1080.5,-98.1401,28.9674
X,4041,31,1129,-98.1301,28.9674
X,4042,52,1129,-98.1201,28.9674
X,4043,31,1086.92,-98.1101,28.9674
X,4044,52,1113.34,-98.1001,28.9674
X,4045,36,1193.42,-98.0901,28.9674
X,4046,31,1031.8,-98.0801,28.9674
X,4047,52,1083.82,-98.2601,28.9574
X,4048,36,1064.28,-98.2501,28.9574
X,4049,52,1048.48,-98.2401,28.9574
X,4062,3,1235.6,-98.0901,28.9574
X,4063,36,1080.46,-98.2501,28.9474
X,4065,52,1149.22,-98.2301,28.9474
X,4066,36,1015.44,-98.2201,28.9474
X,4067,36,1067.26,-98.2101,28.9474
X,4068,36,1083.8,-98.2001,28.9474
X,4069,31,1064.26,-98.1901,28.9474
X,4073,3,1006.84,-98.1501,28.9474
X,4074,3,1065.74,-98.1401,28.9474
X,4118,31,1061.52,-98.1701,28.8974
X,4119,31,1061.46,-98.1901,28.8874
Z,2628,0,1185.82,-98.2201,29.3374
Z,2648,0,1382.64,-98.1901,29.3274
Z,2666,0,1185.82,-98.2301,29.3174
Z,2667,0,1347,-98.2201,29.3174
Z,2668,0,1382.62,-98.2101,29.3174
Z,2669,0,1382.62,-98.2001,29.3174
Z,2670,0,1382.62,-98.1801,29.3174
Z,2693,0,1347,-98.2401,29.3074
Z,2694,0,1347,-98.2301,29.3074
Z,2695,0,1382.62,-98.2201,29.3074
Z,2696,0,1382.62,-98.1901,29.3074
Z,2723,0,1185.8,-98.2501,29.2974
Z,2724,0,1346.98,-98.2401,29.2974
Z,2725,0,1382.6,-98.2301,29.2974
Z,2726,0,1382.6,-98.2101,29.2974
Z,2727,0,1382.6,-98.2001,29.2974
Z,2728,0,1382.6,-98.1901,29.2974
Z,2753,0,1244.14,-98.2601,29.2874
Z,2754,0,1382.62,-98.1801,29.2874
Z,2786,0,1244.14,-98.2701,29.2774
Z,2788,0,1382.6,-98.1901,29.2774
Z,2789,0,1382.6,-98.1801,29.2774
Z,2790,0,1382.6,-98.1701,29.2774
Z,2822,0,1346.98,-98.2701,29.2674
Z,2823,0,1346.98,-98.2601,29.2674
Z,2824,0,1346.98,-98.2501,29.2674
Z,2825,0,1346.98,-98.2401,29.2674
Z,2826,0,1382.62,-98.2201,29.2674
Z,2827,0,1382.62,-98.1901,29.2674
Z,2828,0,1382.62,-98.1801,29.2674
Z,2829,0,1382.62,-98.1701,29.2674
Z,2830,0,1382.62,-98.1601,29.2674
Z,2864,0,1244.14,-98.2801,29.2574
Z,2865,0,1244.14,-98.2701,29.2574
Z,2866,0,1346.98,-98.2601,29.2574
Z,2867,0,1346.98,-98.2301,29.2574
Z,2868,0,1382.62,-98.2201,29.2574
Z,2869,0,1382.62,-98.1901,29.2574
Z,2870,0,1382.62,-98.1801,29.2574
Z,2904,0,1173.12,-98.2901,29.2474
Z,2905,0,1173.12,-98.2801,29.2474
Z,2906,0,1346.96,-98.2401,29.2474
Z,2907,0,1382.62,-98.2001,29.2474
Z,2944,0,1188.62,-98.3001,29.2374
Z,2945,0,1284.46,-98.2901,29.2374
Z,2946,0,1251.38,-98.2801,29.2374
Z,2947,0,1219.16,-98.2701,29.2374
Z,2948,0,1219.16,-98.2501,29.2374
Z,2949,0,1329.22,-98.2401,29.2374
Z,2950,0,1329.22,-98.2301,29.2374
Z,2951,0,1366.22,-98.2101,29.2374
Z,2952,0,1366.22,-98.2001,29.2374
Z,2953,0,1366.22,-98.1901,29.2374
Z,2954,0,1366.22,-98.1701,29.2374
Z,2955,0,1366.22,-98.1601,29.2374
Z,2995,0,1215,-98.2901,29.2274
Z,2996,0,1213.04,-98.2801,29.2274
Z,2997,0,1219.16,-98.2701,29.2274
Z,2998,0,1212.76,-98.2601,29.2274
Z,2999,0,1329.2,-98.2401,29.2274
Z,3000,0,1366.22,-98.2201,29.2274
Z,3001,0,1366.22,-98.2101,29.2274
Z,3002,0,1366.22,-98.1901,29.2274
Z,3038,0,1191.66,-98.3201,29.2174
Z,3039,0,1165.94,-98.3101,29.2174
Z,3040,0,1191.66,-98.2901,29.2174
Z,3041,0,1212.76,-98.2601,29.2174
Z,3042,0,1329.2,-98.2501,29.2174
Z,3043,0,1329.2,-98.2401,29.2174
Z,3044,0,1329.2,-98.2301,29.2174
Z,3045,0,1329.2,-98.2201,29.2174
Z,3046,0,1329.2,-98.2101,29.2174
Z,3047,0,1366.22,-98.1901,29.2174
Z,3048,0,1366.22,-98.1601,29.2174
Z,3087,0,1245.94,-98.2901,29.2074
Z,3088,0,1134.72,-98.2401,29.2074
Z,3089,0,1134.72,-98.2301,29.2074
Z,3090,0,1215,-98.2201,29.2074
Z,3091,0,1329.12,-98.2101,29.2074
Z,3092,0,1329.12,-98.2001,29.2074
Z,3093,0,1329.12,-98.1601,29.2074
Z,3131,0,1179.9,-98.3301,29.1974
Z,3135,0,1296.26,-98.2801,29.1974
Z,3137,0,1342.24,-98.2401,29.1974
Z,3138,0,1191.64,-98.2201,29.1974
Z,3139,0,1191.64,-98.2101,29.1974
Z,3140,0,1329.12,-98.2001,29.1974
Z,3141,0,1329.12,-98.1801,29.1974
Z,3142,0,1329.12,-98.1701,29.1974
Z,3178,0,1179.9,-98.3401,29.1874
Z,3180,0,1238.2,-98.3101,29.1874
Z,3181,0,1185.24,-98.3001,29.1874
Z,3182,0,1185.24,-98.2901,29.1874
Z,3183,0,1185.24,-98.2801,29.1874
Z,3184,0,1102.56,-98.2701,29.1874
Z,3185,0,1211.96,-98.2501,29.1874
Z,3186,0,1211.96,-98.2301,29.1874
Z,3187,0,1342.26,-98.2101,29.1874
Z,3188,0,1342.26,-98.2001,29.1874
Z,3189,0,1329.1,-98.1901,29.1874
Z,3228,0,1238.18,-98.3501,29.1774
Z,3229,0,1182.54,-98.3401,29.1774
Z,3232,0,1146.46,-98.3101,29.1774
Z,3233,0,1131.02,-98.3001,29.1774
Z,3234,0,1145.56,-98.2901,29.1774
Z,3236,0,1115.92,-98.2701,29.1774
Z,3237,0,1125.38,-98.2601,29.1774
Z,3238,0,1115.92,-98.2501,29.1774
Z,3240,0,1269.24,-98.2301,29.1774
Z,3241,0,1191.62,-98.2201,29.1774
Z,3242,0,1165.92,-98.2001,29.1774
Z,3243,0,1329.1,-98.1901,29.1774
Z,3244,0,1329.1,-98.1801,29.1774
Z,3291,0,1185.22,-98.2501,29.1674
Z,3292,0,1185.22,-98.2401,29.1674
Z,3293,0,1185.22,-98.2301,29.1674
Z,3295,0,1342.2,-98.2001,29.1674
Z,3296,0,1191.62,-98.1901,29.1674
Z,3297,0,1165.92,-98.1801,29.1674
