VARIABLE,DEPOT,PARCEL,VALUE,Coord_ID,YLT,XLON
D,3,0,1,0,29.1627,-98.5548
D,11,0,1,0,28.9628,-98.4548
D,31,0,1,0,29.3224,-98.2051
D,36,0,1,0,29.2424,-98.2851
D,45,0,1,0,29.1624,-98.2051
D,52,0,1,0,29.0824,-98.2051
X,0,1,705.18,5,29.2377,-98.7698
X,0,2,1053.98,8,29.2277,-98.7798
X,0,3,1116.5,12,29.2277,-98.7398
X,0,5,1008.2,14,29.2177,-98.7898
X,0,71,1083.68,115,29.1577,-98.7998
X,0,72,1083.68,118,29.1577,-98.7698
X,0,73,1061.52,119,29.1577,-98.7598
X,0,74,1138.24,120,29.1577,-98.7498
X,0,75,1153.66,121,29.1577,-98.7398
X,0,76,1143.38,122,29.1577,-98.7298
X,0,77,1143.38,124,29.1577,-98.7098
X,0,79,0,126,29.1577,-98.6898
X,0,79,1122.46,126,29.1577,-98.6898
X,0,80,1122.46,130,29.1577,-98.6498
X,0,83,1146.78,135,29.1577,-98.5998
X,0,141,0,259,29.1177,-98.6198
X,0,141,1103.06,259,29.1177,-98.6198
X,0,142,1083.46,260,29.1177,-98.6098
X,0,211,0,348,29.0977,-98.5198
X,0,211,0,348,29.0977,-98.5198
X,0,211,1084.86,348,29.0977,-98.5198
X,0,212,0,349,29.0977,-98.5098
X,0,212,0,349,29.0977,-98.5098
X,0,212,1074.02,349,29.0977,-98.5098
X,0,213,0,350,29.0977,-98.4998
X,0,213,0,350,29.0977,-98.4998
X,0,213,1077.2,350,29.0977,-98.4998
X,0,214,0,351,29.0977,-98.4898
X,0,215,1077.2,352,29.0977,-98.4798
X,0,217,0,355,29.0977,-98.4498
X,0,217,1066.34,355,29.0977,-98.4498
X,0,218,991,356,29.0977,-98.4398
X,0,219,1031.18,357,29.0977,-98.4298
X,0,220,0,358,29.0977,-98.4198
X,0,220,0,358,29.0977,-98.4198
X,0,220,1031.18,358,29.0977,-98.4198
X,0,220,0,358,29.0977,-98.4198
X,0,221,1069.52,359,29.0977,-98.4098
X,0,222,1035.08,360,29.0977,-98.3998
X,0,223,1080.62,361,29.0877,-98.7998
X,0,224,0,362,29.0877,-98.7898
X,0,224,0,362,29.0877,-98.7898
X,0,224,1080.62,362,29.0877,-98.7898
X,0,225,1080.62,363,29.0877,-98.7798
X,0,280,1074.04,422,29.0777,-98.6098
X,0,281,1074.04,423,29.0777,-98.5998
X,0,282,1074.04,424,29.0777,-98.5898
X,0,283,1074.04,425,29.0777,-98.5798
X,0,284,1074.04,426,29.0777,-98.5698
X,0,285,1074.04,427,29.0777,-98.5598
X,0,286,0,428,29.0777,-98.5498
X,0,287,0,429,29.0777,-98.5398
X,0,287,1087.8,429,29.0777,-98.5398
X,0,288,1083.44,430,29.0777,-98.5298
X,0,289,1070.5,432,29.0777,-98.5098
X,0,290,1069.52,433,29.0777,-98.4998
X,0,291,1077.06,434,29.0777,-98.4898
X,0,292,1069.52,435,29.0777,-98.4798
X,0,293,0,436,29.0777,-98.4698
X,0,293,1077.06,436,29.0777,-98.4698
X,0,294,1077.06,437,29.0777,-98.4598
X,0,295,1031.18,438,29.0777,-98.4498
X,0,297,1080.5,440,29.0777,-98.4298
X,0,299,1031.18,442,29.0777,-98.4098
X,0,352,1016.66,499,29.0577,-98.7098
X,0,353,1051.82,500,29.0577,-98.6998
X,0,354,1014.6,502,29.0577,-98.6798
X,0,355,1036.84,503,29.0577,-98.6698
X,0,356,1014.6,504,29.0577,-98.6598
X,0,357,1051.82,505,29.0577,-98.6498
X,0,358,1014.6,506,29.0577,-98.6398
X,0,359,1057.28,507,29.0577,-98.6298
X,0,360,0,508,29.0577,-98.6198
X,0,360,1073.96,508,29.0577,-98.6198
X,0,361,1073.96,509,29.0577,-98.6098
X,0,362,1073.96,510,29.0577,-98.5998
X,0,363,0,511,29.0577,-98.5898
X,0,363,1070.44,511,29.0577,-98.5898
X,0,364,1030.6,512,29.0577,-98.5798
X,0,365,1087.8,513,29.0577,-98.5698
X,0,367,1073.96,515,29.0577,-98.5498
X,0,368,1064.26,516,29.0577,-98.5398
X,0,369,0,517,29.0577,-98.5298
X,0,369,1070.44,517,29.0577,-98.5298
X,0,370,0,518,29.0577,-98.5198
X,0,370,1070.44,518,29.0577,-98.5198
X,0,371,1084.7,519,29.0577,-98.5098
X,0,372,1031.18,520,29.0577,-98.4998
X,0,374,1031.18,522,29.0577,-98.4798
X,0,410,0,561,29.0477,-98.5398
X,0,422,1031.16,573,29.0477,-98.4198
X,0,423,1031.16,574,29.0477,-98.4098
X,0,424,1069.54,575,29.0477,-98.3998
X,0,425,1087.74,576,29.0477,-98.3898
X,0,426,0,579,29.0477,-98.3598
X,0,427,1069.34,580,29.0477,-98.3498
X,0,439,1051.74,594,29.0377,-98.6698
X,0,480,1082,638,29.0277,-98.6898
X,0,484,1057.24,643,29.0277,-98.6398
X,0,485,1057.24,644,29.0277,-98.6298
X,0,492,1070.42,651,29.0277,-98.5598
X,0,493,0,652,29.0277,-98.5498
X,0,493,0,652,29.0277,-98.5498
X,0,493,1084.68,652,29.0277,-98.5498
X,0,495,1073.94,655,29.0277,-98.5198
X,0,496,1030.58,656,29.0277,-98.5098
X,0,497,0,657,29.0277,-98.4998
X,0,497,0,657,29.0277,-98.4998
X,0,497,1031.12,657,29.0277,-98.4998
X,0,498,1077,658,29.0277,-98.4898
X,0,499,1087.72,659,29.0277,-98.4798
X,0,500,1077,660,29.0277,-98.4698
X,0,500,0,660,29.0277,-98.4698
X,0,501,1069.56,661,29.0277,-98.4598
X,0,502,1077,662,29.0277,-98.4498
X,0,503,1031.12,664,29.0277,-98.4298
X,0,504,0,665,29.0277,-98.4198
X,0,504,0,665,29.0277,-98.4198
X,0,504,1154.5,665,29.0277,-98.4198
X,0,505,1046.22,666,29.0277,-98.4098
X,0,506,1080.26,667,29.0277,-98.3998
X,0,507,1087.86,668,29.0277,-98.3898
X,0,508,1069.56,669,29.0277,-98.3798
X,0,509,1097.12,670,29.0277,-98.3698
X,0,510,1074.4,671,29.0277,-98.3598
X,0,511,1048.16,672,29.0277,-98.3498
X,0,512,1048.16,673,29.0277,-98.3398
X,0,513,1048.16,674,29.0277,-98.3298
X,0,569,1014.58,736,29.0077,-98.6798
X,0,570,0,737,29.0077,-98.6698
X,0,570,0,737,29.0077,-98.6698
X,0,570,1046.7,737,29.0077,-98.6698
X,0,571,1060.56,738,29.0077,-98.6598
X,0,572,1060.56,739,29.0077,-98.6498
X,0,573,1020.66,740,29.0077,-98.6398
X,0,574,1014.52,741,29.0077,-98.6298
X,0,575,1084.6,742,29.0077,-98.6198
X,0,576,1083.42,743,29.0077,-98.6098
X,0,577,1083.42,744,29.0077,-98.5998
X,0,578,1030.56,745,29.0077,-98.5898
X,0,579,1075.36,747,29.0077,-98.5698
X,0,580,1073.88,748,29.0077,-98.5598
X,0,581,0,749,29.0077,-98.5498
X,0,581,1089.82,749,29.0077,-98.5498
X,0,582,0,750,29.0077,-98.5398
X,0,582,0,750,29.0077,-98.5398
X,0,582,1070.42,750,29.0077,-98.5398
X,0,583,1084.6,751,29.0077,-98.5298
X,0,584,1083.42,752,29.0077,-98.5198
X,0,585,1102.98,753,29.0077,-98.5098
X,0,630,0,799,28.9977,-98.5498
X,0,631,0,800,28.9977,-98.5398
X,0,631,1038.22,800,28.9977,-98.5398
X,0,632,0,801,28.9977,-98.5298
X,0,632,1021.12,801,28.9977,-98.5298
X,0,632,0,801,28.9977,-98.5298
X,0,633,1038.22,802,28.9977,-98.5198
X,0,634,0,803,28.9977,-98.5098
X,0,634,1022.76,803,28.9977,-98.5098
X,0,634,0,803,28.9977,-98.5098
X,0,635,1038.58,804,28.9977,-98.4998
X,0,636,1044.06,805,28.9977,-98.4898
X,0,637,1002.5,807,28.9977,-98.4698
X,0,638,1044.06,808,28.9977,-98.4598
X,0,639,982.48,809,28.9977,-98.4498
X,0,640,0,810,28.9977,-98.4398
X,0,640,967.46,810,28.9977,-98.4398
X,0,640,0,810,28.9977,-98.4398
X,0,641,962.32,811,28.9977,-98.4298
X,0,642,962.32,812,28.9977,-98.4198
X,0,643,993.84,814,28.9977,-98.3998
X,0,644,1006.1,815,28.9977,-98.3898
X,0,645,1036.02,817,28.9977,-98.3698
X,0,646,1092.38,818,28.9977,-98.3598
X,0,647,1032.32,819,28.9977,-98.3498
X,0,648,1032.32,820,28.9977,-98.3398
X,0,649,1032.32,821,28.9977,-98.3298
X,0,650,1145.6,823,28.9977,-98.3098
X,0,651,1032.32,824,28.9977,-98.2998
X,0,701,0,876,28.9877,-98.2898
X,0,701,1032.32,876,28.9877,-98.2898
X,0,715,1014.56,891,28.9777,-98.6598
X,0,716,1028.02,892,28.9777,-98.6498
X,0,717,1014.56,893,28.9777,-98.6398
X,0,718,1001.8,894,28.9777,-98.6298
X,0,719,974.2,895,28.9777,-98.6198
X,0,720,1009.7,896,28.9777,-98.6098
X,0,721,985.72,897,28.9777,-98.5998
X,0,722,0,898,28.9777,-98.5898
X,0,722,985.72,898,28.9777,-98.5898
X,0,723,1020.04,899,28.9777,-98.5798
X,0,724,1095.3,901,28.9777,-98.5598
X,0,724,0,901,28.9777,-98.5598
X,0,725,1021.1,902,28.9777,-98.5498
X,0,726,1022.72,903,28.9777,-98.5398
X,0,731,1043.92,910,28.9777,-98.4598
X,0,774,1022.74,956,28.9677,-98.5198
X,0,776,0,961,28.9677,-98.4698
X,0,776,1043.94,961,28.9677,-98.4698
X,0,777,1079.66,962,28.9677,-98.4598
X,0,779,1002.48,965,28.9677,-98.4298
X,0,780,1014.56,967,28.9677,-98.4098
X,0,780,0,967,28.9677,-98.4098
X,0,780,0,967,28.9677,-98.4098
X,0,781,1006.14,968,28.9677,-98.3998
X,0,782,0,969,28.9677,-98.3898
X,0,783,0,970,28.9677,-98.3798
X,0,783,0,970,28.9677,-98.3798
X,0,783,962.12,970,28.9677,-98.3798
X,0,784,994.36,971,28.9677,-98.3698
X,0,785,1035.92,972,28.9677,-98.3598
X,0,787,1091.04,974,28.9677,-98.3398
X,0,788,1063.62,975,28.9677,-98.3298
X,0,789,1082.34,976,28.9677,-98.3198
X,0,790,1011.18,977,28.9677,-98.3098
X,0,791,1063.62,978,28.9677,-98.2998
X,0,830,1041.2,1027,28.9577,-98.3398
X,0,831,1102.22,1028,28.9577,-98.3298
X,0,832,1082.3,1029,28.9577,-98.3198
X,0,833,1082.3,1030,28.9577,-98.3098
X,0,833,0,1030,28.9577,-98.3098
X,0,834,0,1031,28.9577,-98.2998
X,0,834,0,1031,28.9577,-98.2998
X,0,834,1063.6,1031,28.9577,-98.2998
X,0,835,1078.14,1032,28.9577,-98.2898
X,0,836,1082.3,1033,28.9577,-98.2798
X,0,837,1145.56,1034,28.9577,-98.2698
X,0,850,0,1054,28.9477,-98.6098
X,0,850,1019.98,1054,28.9477,-98.6098
X,0,851,1019.98,1055,28.9477,-98.5998
X,0,853,0,1057,28.9477,-98.5798
X,0,853,0,1057,28.9477,-98.5798
X,0,853,1009.66,1057,28.9477,-98.5798
X,0,854,1009.66,1058,28.9477,-98.5698
X,0,855,974.2,1059,28.9477,-98.5598
X,0,856,974.2,1060,28.9477,-98.5498
X,0,857,985.7,1061,28.9477,-98.5398
X,0,858,1009.66,1062,28.9477,-98.5298
X,0,859,1019.98,1063,28.9477,-98.5198
X,0,860,962.78,1065,28.9477,-98.4998
X,0,861,1016.42,1066,28.9477,-98.4898
X,0,861,0,1066,28.9477,-98.4898
X,0,862,1006.14,1067,28.9477,-98.4798
X,0,863,1006.14,1068,28.9477,-98.4698
X,0,864,1035.52,1069,28.9477,-98.4598
X,0,865,993.66,1070,28.9477,-98.4498
X,0,866,1044.02,1071,28.9477,-98.4398
X,0,867,1044.02,1073,28.9477,-98.4198
X,0,868,1014.08,1074,28.9477,-98.4098
X,0,869,1044.02,1075,28.9477,-98.3998
X,0,870,1014.08,1076,28.9477,-98.3898
X,0,871,0,1077,28.9477,-98.3798
X,0,871,1053.54,1077,28.9477,-98.3798
X,0,871,0,1077,28.9477,-98.3798
X,0,872,0,1078,28.9477,-98.3698
X,0,872,1059.92,1078,28.9477,-98.3698
X,0,872,0,1078,28.9477,-98.3698
X,0,874,1086.96,1080,28.9477,-98.3498
X,0,875,0,1082,28.9477,-98.3298
X,0,875,1078.22,1082,28.9477,-98.3298
X,0,876,1081.06,1083,28.9477,-98.3198
X,0,877,1032.26,1084,28.9477,-98.3098
X,0,919,0,1131,28.9377,-98.3798
X,0,919,1038.54,1131,28.9377,-98.3798
X,0,920,1031.5,1132,28.9377,-98.3698
X,0,921,1035.9,1133,28.9377,-98.3598
X,0,922,1086.96,1134,28.9377,-98.3498
X,0,923,1082.62,1135,28.9377,-98.3398
X,0,924,1078.16,1136,28.9377,-98.3298
X,0,925,1083.16,1137,28.9377,-98.3198
X,0,926,1032.24,1139,28.9377,-98.2998
X,0,927,1026.64,1140,28.9377,-98.2898
X,0,928,1007.44,1141,28.9377,-98.2798
X,0,929,1063.6,1142,28.9377,-98.2698
X,0,930,1032.24,1143,28.9377,-98.2598
X,0,931,1048.16,1144,28.9377,-98.2498
X,0,931,0,1144,28.9377,-98.2498
X,0,1001,946.6,1220,28.9177,-98.6198
X,0,1002,946.6,1221,28.9177,-98.6098
X,0,1002,0,1221,28.9177,-98.6098
X,0,1003,1009.64,1222,28.9177,-98.5998
X,0,1003,0,1222,28.9177,-98.5998
X,0,1004,1009.64,1223,28.9177,-98.5898
X,0,1005,1098.36,1224,28.9177,-98.5798
X,0,1006,1099.54,1225,28.9177,-98.5698
X,0,1008,932.42,1229,28.9177,-98.5298
X,0,1009,1009.64,1230,28.9177,-98.5198
X,0,1010,1030.48,1231,28.9177,-98.5098
X,0,1011,0,1232,28.9177,-98.4998
X,0,1011,0,1232,28.9177,-98.4998
X,0,1011,962.74,1232,28.9177,-98.4998
X,0,1012,0,1233,28.9177,-98.4898
X,0,1012,1055,1233,28.9177,-98.4898
X,0,1012,0,1233,28.9177,-98.4898
X,0,1013,1055.68,1234,28.9177,-98.4798
X,0,1014,0,1235,28.9177,-98.4698
X,0,1014,1008.9,1235,28.9177,-98.4698
X,0,1014,0,1235,28.9177,-98.4698
X,0,1015,1055,1236,28.9177,-98.4598
X,0,1016,1055,1237,28.9177,-98.4498
X,0,1017,1032.36,1239,28.9177,-98.4298
X,0,1054,946.6,1279,28.9077,-98.6098
X,0,1056,946.6,1281,28.9077,-98.5898
X,0,1057,1009.6,1282,28.9077,-98.5798
X,0,1059,0,1286,28.9077,-98.5398
X,0,1059,0,1286,28.9077,-98.5398
X,0,1059,1035.18,1286,28.9077,-98.5398
X,0,1060,1009.6,1287,28.9077,-98.5298
X,0,1062,1009.6,1289,28.9077,-98.5098
X,0,1063,1055,1290,28.9077,-98.4998
X,0,1064,1008.9,1291,28.9077,-98.4898
X,0,1065,1055,1292,28.9077,-98.4798
X,0,1067,1055.68,1295,28.9077,-98.4498
X,0,1068,1008.9,1296,28.9077,-98.4398
X,0,1069,1032.34,1297,28.9077,-98.4298
X,0,1070,1032.34,1298,28.9077,-98.4198
X,0,1071,1045.64,1299,28.9077,-98.4098
X,0,1072,1055,1300,28.9077,-98.3998
X,0,1073,0,1301,28.9077,-98.3898
X,0,1074,1001.66,1302,28.9077,-98.3798
X,0,1075,1041.98,1303,28.9077,-98.3698
X,0,1076,1078.84,1304,28.9077,-98.3598
X,0,1077,1092.8,1305,28.9077,-98.3498
X,0,1079,1078.18,1307,28.9077,-98.3298
X,0,1080,1063.66,1308,28.9077,-98.3098
X,0,1081,1078.18,1309,28.9077,-98.2998
X,0,1082,0,1310,28.9077,-98.2898
X,0,1082,0,1310,28.9077,-98.2898
X,0,1082,1093.34,1310,28.9077,-98.2898
X,0,1083,1087.5,1312,28.9077,-98.2698
X,0,1084,1063.66,1313,28.9077,-98.2598
X,0,1129,1096.18,1361,28.8977,-98.3698
X,0,1131,1080.24,1363,28.8977,-98.3498
X,0,1132,1154.4,1364,28.8977,-98.3398
X,0,1133,0,1365,28.8977,-98.3298
X,0,1133,0,1365,28.8977,-98.3298
X,0,1133,1063.64,1365,28.8977,-98.3298
X,0,1134,1083.3,1366,28.8977,-98.3198
X,0,1135,1078.14,1367,28.8977,-98.3098
X,0,1136,991.92,1368,28.8977,-98.2998
X,0,1138,1087.5,1371,28.8977,-98.2698
X,0,1138,0,1371,28.8977,-98.2698
X,0,1139,1041.2,1372,28.8977,-98.2598
X,0,1140,1059.02,1373,28.8977,-98.2498
X,0,1141,1111.88,1374,28.8977,-98.2398
X,0,1141,0,1374,28.8977,-98.2398
X,0,1142,1170.54,1375,28.8977,-98.2298
X,0,1143,1081.96,1376,28.8977,-98.2198
X,0,1144,1065.2,1377,28.8977,-98.2098
X,0,1184,1080.16,1424,28.8877,-98.3398
X,0,1185,1084.76,1425,28.8877,-98.3298
X,0,1186,1081.42,1426,28.8877,-98.3198
X,0,1187,1084.44,1427,28.8877,-98.3098
X,0,1217,946.56,1460,28.8777,-98.5898
X,0,1218,1009.52,1462,28.8777,-98.5698
X,0,1221,946.56,1465,28.8777,-98.5398
X,0,1222,979.3,1466,28.8777,-98.5298
X,0,1223,1009.52,1468,28.8777,-98.5098
X,0,1224,993.26,1469,28.8777,-98.4998
X,0,1225,1125.68,1470,28.8777,-98.4798
X,0,1272,980.56,1522,28.8677,-98.5798
X,0,1273,953.42,1524,28.8677,-98.5598
X,0,1274,953.42,1525,28.8677,-98.5498
X,0,1278,1040.82,1531,28.8677,-98.4898
X,0,1279,1030.52,1532,28.8677,-98.4798
X,0,1280,1038.22,1533,28.8677,-98.4698
X,0,1281,1006.16,1534,28.8677,-98.4598
X,0,1282,1056.96,1535,28.8677,-98.4498
X,0,1283,1056.96,1536,28.8677,-98.4398
X,0,1283,0,1536,28.8677,-98.4398
X,0,1284,1004.48,1537,28.8677,-98.4298
X,0,1285,1056.96,1538,28.8677,-98.4198
X,0,1286,1006.16,1539,28.8677,-98.4098
X,0,1288,1027.32,1541,28.8677,-98.3898
X,0,1289,1041.58,1542,28.8677,-98.3698
X,0,1290,1127.44,1543,28.8677,-98.3598
X,0,1291,0,1544,28.8677,-98.3498
X,0,1291,1067.32,1544,28.8677,-98.3498
X,0,1292,0,1545,28.8677,-98.3398
X,0,1292,0,1545,28.8677,-98.3398
X,0,1292,1158.34,1545,28.8677,-98.3398
X,0,1293,0,1546,28.8677,-98.3298
X,0,1293,0,1546,28.8677,-98.3298
X,0,1293,1046.76,1546,28.8677,-98.3298
X,0,1294,1128.68,1547,28.8677,-98.3198
X,0,1295,1128.68,1548,28.8677,-98.3098
X,0,1296,1127.12,1549,28.8677,-98.2998
X,0,1297,1127.12,1550,28.8677,-98.2898
X,0,1300,0,1553,28.8677,-98.2598
X,0,1300,1064.84,1553,28.8677,-98.2598
X,0,1341,995.42,1599,28.8577,-98.4298
X,0,1342,1038.2,1600,28.8577,-98.4198
X,0,1343,1056.96,1601,28.8577,-98.4098
X,0,1346,1027.28,1604,28.8577,-98.3798
X,0,1347,1127.5,1606,28.8577,-98.3598
X,0,1348,0,1607,28.8577,-98.3498
X,0,1348,0,1607,28.8577,-98.3498
X,0,1348,1127.5,1607,28.8577,-98.3498
X,0,1349,0,1608,28.8577,-98.3398
X,0,1349,1127.5,1608,28.8577,-98.3398
X,0,1349,0,1608,28.8577,-98.3398
X,0,1350,0,1609,28.8577,-98.3298
X,0,1350,1079.66,1609,28.8577,-98.3298
X,0,1350,0,1609,28.8577,-98.3298
X,0,1351,1019.48,1610,28.8577,-98.3198
X,0,1351,0,1610,28.8577,-98.3198
X,0,1352,1039.02,1611,28.8577,-98.3098
X,0,1353,1039.02,1612,28.8577,-98.2998
X,0,1354,1111.54,1613,28.8577,-98.2898
X,0,1355,1039.02,1614,28.8577,-98.2798
X,0,1356,1139.8,1615,28.8577,-98.2698
X,0,1357,1197.54,1616,28.8577,-98.2598
X,0,1358,1250.38,1617,28.8577,-98.2498
X,0,1359,1109.06,1618,28.8577,-98.2398
X,0,1360,1152.72,1619,28.8577,-98.2298
X,0,1361,1122.66,1620,28.8577,-98.2198
X,0,1362,0,1621,28.8577,-98.2098
X,0,1362,0,1621,28.8577,-98.2098
X,0,1362,1109.06,1621,28.8577,-98.2098
X,0,1363,1071.88,1623,28.8577,-98.1898
X,0,1364,1071.88,1624,28.8577,-98.1798
X,0,1365,647.4,1625,28.8577,-98.1698
X,0,1411,1066.42,1676,28.8477,-98.2998
X,0,1412,1039.02,1677,28.8477,-98.2898
X,0,1417,1152.72,1682,28.8477,-98.2398
X,0,1419,0,1684,28.8477,-98.2198
X,0,1419,0,1684,28.8477,-98.2198
X,0,1419,1152.72,1684,28.8477,-98.2198
X,0,1420,0,1685,28.8477,-98.2098
X,0,1420,0,1685,28.8477,-98.2098
X,0,1420,1141,1685,28.8477,-98.2098
X,0,1421,0,1686,28.8477,-98.1998
X,0,1422,1109.06,1687,28.8477,-98.1898
X,0,1425,743.22,1690,28.8477,-98.1598
X,0,1572,953.36,1848,28.8177,-98.5498
X,0,1573,1001.62,1849,28.8177,-98.5398
X,0,1577,1121.16,1853,28.8177,-98.4998
X,0,1637,1001.6,1918,28.8077,-98.5298
X,0,1638,1008.52,1919,28.8077,-98.5198
X,0,1639,953.36,1920,28.8077,-98.5098
X,0,1640,1067.82,1921,28.8077,-98.4998
X,0,1641,1121.16,1922,28.8077,-98.4898
X,0,1642,1056.82,1923,28.8077,-98.4798
X,0,1643,1051.2,1924,28.8077,-98.4698
X,0,1644,1019.44,1925,28.8077,-98.4598
X,0,1646,1070.52,1927,28.8077,-98.4398
X,0,1647,1027.28,1928,28.8077,-98.4298
X,0,1648,1027.28,1929,28.8077,-98.4198
X,0,1649,1056.14,1930,28.8077,-98.4098
X,0,1676,1152.62,1958,28.8077,-98.1298
X,0,1703,0,1987,28.7977,-98.5298
X,0,1703,0,1987,28.7977,-98.5298
X,0,1703,953.36,1987,28.7977,-98.5298
X,0,1704,1008.52,1988,28.7977,-98.5198
X,0,1704,0,1988,28.7977,-98.5198
X,0,1706,1052.06,1991,28.7977,-98.4898
X,0,1707,1121.12,1992,28.7977,-98.4798
X,0,1708,1019.44,1993,28.7977,-98.4698
X,0,1711,1056.1,1996,28.7977,-98.4398
X,0,1712,1077.52,1997,28.7977,-98.4298
X,0,1715,965.74,2000,28.7977,-98.3998
X,0,1717,1004.54,2002,28.7977,-98.3798
X,0,1718,1127.38,2004,28.7977,-98.3598
X,0,1719,1127.38,2005,28.7977,-98.3498
X,0,1771,953.36,2057,28.7877,-98.5298
X,0,1773,0,2059,28.7877,-98.5098
X,0,1773,1008.5,2059,28.7877,-98.5098
X,0,1777,1027.2,2065,28.7877,-98.4498
X,0,1781,1038.18,2069,28.7877,-98.4098
X,0,1782,1121.1,2070,28.7877,-98.3998
X,0,1784,995.28,2072,28.7877,-98.3798
X,0,1786,1127.32,2074,28.7877,-98.3598
X,0,1786,0,2074,28.7877,-98.3598
X,0,1787,1127.32,2075,28.7877,-98.3498
X,0,1788,0,2076,28.7877,-98.3398
X,0,1836,1066.7,2128,28.7777,-98.5198
X,0,1837,1066.7,2129,28.7777,-98.5098
X,0,1840,1068.12,2132,28.7777,-98.4798
X,0,1841,965.72,2133,28.7777,-98.4698
X,0,1842,1056.78,2134,28.7777,-98.4598
X,0,1843,1056.78,2135,28.7777,-98.4498
X,0,1844,0,2136,28.7777,-98.4398
X,0,1844,1056.78,2136,28.7777,-98.4398
X,0,1844,0,2136,28.7777,-98.4398
X,0,1845,1056.78,2137,28.7777,-98.4298
X,0,1847,1121.16,2140,28.7777,-98.3998
X,0,1848,1045.8,2141,28.7777,-98.3898
X,0,1849,1045.8,2142,28.7777,-98.3798
X,0,1850,1127.34,2143,28.7777,-98.3698
X,0,1852,1127.22,2145,28.7777,-98.3498
X,0,1855,1114.6,2148,28.7777,-98.3198
X,0,1856,1140.24,2149,28.7777,-98.3098
X,0,1857,1149.58,2150,28.7777,-98.2998
X,0,1858,1123.18,2151,28.7777,-98.2898
X,0,1906,1121.12,2200,28.7677,-98.4898
X,0,1908,1121.12,2202,28.7677,-98.4698
X,0,1909,1121.12,2203,28.7677,-98.4598
X,0,1910,962.2,2204,28.7677,-98.4498
X,0,1911,1056.06,2205,28.7677,-98.4398
X,0,1912,962.2,2206,28.7677,-98.4298
X,0,1913,1056.8,2207,28.7677,-98.4198
X,0,1914,1040.82,2208,28.7677,-98.4098
X,0,1914,0,2208,28.7677,-98.4098
X,0,1915,1121.12,2210,28.7677,-98.3898
X,0,1917,1069.24,2212,28.7677,-98.3698
X,0,1918,1106.74,2213,28.7677,-98.3598
X,0,1921,1129.78,2216,28.7677,-98.3298
X,0,1922,1127.26,2217,28.7677,-98.3198
X,0,1923,1127.26,2218,28.7677,-98.3098
X,0,1924,1123.42,2219,28.7677,-98.2998
X,0,1925,1139.66,2221,28.7677,-98.2798
X,0,1926,1126.84,2222,28.7677,-98.2698
X,0,1926,0,2222,28.7677,-98.2698
X,0,1927,0,2223,28.7677,-98.2598
X,0,1927,0,2223,28.7677,-98.2598
X,0,1927,1197.38,2223,28.7677,-98.2598
X,0,1928,1152.58,2224,28.7677,-98.2498
X,0,1989,1139.66,2288,28.7577,-98.2898
X,0,1990,1039,2289,28.7577,-98.2798
X,0,1991,1197.34,2290,28.7577,-98.2698
X,0,1993,1122.02,2292,28.7577,-98.2498
X,0,1996,1250.16,2295,28.7577,-98.2198
X,0,1996,0,2295,28.7577,-98.2198
X,0,1997,1250.16,2296,28.7577,-98.2098
X,0,1997,0,2296,28.7577,-98.2098
X,0,1998,1108.94,2297,28.7577,-98.1998
X,0,2049,1041.78,2350,28.7477,-98.3398
X,0,2050,1068.74,2351,28.7477,-98.3298
X,0,2051,1168.24,2352,28.7477,-98.3198
X,0,2052,1098.8,2354,28.7477,-98.2998
X,0,2053,1088.58,2355,28.7477,-98.2898
X,0,2054,0,2356,28.7477,-98.2798
X,0,2054,1165.78,2356,28.7477,-98.2798
X,0,2060,1187.42,2362,28.7477,-98.2198
X,0,2061,1162.94,2363,28.7477,-98.2098
X,0,2063,1132.06,2365,28.7477,-98.1898
X,0,2064,1162.94,2366,28.7477,-98.1798
X,0,2065,1162.94,2367,28.7477,-98.1698
X,0,2066,0,2368,28.7477,-98.1598
X,0,2066,1259.5,2368,28.7477,-98.1598
X,0,2150,960.48,2464,28.7277,-98.4898
X,0,2151,1099.04,2465,28.7277,-98.4798
X,0,2208,0,2531,28.7177,-98.4398
X,0,2208,960.46,2531,28.7177,-98.4398
X,0,2209,1099.02,2532,28.7177,-98.4298
X,0,2210,960.46,2533,28.7177,-98.4198
X,0,2211,960.46,2534,28.7177,-98.4098
X,0,2212,960.46,2535,28.7177,-98.3998
X,0,2214,1036.3,2537,28.7177,-98.3798
X,0,2215,1106.12,2538,28.7177,-98.3698
X,0,2217,0,2540,28.7177,-98.3498
X,0,2217,1040.26,2540,28.7177,-98.3498
X,0,2218,1112.92,2542,28.7177,-98.3298
X,0,2219,1112.92,2543,28.7177,-98.3198
X,0,2278,874.4,2608,28.7077,-98.2798
X,0,2280,1034.62,2610,28.7077,-98.2598
X,0,2281,1134.42,2611,28.7077,-98.2498
X,0,2282,1259.4,2612,28.7077,-98.2398
X,0,2283,0,2613,28.7077,-98.2298
X,0,2283,934.32,2613,28.7077,-98.2298
X,0,2284,1131.72,2614,28.7077,-98.2198
X,0,2285,1162.88,2615,28.7077,-98.2098
X,0,2286,0,2616,28.6977,-98.7998
X,0,2286,870,2616,28.6977,-98.7998
X,0,2287,870,2617,28.6977,-98.7898
X,0,2288,887.96,2618,28.6977,-98.7798
X,0,2348,875.6,2684,28.6877,-98.7098
X,0,2349,875.6,2685,28.6877,-98.6998
X,0,2350,875.6,2686,28.6877,-98.6898
X,0,2351,0,2687,28.6877,-98.6798
X,0,2351,901.42,2687,28.6877,-98.6798
X,0,2351,0,2687,28.6877,-98.6798
X,0,2352,978.24,2688,28.6877,-98.6698
X,0,2425,0,2765,28.6777,-98.4598
X,0,2425,0,2765,28.6777,-98.4598
X,0,2425,1051.18,2765,28.6777,-98.4598
X,0,2426,1098.94,2766,28.6777,-98.4498
X,0,2427,1006.42,2767,28.6777,-98.4398
X,0,2432,997.74,2772,28.6777,-98.3898
X,0,2488,0,2832,28.6677,-98.3398
X,0,2488,1168.06,2832,28.6677,-98.3398
X,0,2489,1097.86,2833,28.6677,-98.3298
X,0,2491,0,2836,28.6677,-98.2998
X,0,2491,1118.54,2836,28.6677,-98.2998
X,0,2493,1068.58,2838,28.6677,-98.2798
X,0,2493,0,2838,28.6677,-98.2798
X,0,2493,0,2838,28.6677,-98.2798
X,0,2494,874.36,2839,28.6677,-98.2698
X,0,2496,878.88,2841,28.6577,-98.7898
X,0,2497,878.88,2842,28.6577,-98.7798
X,0,2498,878.88,2843,28.6577,-98.7698
X,0,2499,1030.54,2846,28.6577,-98.7398
X,0,2500,1030.54,2847,28.6577,-98.7298
X,0,2501,1030.54,2848,28.6577,-98.7198
X,0,2502,901.48,2849,28.6577,-98.7098
X,0,2503,974.28,2850,28.6577,-98.6998
X,0,2504,901.48,2851,28.6577,-98.6898
X,0,2505,964.52,2853,28.6577,-98.6698
X,0,2557,1221.34,2912,29.3974,-98.1701
X,0,2558,1200.86,2914,29.3974,-98.1501
X,0,2559,772.12,2915,29.3974,-98.1401
X,0,2560,1294.2,2916,29.3974,-98.1301
X,0,2561,1133.56,2917,29.3874,-98.1701
X,0,2563,1133.56,2919,29.3874,-98.1501
X,0,2564,1331.9,2921,29.3874,-98.1301
X,0,2565,1178.4,2922,29.3774,-98.1801
X,0,2566,1178.76,2924,29.3774,-98.1601
X,0,2567,1133.6,2925,29.3774,-98.1501
X,0,2568,1181.2,2926,29.3774,-98.1401
X,0,2570,1223.36,2928,29.3774,-98.0801
X,0,2571,0,2929,29.3774,-98.0701
X,0,2571,0,2929,29.3774,-98.0701
X,0,2571,1203.4,2929,29.3774,-98.0701
X,0,2572,1167.28,2930,29.3774,-98.0601
X,0,2573,1222.22,2931,29.3774,-98.0501
X,0,2574,1222.22,2932,29.3774,-98.0401
X,0,2576,1382.2,2935,29.3774,-98.0101
X,0,2627,1247.86,3047,29.3474,-97.8601
X,0,2629,1291.78,3050,29.3374,-98.2001
X,0,2629,0,3050,29.3374,-98.2001
X,0,2630,1249.56,3051,29.3374,-98.1901
X,0,2631,1181.08,3052,29.3374,-98.1801
X,0,2632,1181.08,3053,29.3374,-98.1701
X,0,2632,0,3053,29.3374,-98.1701
X,0,2633,1100.68,3054,29.3374,-98.1601
X,0,2634,1298.9,3059,29.3374,-98.1101
X,0,2635,1209.88,3061,29.3374,-98.0901
X,0,2636,1184.08,3063,29.3374,-98.0701
X,0,2637,1308.04,3069,29.3374,-98.0101
X,0,2638,1258.08,3074,29.3374,-97.9601
X,0,2639,1404.26,3076,29.3374,-97.9401
X,0,2640,1404.26,3077,29.3374,-97.9301
X,0,2640,0,3077,29.3374,-97.9301
X,0,2641,1247.84,3081,29.3374,-97.8901
X,0,2642,1290.04,3082,29.3374,-97.8801
X,0,2643,1247.94,3083,29.3374,-97.8701
X,0,2697,1382.62,3170,29.3074,-98.1801
X,0,2698,1298.88,3171,29.3074,-98.1701
X,0,2699,0,3173,29.3074,-98.1501
X,0,2699,0,3173,29.3074,-98.1501
X,0,2699,1298.88,3173,29.3074,-98.1501
X,0,2700,0,3175,29.3074,-98.1301
X,0,2700,0,3175,29.3074,-98.1301
X,0,2700,1298.88,3175,29.3074,-98.1301
X,0,2701,1298.88,3177,29.3074,-98.1101
X,0,2702,0,3179,29.3074,-98.0901
X,0,2702,0,3179,29.3074,-98.0901
X,0,2702,1298.88,3179,29.3074,-98.0901
X,0,2703,1209.76,3180,29.3074,-98.0801
X,0,2704,1155.3,3181,29.3074,-98.0701
X,0,2705,0,3182,29.3074,-98.0601
X,0,2705,1299.64,3182,29.3074,-98.0601
X,0,2706,1308.02,3183,29.3074,-98.0501
X,0,2707,1308.02,3184,29.3074,-98.0401
X,0,2708,1308.02,3185,29.3074,-98.0301
X,0,2709,1308.02,3186,29.3074,-98.0201
X,0,2710,1308.02,3187,29.3074,-98.0101
X,0,2711,1368.54,3190,29.3074,-97.9801
X,0,2712,1363.74,3193,29.3074,-97.9501
X,0,2713,1258.08,3194,29.3074,-97.9401
X,0,2714,1215.22,3195,29.3074,-97.9301
X,0,2715,1247.78,3196,29.3074,-97.9201
X,0,2716,1290.04,3198,29.3074,-97.9001
X,0,2717,1247.78,3200,29.3074,-97.8801
X,0,2767,1199.66,3276,29.2874,-98.0001
X,0,2768,0,3277,29.2874,-97.9901
X,0,2768,0,3277,29.2874,-97.9901
X,0,2768,1308,3277,29.2874,-97.9901
X,0,2769,0,3278,29.2874,-97.9801
X,0,2769,0,3278,29.2874,-97.9801
X,0,2769,1349.08,3278,29.2874,-97.9801
X,0,2770,1207.86,3280,29.2874,-97.9601
X,0,2771,1363.74,3282,29.2874,-97.9401
X,0,2772,1258.06,3283,29.2874,-97.9301
X,0,2774,1258.06,3285,29.2874,-97.9101
X,0,2775,1258.06,3286,29.2874,-97.9001
X,0,2776,1258.06,3287,29.2874,-97.8901
X,0,2777,1290.04,3288,29.2874,-97.8801
X,0,2778,1223.74,3289,29.2874,-97.8701
X,0,2779,1378.88,3290,29.2874,-97.8601
X,0,2780,0,3291,29.2874,-97.8501
X,0,2780,1378.88,3291,29.2874,-97.8501
X,0,2781,1378.88,3292,29.2874,-97.8401
X,0,2782,1378.88,3293,29.2874,-97.8301
X,0,2784,1241.44,3295,29.2874,-97.8101
X,0,2785,1307.54,3296,29.2874,-97.8001
X,0,2787,0,3304,29.2774,-98.2001
X,0,2787,1382.6,3304,29.2774,-98.2001
X,0,2837,0,3366,29.2674,-98.0701
X,0,2837,1100.7,3366,29.2674,-98.0701
X,0,2838,1188.72,3367,29.2674,-98.0601
X,0,2839,1007.14,3369,29.2674,-98.0401
X,0,2840,1155.32,3370,29.2674,-98.0301
X,0,2841,1298.86,3371,29.2674,-98.0201
X,0,2842,1298.86,3372,29.2674,-98.0101
X,0,2844,1290.14,3375,29.2674,-97.9801
X,0,2845,1220.04,3376,29.2674,-97.9701
X,0,2846,1344.16,3377,29.2674,-97.9601
X,0,2847,1215.16,3378,29.2674,-97.9501
X,0,2848,1258.04,3380,29.2674,-97.9301
X,0,2849,0,3381,29.2674,-97.9201
X,0,2849,0,3381,29.2674,-97.9201
X,0,2849,1208.24,3381,29.2674,-97.9201
X,0,2850,1258.04,3382,29.2674,-97.9101
X,0,2854,1258.04,3386,29.2674,-97.8701
X,0,2855,1312.48,3387,29.2674,-97.8601
X,0,2908,1382.62,3458,29.2474,-98.1801
X,0,2909,1382.62,3460,29.2474,-98.1601
X,0,2910,1382.62,3461,29.2474,-98.1501
X,0,2911,0,3462,29.2474,-98.1401
X,0,2911,1382.62,3462,29.2474,-98.1401
X,0,2911,0,3462,29.2474,-98.1401
X,0,2912,1382.62,3464,29.2474,-98.1201
X,0,2913,1212.74,3465,29.2474,-98.1101
X,0,2914,1212.74,3466,29.2474,-98.1001
X,0,2915,1046.84,3467,29.2474,-98.0901
X,0,2916,1046.84,3468,29.2474,-98.0801
X,0,2917,1046.84,3469,29.2474,-98.0701
X,0,2918,1037.5,3470,29.2474,-98.0601
X,0,2918,0,3470,29.2474,-98.0601
X,0,2919,1196.32,3471,29.2474,-98.0501
X,0,2935,0,3492,29.2474,-97.8401
X,0,2935,1222,3492,29.2474,-97.8401
X,0,2936,1143.18,3493,29.2474,-97.8301
X,0,2937,1222,3494,29.2474,-97.8201
X,0,2938,1222,3495,29.2474,-97.8101
X,0,2939,1298.46,3496,29.2474,-97.8001
X,0,2941,1336.74,3498,29.2474,-97.7801
X,0,2941,0,3498,29.2474,-97.7801
X,0,2981,0,3545,29.2374,-97.8601
X,0,2984,0,3548,29.2374,-97.8301
X,0,2984,0,3548,29.2374,-97.8301
X,0,2984,1222,3548,29.2374,-97.8301
X,0,2985,1222,3549,29.2374,-97.8201
X,0,2987,1222,3551,29.2374,-97.8001
X,0,2988,1191.2,3552,29.2374,-97.7901
X,0,2989,0,3553,29.2374,-97.7801
X,0,2989,0,3553,29.2374,-97.7801
X,0,2989,1336.74,3553,29.2374,-97.7801
X,0,2990,1336.74,3554,29.2374,-97.7701
X,0,2991,1358.22,3555,29.2374,-97.7601
X,0,2992,1336.74,3556,29.2374,-97.7501
X,0,2994,1197.8,3558,29.2274,-98.3001
X,0,3008,1083.6,3580,29.2274,-98.0801
X,0,3051,1366.22,3633,29.2174,-98.1201
X,0,3052,1200.14,3634,29.2174,-98.1101
X,0,3053,0,3635,29.2174,-98.1001
X,0,3053,0,3635,29.2174,-98.1001
X,0,3053,1224.26,3635,29.2174,-98.1001
X,0,3054,1255,3636,29.2174,-98.0901
X,0,3056,1046.78,3640,29.2174,-98.0501
X,0,3057,0,3641,29.2174,-98.0401
X,0,3057,0,3641,29.2174,-98.0401
X,0,3057,1024.48,3641,29.2174,-98.0401
X,0,3058,0,3642,29.2174,-98.0301
X,0,3058,1046.78,3642,29.2174,-98.0301
X,0,3059,1094.06,3643,29.2174,-98.0201
X,0,3060,1086.16,3645,29.2174,-98.0001
X,0,3062,0,3647,29.2174,-97.9801
X,0,3063,1041.64,3648,29.2174,-97.9701
X,0,3064,1103.14,3649,29.2174,-97.9601
X,0,3065,1093,3650,29.2174,-97.9501
X,0,3066,1193.46,3651,29.2174,-97.9401
X,0,3118,1137.52,3710,29.2074,-97.8801
X,0,3120,0,3712,29.2074,-97.8601
X,0,3120,1166.38,3712,29.2074,-97.8601
X,0,3121,1108.76,3713,29.2074,-97.8501
X,0,3122,0,3714,29.2074,-97.8401
X,0,3122,0,3714,29.2074,-97.8401
X,0,3122,1068,3714,29.2074,-97.8401
X,0,3123,1258.66,3715,29.2074,-97.8301
X,0,3124,1221.98,3716,29.2074,-97.8201
X,0,3125,1221.98,3717,29.2074,-97.8101
X,0,3126,1246.66,3718,29.2074,-97.8001
X,0,3127,0,3719,29.2074,-97.7901
X,0,3127,0,3719,29.2074,-97.7901
X,0,3127,1191.16,3719,29.2074,-97.7901
X,0,3128,1205.72,3721,29.2074,-97.7701
X,0,3129,1188.86,3722,29.2074,-97.7601
X,0,3130,805.66,3723,29.2074,-97.7501
X,0,3131,1179.9,3724,29.1974,-98.3301
X,0,3132,1165.16,3725,29.1974,-98.3201
X,0,3133,1238.2,3726,29.1974,-98.3101
X,0,3133,0,3726,29.1974,-98.3101
X,0,3134,1080.36,3727,29.1974,-98.3001
X,0,3136,1259.64,3729,29.1974,-98.2601
X,0,3190,1329.1,3794,29.1874,-98.1701
X,0,3191,1329.1,3795,29.1874,-98.1601
X,0,3192,0,3796,29.1874,-98.1501
X,0,3192,1188.6,3796,29.1874,-98.1501
X,0,3192,0,3796,29.1874,-98.1501
X,0,3193,1239.62,3797,29.1874,-98.1401
X,0,3194,1219.12,3798,29.1874,-98.1301
X,0,3195,1184.7,3800,29.1874,-98.1101
X,0,3195,0,3800,29.1874,-98.1101
X,0,3196,698.12,3801,29.1874,-98.1001
X,0,3197,698.12,3802,29.1874,-98.0901
X,0,3198,1200.18,3803,29.1874,-98.0801
X,0,3199,1236.14,3804,29.1874,-98.0701
X,0,3200,1281.32,3805,29.1874,-98.0601
X,0,3201,1200.18,3806,29.1874,-98.0501
X,0,3202,0,3807,29.1874,-98.0401
X,0,3202,1262.74,3807,29.1874,-98.0401
X,0,3202,0,3807,29.1874,-98.0401
X,0,3203,1200.18,3808,29.1874,-98.0301
X,0,3204,1091.04,3810,29.1874,-98.0101
X,0,3205,1091.04,3811,29.1874,-98.0001
X,0,3206,1046.78,3812,29.1874,-97.9901
X,0,3207,1125.56,3813,29.1874,-97.9801
X,0,3208,1135.08,3814,29.1874,-97.9701
X,0,3256,1281.34,3864,29.1774,-98.0501
X,0,3257,0,3865,29.1774,-98.0401
X,0,3257,1184.7,3865,29.1774,-98.0401
X,0,3259,0,3867,29.1774,-98.0201
X,0,3259,1226.08,3867,29.1774,-98.0201
X,0,3259,0,3867,29.1774,-98.0201
X,0,3260,1083.5,3868,29.1774,-98.0101
X,0,3261,1046.78,3869,29.1774,-98.0001
X,0,3262,1104.06,3871,29.1774,-97.9701
X,0,3263,1076.08,3872,29.1774,-97.9601
X,0,3264,0,3873,29.1774,-97.9501
X,0,3265,1178.12,3874,29.1774,-97.9401
X,0,3266,1178.12,3875,29.1774,-97.9301
X,0,3267,1148.12,3876,29.1774,-97.9201
X,0,3268,1148.12,3877,29.1774,-97.9101
X,0,3269,1160.74,3878,29.1774,-97.9001
X,0,3270,1137.48,3879,29.1774,-97.8901
X,0,3271,1108.76,3880,29.1774,-97.8801
X,0,3272,0,3881,29.1774,-97.8701
X,0,3272,784.54,3881,29.1774,-97.8701
X,0,3272,0,3881,29.1774,-97.8701
X,0,3273,784.54,3882,29.1774,-97.8601
X,0,3274,1139.58,3883,29.1774,-97.8501
X,0,3275,1139.58,3884,29.1774,-97.8401
X,0,3276,1139.58,3885,29.1774,-97.8301
X,0,3277,1181.26,3886,29.1774,-97.8201
X,0,3278,1181.26,3887,29.1774,-97.8101
X,0,3279,1139.58,3888,29.1774,-97.8001
X,0,3327,0,3938,29.1674,-97.8701
X,0,3327,1137.44,3938,29.1674,-97.8701
X,0,3328,1139.58,3939,29.1674,-97.8601
X,0,3328,0,3939,29.1674,-97.8601
X,0,3329,0,3940,29.1674,-97.8501
X,0,3329,0,3940,29.1674,-97.8501
X,0,3329,1162.7,3940,29.1674,-97.8501
X,0,3330,1147.8,3941,29.1674,-97.8401
X,0,3331,0,3942,29.1674,-97.8301
X,0,3331,1139.58,3942,29.1674,-97.8301
X,0,3331,0,3942,29.1674,-97.8301
X,0,3332,1181.26,3943,29.1674,-97.8201
X,0,3333,1139.58,3944,29.1674,-97.8101
X,0,3334,1037.44,3945,29.1574,-98.3601
X,0,3335,0,3946,29.1574,-98.3501
X,0,3335,1016.8,3946,29.1574,-98.3501
X,0,3335,0,3946,29.1574,-98.3501
X,0,3336,1037.44,3947,29.1574,-98.3401
X,0,3337,1144.22,3948,29.1574,-98.3301
X,0,3338,1094.48,3949,29.1574,-98.3201
X,0,3339,1080.34,3950,29.1574,-98.3101
X,0,3340,1080.34,3951,29.1574,-98.3001
X,0,3341,1182.52,3952,29.1574,-98.2901
X,0,3342,0,3954,29.1574,-98.2701
X,0,3342,0,3954,29.1574,-98.2701
X,0,3342,1185.22,3954,29.1574,-98.2701
X,0,3343,1185.22,3955,29.1574,-98.2601
X,0,3344,1185.22,3956,29.1574,-98.2501
X,0,3345,1182.52,3957,29.1574,-98.2401
X,0,3346,1135.56,3958,29.1574,-98.2301
X,0,3398,1135.56,4013,29.1474,-98.2301
X,0,3399,1080.32,4014,29.1474,-98.2201
X,0,3400,1080.32,4015,29.1474,-98.2101
X,0,3401,1118.54,4016,29.1474,-98.2001
X,0,3402,1104.58,4017,29.1474,-98.1901
X,0,3403,1197.76,4021,29.1474,-98.1401
X,0,3404,1214.52,4022,29.1474,-98.1301
X,0,3405,1219.14,4023,29.1474,-98.1201
X,0,3406,1171.48,4024,29.1474,-98.1101
X,0,3407,1218.44,4025,29.1474,-98.1001
X,0,3408,1263.54,4026,29.1474,-98.0901
X,0,3409,1257.7,4027,29.1474,-98.0801
X,0,3410,1263.54,4028,29.1474,-98.0701
X,0,3411,1263.54,4029,29.1474,-98.0601
X,0,3412,1197.76,4030,29.1474,-98.0501
X,0,3414,0,4032,29.1474,-98.0301
X,0,3414,0,4032,29.1474,-98.0301
X,0,3414,1165.94,4032,29.1474,-98.0301
X,0,3416,1281.3,4034,29.1474,-98.0101
X,0,3417,1237.58,4035,29.1474,-98.0001
X,0,3424,1168.76,4042,29.1474,-97.9301
X,0,3425,1077.12,4043,29.1474,-97.9201
X,0,3426,1077.12,4044,29.1474,-97.9101
X,0,3427,1077.12,4045,29.1474,-97.9001
X,0,3429,1160.72,4047,29.1474,-97.8801
X,0,3429,0,4047,29.1474,-97.8801
X,0,3430,1178.06,4048,29.1474,-97.8701
X,0,3431,1147.38,4049,29.1474,-97.8601
X,0,3432,0,4050,29.1474,-97.8501
X,0,3432,0,4050,29.1474,-97.8501
X,0,3432,1154.22,4050,29.1474,-97.8501
X,0,3433,1154.22,4051,29.1474,-97.8401
X,0,3475,0,4099,29.1374,-97.9101
X,0,3476,1178.04,4100,29.1374,-97.9001
X,0,3477,1224.96,4101,29.1374,-97.8901
X,0,3480,1168.76,4104,29.1374,-97.8601
X,0,3481,0,4105,29.1374,-97.8501
X,0,3481,0,4105,29.1374,-97.8501
X,0,3481,1224.96,4105,29.1374,-97.8501
X,0,3482,1218.18,4106,29.1274,-98.3901
X,0,3483,0,4108,29.1274,-98.3701
X,0,3484,1037.4,4109,29.1274,-98.3601
X,0,3486,1097.64,4111,29.1274,-98.3401
X,0,3487,1136.78,4112,29.1274,-98.3301
X,0,3488,1097.64,4114,29.1274,-98.3101
X,0,3494,1131,4121,29.1274,-98.2201
X,0,3496,0,4123,29.1274,-98.2001
X,0,3496,1121.96,4123,29.1274,-98.2001
X,0,3499,1115.84,4126,29.1274,-98.1601
X,0,3501,1135.56,4129,29.1274,-98.1301
X,0,3502,1119.82,4130,29.1274,-98.1201
X,0,3503,1119.82,4131,29.1274,-98.1101
X,0,3506,1251.32,4134,29.1274,-98.0801
X,0,3544,0,4174,29.1174,-98.2301
X,0,3544,1073.32,4174,29.1174,-98.2301
X,0,3545,1115.84,4175,29.1174,-98.2201
X,0,3546,1182.52,4176,29.1174,-98.2101
X,0,3547,1155.38,4177,29.1174,-98.2001
X,0,3548,1104.58,4178,29.1174,-98.1901
X,0,3549,1080.32,4180,29.1174,-98.1701
X,0,3550,0,4181,29.1174,-98.1601
X,0,3550,0,4181,29.1174,-98.1601
X,0,3550,1107.16,4181,29.1174,-98.1601
X,0,3551,1126.52,4182,29.1174,-98.1501
X,0,3552,1135.52,4183,29.1174,-98.1401
X,0,3553,1135.52,4184,29.1174,-98.1301
X,0,3554,1119.82,4185,29.1174,-98.1201
X,0,3555,1135.52,4186,29.1174,-98.1101
X,0,3555,0,4186,29.1174,-98.1101
X,0,3556,1135.52,4187,29.1174,-98.1001
X,0,3557,1227.2,4188,29.1174,-98.0901
X,0,3558,1263.52,4189,29.1174,-98.0801
X,0,3559,1251.3,4191,29.1174,-98.0601
X,0,3559,0,4191,29.1174,-98.0601
X,0,3560,1263.52,4192,29.1174,-98.0501
X,0,3570,1196.26,4202,29.1174,-97.9501
X,0,3571,1030.1,4203,29.1174,-97.9401
X,0,3571,0,4203,29.1174,-97.9401
X,0,3572,1125.74,4204,29.1174,-97.9301
X,0,3574,1157.76,4206,29.1174,-97.9101
X,0,3575,1139.14,4207,29.1174,-97.9001
X,0,3611,1171.64,4244,29.1074,-98.0301
X,0,3612,756.96,4245,29.1074,-98.0201
X,0,3613,1205.16,4246,29.1074,-98.0101
X,0,3614,0,4247,29.1074,-98.0001
X,0,3614,1171.64,4247,29.1074,-98.0001
X,0,3615,1183.28,4248,29.1074,-97.9901
X,0,3616,1304.34,4249,29.1074,-97.9801
X,0,3617,1203.1,4250,29.1074,-97.9701
X,0,3618,1147.24,4251,29.1074,-97.9601
X,0,3619,1203.1,4252,29.1074,-97.9501
X,0,3620,0,4253,29.1074,-97.9401
X,0,3620,1165.18,4253,29.1074,-97.9401
X,0,3621,1237.14,4254,29.1074,-97.9301
X,0,3622,1233.4,4256,29.1074,-97.9101
X,0,3623,0,4257,29.1074,-97.9001
X,0,3623,1233.4,4257,29.1074,-97.9001
X,0,3624,1131.38,4258,29.1074,-97.8901
X,0,3625,0,4259,29.0974,-98.3901
X,0,3625,0,4259,29.0974,-98.3901
X,0,3625,1085.9,4259,29.0974,-98.3901
X,0,3626,1067.38,4260,29.0974,-98.3801
X,0,3627,1085.22,4261,29.0974,-98.3701
X,0,3628,0,4263,29.0974,-98.3501
X,0,3628,0,4263,29.0974,-98.3501
X,0,3628,1142.52,4263,29.0974,-98.3501
X,0,3629,1014.92,4266,29.0974,-98.3201
X,0,3630,1142.52,4267,29.0974,-98.3101
X,0,3684,1047.6,4334,29.0874,-98.1201
X,0,3685,1112.02,4335,29.0874,-98.1101
X,0,3686,1076.86,4336,29.0874,-98.1001
X,0,3687,1157.18,4337,29.0874,-98.0901
X,0,3688,1105.08,4338,29.0874,-98.0801
X,0,3689,1125.1,4339,29.0874,-98.0701
X,0,3690,1105.08,4340,29.0874,-98.0601
X,0,3691,1021.68,4342,29.0874,-98.0401
X,0,3692,1087.5,4343,29.0874,-98.0301
X,0,3693,1087.5,4344,29.0874,-98.0201
X,0,3694,1108.82,4345,29.0874,-98.0101
X,0,3695,1087.5,4346,29.0874,-98.0001
X,0,3696,1105.08,4347,29.0874,-97.9901
X,0,3697,0,4348,29.0874,-97.9801
X,0,3697,1073.26,4348,29.0874,-97.9801
X,0,3697,0,4348,29.0874,-97.9801
X,0,3698,1147.24,4349,29.0874,-97.9701
X,0,3699,1203.1,4351,29.0874,-97.9501
X,0,3700,1165.16,4352,29.0874,-97.9401
X,0,3747,1183.24,4404,29.0674,-98.3101
X,0,3748,1188.42,4405,29.0674,-98.3001
X,0,3750,1134.34,4407,29.0674,-98.2801
X,0,3751,1134.34,4408,29.0674,-98.2701
X,0,3753,1141.96,4411,29.0674,-98.2401
X,0,3754,1079.6,4413,29.0674,-98.2201
X,0,3755,1085.22,4414,29.0674,-98.2101
X,0,3756,1085.22,4415,29.0674,-98.2001
X,0,3757,1141.96,4416,29.0674,-98.1901
X,0,3759,1024.4,4418,29.0674,-98.1701
X,0,3760,0,4419,29.0674,-98.1601
X,0,3760,0,4419,29.0674,-98.1601
X,0,3760,1060,4419,29.0674,-98.1601
X,0,3761,1071.12,4420,29.0674,-98.1401
X,0,3762,734.18,4421,29.0674,-98.1301
X,0,3763,0,4422,29.0674,-98.1201
X,0,3763,0,4422,29.0674,-98.1201
X,0,3763,1127.54,4422,29.0674,-98.1201
X,0,3764,1052.48,4423,29.0674,-98.1101
X,0,3765,0,4425,29.0674,-98.0901
X,0,3765,0,4425,29.0674,-98.0901
X,0,3765,1087.62,4425,29.0674,-98.0901
X,0,3766,1098.22,4426,29.0674,-98.0801
X,0,3767,1068.6,4427,29.0674,-98.0701
X,0,3768,1088.54,4428,29.0674,-98.0601
X,0,3778,0,4440,29.0674,-97.9401
X,0,3778,1074.46,4440,29.0674,-97.9401
X,0,3778,0,4440,29.0674,-97.9401
X,0,3779,1053.1,4441,29.0574,-98.3501
X,0,3781,1125.06,4444,29.0574,-98.3201
X,0,3782,0,4445,29.0574,-98.3101
X,0,3782,0,4445,29.0574,-98.3101
X,0,3782,1087.46,4445,29.0574,-98.3101
X,0,3783,1245.2,4446,29.0574,-98.3001
X,0,3785,0,4448,29.0574,-98.2801
X,0,3785,1185.74,4448,29.0574,-98.2801
X,0,3786,1188.42,4449,29.0574,-98.2701
X,0,3787,1205.22,4450,29.0574,-98.2601
X,0,3789,1183.16,4452,29.0574,-98.2401
X,0,3790,1205.22,4453,29.0574,-98.2301
X,0,3791,1205.22,4454,29.0574,-98.2201
X,0,3792,1062.14,4455,29.0574,-98.2101
X,0,3793,1110.54,4456,29.0574,-98.2001
X,0,3832,1153.12,4498,29.0474,-98.1701
X,0,3833,1024.4,4500,29.0474,-98.1501
X,0,3833,0,4500,29.0474,-98.1501
X,0,3834,1196.32,4501,29.0474,-98.1401
X,0,3835,1024.4,4502,29.0474,-98.1301
X,0,3836,1077.54,4503,29.0474,-98.1101
X,0,3836,0,4503,29.0474,-98.1101
X,0,3837,1085.1,4504,29.0474,-98.1001
X,0,3838,1007.62,4505,29.0474,-98.0901
X,0,3839,1099.42,4506,29.0474,-98.0801
X,0,3840,1072.52,4507,29.0474,-98.0701
X,0,3851,1096.94,4521,29.0374,-98.3001
X,0,3852,1108.76,4523,29.0374,-98.2801
X,0,3854,1108.76,4525,29.0374,-98.2501
X,0,3855,1157.16,4526,29.0374,-98.2401
X,0,3856,1108.76,4527,29.0374,-98.2301
X,0,3860,1094.66,4532,29.0374,-98.1801
X,0,3861,0,4533,29.0374,-98.1701
X,0,3861,1125.02,4533,29.0374,-98.1701
X,0,3861,0,4533,29.0374,-98.1701
X,0,3863,1041.66,4536,29.0374,-98.1401
X,0,3864,1300.86,4537,29.0374,-98.1301
X,0,3896,1224.48,4573,29.0274,-98.1101
X,0,3897,1126.16,4574,29.0274,-98.1001
X,0,3898,1236.02,4575,29.0274,-98.0901
X,0,3900,1177.1,4579,29.0274,-98.0501
X,0,3901,0,4581,29.0274,-98.0301
X,0,3901,0,4581,29.0274,-98.0301
X,0,3901,1120.02,4581,29.0274,-98.0301
X,0,3902,1087.9,4582,29.0274,-98.0201
X,0,3903,0,4583,29.0274,-98.0101
X,0,3903,0,4583,29.0274,-98.0101
X,0,3903,1107.34,4583,29.0274,-98.0101
X,0,3904,1120.02,4584,29.0274,-98.0001
X,0,3905,1085.06,4585,29.0174,-98.3101
X,0,3906,1085.06,4586,29.0174,-98.3001
X,0,3907,990.14,4587,29.0174,-98.2901
X,0,3908,0,4588,29.0174,-98.2801
X,0,3908,0,4588,29.0174,-98.2801
X,0,3908,1098.74,4588,29.0174,-98.2801
X,0,3909,1088.44,4589,29.0174,-98.2701
X,0,3910,1091.18,4590,29.0174,-98.2601
X,0,3970,0,4655,28.9974,-98.1801
X,0,3971,1099.36,4656,28.9974,-98.1701
X,0,3972,1052.6,4657,28.9974,-98.1601
X,0,3973,1085.08,4658,28.9974,-98.1501
X,0,3974,1066.92,4659,28.9974,-98.1401
X,0,3975,1052.6,4660,28.9974,-98.1301
X,0,3976,1052.6,4661,28.9974,-98.1201
X,0,3977,1111.94,4662,28.9974,-98.1101
X,0,3978,1040.46,4663,28.9974,-98.0901
X,0,3979,1066.92,4664,28.9974,-98.0801
X,0,3980,1068.34,4665,28.9974,-98.0701
X,0,4036,1083.8,4723,28.9674,-98.1801
X,0,4039,0,4726,28.9674,-98.1501
X,0,4039,1082.78,4726,28.9674,-98.1501
X,0,4039,0,4726,28.9674,-98.1501
X,0,4040,1080.5,4727,28.9674,-98.1401
X,0,4041,1129,4728,28.9674,-98.1301
X,0,4042,1129,4729,28.9674,-98.1201
X,0,4043,1086.92,4730,28.9674,-98.1101
X,0,4044,1113.34,4731,28.9674,-98.1001
X,0,4045,1193.42,4732,28.9674,-98.0901
X,0,4046,1031.8,4733,28.9674,-98.0801
X,0,4047,1083.82,4734,28.9574,-98.2601
X,0,4048,1064.28,4735,28.9574,-98.2501
X,0,4049,1048.48,4736,28.9574,-98.2401
X,0,4062,0,4751,28.9574,-98.0901
X,0,4062,0,4751,28.9574,-98.0901
X,0,4062,1235.6,4751,28.9574,-98.0901
X,0,4063,1080.46,4752,28.9474,-98.2501
X,0,4065,1149.22,4754,28.9474,-98.2301
X,0,4066,0,4755,28.9474,-98.2201
X,0,4066,1015.44,4755,28.9474,-98.2201
X,0,4067,1067.26,4756,28.9474,-98.2101
X,0,4067,0,4756,28.9474,-98.2101
X,0,4067,0,4756,28.9474,-98.2101
X,0,4068,1083.8,4757,28.9474,-98.2001
X,0,4069,1064.26,4758,28.9474,-98.1901
X,0,4072,878.74,4761,28.9474,-98.1601
X,0,4073,1006.84,4762,28.9474,-98.1501
X,0,4074,1065.74,4763,28.9474,-98.1401
X,0,4075,1044.98,4764,28.9474,-98.1301
X,0,4117,0,4807,28.8974,-98.1801
X,0,4117,1044.92,4807,28.8974,-98.1801
X,0,4118,1061.52,4808,28.8974,-98.1701
X,0,4119,0,4809,28.8874,-98.1901
X,0,4119,1061.46,4809,28.8874,-98.1901
Z,0,130,1104.62,238,29.1277,-98.4698
Z,0,131,1095.86,239,29.1277,-98.4598
Z,0,132,1104.62,240,29.1277,-98.4498
Z,0,156,1069.56,276,29.1177,-98.4498
Z,0,157,1069.56,277,29.1177,-98.4398
Z,0,158,1066.4,278,29.1177,-98.4298
Z,0,188,1069.54,317,29.1077,-98.4298
Z,0,2592,1119.26,2982,29.3574,-98.1801
Z,0,2593,1217.1,2983,29.3574,-98.1701
Z,0,2610,1207.86,3015,29.3474,-98.1901
Z,0,2611,1165.54,3016,29.3474,-98.1801
Z,0,2628,1185.82,3048,29.3374,-98.2201
Z,0,2645,1266.66,3086,29.3274,-98.2201
Z,0,2646,1185.82,3087,29.3274,-98.2101
Z,0,2647,1249.56,3088,29.3274,-98.2001
Z,0,2648,1382.64,3089,29.3274,-98.1901
Z,0,2649,1212.02,3090,29.3274,-98.1801
Z,0,2666,1185.82,3123,29.3174,-98.2301
Z,0,2667,1347,3124,29.3174,-98.2201
Z,0,2668,1382.62,3125,29.3174,-98.2101
Z,0,2669,1382.62,3126,29.3174,-98.2001
Z,0,2670,1382.62,3128,29.3174,-98.1801
Z,0,2693,1347,3164,29.3074,-98.2401
Z,0,2694,1347,3165,29.3074,-98.2301
Z,0,2695,1382.62,3166,29.3074,-98.2201
Z,0,2696,1382.62,3169,29.3074,-98.1901
Z,0,2723,1185.8,3207,29.2974,-98.2501
Z,0,2724,1346.98,3208,29.2974,-98.2401
Z,0,2725,1382.6,3209,29.2974,-98.2301
Z,0,2726,1382.6,3211,29.2974,-98.2101
Z,0,2727,1382.6,3212,29.2974,-98.2001
Z,0,2728,1382.6,3213,29.2974,-98.1901
Z,0,2729,1298.84,3217,29.2974,-98.1501
Z,0,2753,1244.14,3251,29.2874,-98.2601
Z,0,2754,1382.62,3259,29.2874,-98.1801
Z,0,2755,1257.08,3262,29.2874,-98.1501
Z,0,2786,1244.14,3297,29.2774,-98.2701
Z,0,2787,0,3304,29.2774,-98.2001
Z,0,2788,1382.6,3305,29.2774,-98.1901
Z,0,2789,1382.6,3306,29.2774,-98.1801
Z,0,2790,1382.6,3307,29.2774,-98.1701
Z,0,2791,1257.08,3309,29.2774,-98.1501
Z,0,2822,1346.98,3346,29.2674,-98.2701
Z,0,2823,1346.98,3347,29.2674,-98.2601
Z,0,2824,1346.98,3348,29.2674,-98.2501
Z,0,2825,1346.98,3349,29.2674,-98.2401
Z,0,2826,1382.62,3351,29.2674,-98.2201
Z,0,2827,1382.62,3354,29.2674,-98.1901
Z,0,2828,1382.62,3355,29.2674,-98.1801
Z,0,2829,1382.62,3356,29.2674,-98.1701
Z,0,2830,1382.62,3357,29.2674,-98.1601
Z,0,2864,1244.14,3396,29.2574,-98.2801
Z,0,2865,1244.14,3397,29.2574,-98.2701
Z,0,2866,1346.98,3398,29.2574,-98.2601
Z,0,2867,1346.98,3401,29.2574,-98.2301
Z,0,2868,1382.62,3402,29.2574,-98.2201
Z,0,2869,1382.62,3405,29.2574,-98.1901
Z,0,2870,1382.62,3406,29.2574,-98.1801
Z,0,2871,1382.62,3409,29.2574,-98.1501
Z,0,2904,1173.12,3447,29.2474,-98.2901
Z,0,2905,1173.12,3448,29.2474,-98.2801
Z,0,2906,1346.96,3452,29.2474,-98.2401
Z,0,2907,1382.62,3456,29.2474,-98.2001
Z,0,2944,1188.62,3501,29.2374,-98.3001
Z,0,2945,1284.46,3502,29.2374,-98.2901
Z,0,2946,1251.38,3503,29.2374,-98.2801
Z,0,2947,1219.16,3504,29.2374,-98.2701
Z,0,2948,1219.16,3506,29.2374,-98.2501
Z,0,2949,1329.22,3507,29.2374,-98.2401
Z,0,2950,1329.22,3508,29.2374,-98.2301
Z,0,2951,1366.22,3510,29.2374,-98.2101
Z,0,2952,1366.22,3511,29.2374,-98.2001
Z,0,2953,1366.22,3512,29.2374,-98.1901
Z,0,2954,1366.22,3514,29.2374,-98.1701
Z,0,2955,1366.22,3515,29.2374,-98.1601
Z,0,2956,1366.22,3516,29.2374,-98.1501
Z,0,2957,1366.22,3517,29.2374,-98.1401
Z,0,2993,1202.16,3557,29.2274,-98.3101
Z,0,2995,1215,3559,29.2274,-98.2901
Z,0,2996,1213.04,3560,29.2274,-98.2801
Z,0,2997,1219.16,3561,29.2274,-98.2701
Z,0,2998,1212.76,3562,29.2274,-98.2601
Z,0,2999,1329.2,3564,29.2274,-98.2401
Z,0,3000,1366.22,3566,29.2274,-98.2201
Z,0,3001,1366.22,3567,29.2274,-98.2101
Z,0,3002,1366.22,3569,29.2274,-98.1901
Z,0,3003,1366.22,3574,29.2274,-98.1401
Z,0,3004,1366.22,3576,29.2274,-98.1201
Z,0,3038,1191.66,3613,29.2174,-98.3201
Z,0,3039,1165.94,3614,29.2174,-98.3101
Z,0,3040,1191.66,3616,29.2174,-98.2901
Z,0,3041,1212.76,3619,29.2174,-98.2601
Z,0,3042,1329.2,3620,29.2174,-98.2501
Z,0,3043,1329.2,3621,29.2174,-98.2401
Z,0,3044,1329.2,3622,29.2174,-98.2301
Z,0,3045,1329.2,3623,29.2174,-98.2201
Z,0,3046,1329.2,3624,29.2174,-98.2101
Z,0,3047,1366.22,3626,29.2174,-98.1901
Z,0,3048,1366.22,3629,29.2174,-98.1601
Z,0,3049,1366.22,3631,29.2174,-98.1401
Z,0,3087,1245.94,3672,29.2074,-98.2901
Z,0,3088,1134.72,3674,29.2074,-98.2401
Z,0,3089,1134.72,3675,29.2074,-98.2301
Z,0,3090,1215,3676,29.2074,-98.2201
Z,0,3091,1329.12,3677,29.2074,-98.2101
Z,0,3092,1329.12,3678,29.2074,-98.2001
Z,0,3093,1329.12,3682,29.2074,-98.1601
Z,0,3094,1329.12,3684,29.2074,-98.1401
Z,0,3135,1296.26,3728,29.1974,-98.2801
Z,0,3137,1342.24,3730,29.1974,-98.2401
Z,0,3138,1191.64,3732,29.1974,-98.2201
Z,0,3139,1191.64,3733,29.1974,-98.2101
Z,0,3140,1329.12,3734,29.1974,-98.2001
Z,0,3141,1329.12,3736,29.1974,-98.1801
Z,0,3142,1329.12,3737,29.1974,-98.1701
Z,0,3178,1179.9,3778,29.1874,-98.3401
Z,0,3179,1238.2,3779,29.1874,-98.3301
Z,0,3180,1238.2,3781,29.1874,-98.3101
Z,0,3181,1185.24,3782,29.1874,-98.3001
Z,0,3182,1185.24,3783,29.1874,-98.2901
Z,0,3183,1185.24,3784,29.1874,-98.2801
Z,0,3184,1102.56,3785,29.1874,-98.2701
Z,0,3185,1211.96,3787,29.1874,-98.2501
Z,0,3186,1211.96,3789,29.1874,-98.2301
Z,0,3187,1342.26,3790,29.1874,-98.2101
Z,0,3188,1342.26,3791,29.1874,-98.2001
Z,0,3189,1329.1,3792,29.1874,-98.1901
Z,0,3228,1238.18,3834,29.1774,-98.3501
Z,0,3229,1182.54,3835,29.1774,-98.3401
Z,0,3230,1080.36,3836,29.1774,-98.3301
Z,0,3231,1080.36,3837,29.1774,-98.3201
Z,0,3232,1146.46,3838,29.1774,-98.3101
Z,0,3233,1131.02,3839,29.1774,-98.3001
Z,0,3234,1145.56,3840,29.1774,-98.2901
Z,0,3236,1115.92,3842,29.1774,-98.2701
Z,0,3237,1125.38,3843,29.1774,-98.2601
Z,0,3238,1115.92,3844,29.1774,-98.2501
Z,0,3239,1165.92,3845,29.1774,-98.2401
Z,0,3240,1269.24,3846,29.1774,-98.2301
Z,0,3241,1191.62,3847,29.1774,-98.2201
Z,0,3242,1165.92,3849,29.1774,-98.2001
Z,0,3243,1329.1,3850,29.1774,-98.1901
Z,0,3244,1329.1,3851,29.1774,-98.1801
Z,0,3281,1196.22,3890,29.1674,-98.3601
Z,0,3282,1089.26,3891,29.1674,-98.3501
Z,0,3283,1131.02,3892,29.1674,-98.3401
Z,0,3284,1135.56,3893,29.1674,-98.3201
Z,0,3285,1135.56,3894,29.1674,-98.3101
Z,0,3286,1080.34,3895,29.1674,-98.3001
Z,0,3287,1080.34,3896,29.1674,-98.2901
Z,0,3288,1102.54,3897,29.1674,-98.2801
Z,0,3289,1185.22,3898,29.1674,-98.2701
Z,0,3290,1185.22,3899,29.1674,-98.2601
Z,0,3291,1185.22,3900,29.1674,-98.2501
Z,0,3292,1185.22,3901,29.1674,-98.2401
Z,0,3293,1185.22,3902,29.1674,-98.2301
Z,0,3294,1179.84,3904,29.1674,-98.2101
Z,0,3295,1342.2,3905,29.1674,-98.2001
Z,0,3296,1191.62,3906,29.1674,-98.1901
Z,0,3297,1165.92,3907,29.1674,-98.1801
Z,0,3298,1192.44,3908,29.1674,-98.1701
Z,0,3299,1269.2,3909,29.1674,-98.1601
Z,0,3347,1104.58,3959,29.1574,-98.2201
Z,0,3348,1104.58,3961,29.1574,-98.1901
Z,0,3349,1060.6,3962,29.1574,-98.1801
Z,0,3350,1165.94,3963,29.1574,-98.1701
Z,0,3351,1165.94,3964,29.1574,-98.1601
Z,0,3392,1102.54,4007,29.1474,-98.2901
Z,0,3394,1135.56,4009,29.1474,-98.2701
Z,0,3446,1135.56,4066,29.1374,-98.2501
Z,0,3448,1126.54,4068,29.1374,-98.2301
Z,0,3449,1135.56,4069,29.1374,-98.2201
Z,0,3450,1118.52,4070,29.1374,-98.2101
