index,parcels,plants,distance
1,5,1,50.7105
2,8,1,52.8821
3,12,1,50.7265
4,13,1,53.9648
5,14,1,54.0813
6,15,1,58.4046
7,16,1,58.0054
8,17,1,52.2536
9,18,1,51.2085
10,19,1,52.3926
11,20,1,53.3776
12,24,1,55.2021
13,25,1,56.1368
14,26,1,57.0563
15,27,1,54.0822
16,28,1,52.853
17,29,1,54.6291
18,30,1,54.5542
19,31,1,54.9794
20,33,1,51.0845
21,34,1,51.4056
22,35,1,49.779
23,36,1,56.5953
24,37,1,56.7224
25,38,1,57.2106
26,39,1,57.8817
27,40,1,55.1433
28,41,1,54.06
29,42,1,55.8432
30,43,1,56.0572
31,44,1,56.5452
32,45,1,54.293
33,46,1,53.4881
34,49,1,48.9382
35,50,1,49.6238
36,51,1,47.2524
37,52,1,57.4567
38,53,1,57.8776
39,54,1,58.4798
40,55,1,59.0006
41,56,1,60.0358
42,57,1,55.8758
43,58,1,57.458
44,59,1,57.5477
45,61,1,54.9096
46,65,1,50.2784
47,66,1,50.7362
48,69,1,45.7271
49,70,1,59.048
50,71,1,58.0281
51,72,1,59.6077
52,74,1,60.3732
53,75,1,57.2233
54,76,1,58.6336
55,77,1,58.4231
56,86,1,48.6662
57,88,1,50.3076
58,91,1,59.2342
59,92,1,58.0281
60,93,1,60.2408
61,94,1,60.2408
62,95,1,58.8227
63,96,1,58.4402
64,107,1,49.9174
65,108,1,50.0561
66,110,1,47.15
67,111,1,45.7742
68,112,1,44.6372
69,113,1,46.867
70,114,1,49.6214
71,115,1,65.0154
72,118,1,64.1389
73,119,1,64.1389
74,120,1,64.0091
75,121,1,62.1916
76,122,1,60.9594
77,124,1,61.9987
78,125,1,56.9081
79,126,1,56.4127
80,130,1,51.9425
81,131,1,52.223
82,132,1,51.7534
83,135,1,46.3855
84,136,1,45.5354
85,137,1,48.7327
86,138,1,48.4408
87,139,1,49.4458
88,146,1,64.1389
89,147,1,63.8468
90,148,1,62.7564
91,149,1,62.5608
92,150,1,62.8568
93,154,1,57.2662
94,156,1,55.9059
95,161,1,48.812
96,163,1,46.6738
97,164,1,47.3223
98,166,1,49.4001
99,167,1,50.0746
100,168,1,38.3919
101,169,1,37.7127
102,176,1,63.8828
103,177,1,64.3094
104,178,1,64.1897
105,179,1,63.7354
106,184,1,57.5784
107,190,1,53.3291
108,191,1,49.6246
109,192,1,48.5418
110,193,1,47.7589
111,194,1,49.2093
112,195,1,51.9635
113,196,1,52.0459
114,199,1,42.9543
115,203,1,34.6889
116,204,1,34.0351
117,215,1,60.114
118,219,1,62.315
119,220,1,62.2122
120,224,1,50.1024
121,225,1,49.1562
122,226,1,48.8916
123,227,1,50.2043
124,228,1,50.9624
125,230,1,46.1126
126,231,1,46.2388
127,233,1,42.176
128,235,1,39.9645
129,236,1,36.294
130,238,1,32.2857
131,239,1,31.28
132,240,1,31.8876
133,241,1,76.8745
134,249,1,61.8914
135,250,1,61.8914
136,251,1,61.1623
137,253,1,59.8719
138,254,1,60.7822
139,255,1,61.6396
140,257,1,56.1902
141,259,1,53.9726
142,260,1,51.0626
143,261,1,50.4649
144,262,1,50.0069
145,263,1,50.5761
146,264,1,52.3416
147,266,1,45.182
148,267,1,44.5917
149,268,1,42.7556
150,269,1,40.5172
151,270,1,39.883
152,271,1,38.8086
153,273,1,37.023
154,274,1,37.8696
155,275,1,38.9284
156,276,1,31.2676
157,277,1,31.1321
158,278,1,29.8477
159,279,1,35.278
160,280,1,77.4102
161,281,1,78.5307
162,285,1,71.744
163,289,1,64.6338
164,290,1,62.3201
165,291,1,62.0613
166,292,1,60.9886
167,293,1,63.7854
168,294,1,63.4098
169,295,1,63.6598
170,296,1,55.6298
171,297,1,55.3492
172,298,1,56.6006
173,302,1,54.2255
174,303,1,53.731
175,304,1,53.9507
176,305,1,44.259
177,306,1,43.8035
178,307,1,42.6849
179,308,1,41.5166
180,309,1,41.2779
181,310,1,41.212
182,311,1,38.5365
183,312,1,36.9169
184,313,1,35.4516
185,314,1,34.3162
186,315,1,33.057
187,316,1,32.8617
188,317,1,30.9916
189,318,1,32.4165
190,319,1,33.2197
191,321,1,79.7546
192,322,1,80.3104
193,324,1,82.4202
194,325,1,83.3952
195,326,1,71.744
196,329,1,67.4007
197,330,1,64.6338
198,332,1,62.1747
199,333,1,63.9002
200,334,1,66.864
201,336,1,61.2763
202,337,1,56.4374
203,338,1,56.0456
204,339,1,54.4994
205,340,1,52.9135
206,342,1,56.5779
207,343,1,57.1699
208,344,1,46.8487
209,345,1,45.7333
210,347,1,50.5945
211,348,1,49.168
212,349,1,41.1977
213,350,1,40.0592
214,351,1,39.317
215,352,1,39.6574
216,353,1,35.5296
217,355,1,33.4324
218,356,1,32.8828
219,357,1,32.0823
220,358,1,33.3508
221,359,1,33.8129
222,360,1,35.6346
223,361,1,79.2339
224,362,1,80.2086
225,363,1,81.1394
226,364,1,81.628
227,365,1,82.4897
228,366,1,83.7283
229,367,1,70.8162
230,368,1,71.0622
231,369,1,68.2101
232,370,1,66.8926
233,371,1,66.0341
234,372,1,63.9206
235,373,1,63.1272
236,374,1,65.5526
237,375,1,64.692
238,376,1,64.3431
239,377,1,61.2653
240,378,1,59.3959
241,379,1,56.2156
242,380,1,55.7244
243,381,1,53.6312
244,382,1,53.7899
245,383,1,55.6186
246,384,1,57.2283
247,385,1,51.6447
248,386,1,50.2529
249,387,1,49.8064
250,388,1,50.2671
251,389,1,47.909
252,390,1,46.9078
253,391,1,44.3925
254,392,1,43.894
255,394,1,42.4762
256,395,1,35.0907
257,396,1,34.8712
258,398,1,33.2029
259,399,1,36.3209
260,400,1,37.294
261,401,1,37.4455
262,402,1,38.8013
263,403,1,84.2674
264,404,1,81.3165
265,405,1,85.8731
266,406,1,84.2014
267,408,1,84.214
268,409,1,70.4103
269,410,1,69.256
270,411,1,68.7627
271,412,1,67.1319
272,413,1,65.5419
273,414,1,64.563
274,415,1,64.5345
275,416,1,64.9712
276,418,1,63.2919
277,419,1,62.5526
278,420,1,61.7904
279,421,1,58.3824
280,422,1,57.1566
281,423,1,55.1278
282,424,1,54.5427
283,425,1,55.2654
284,426,1,52.8295
285,427,1,51.6856
286,428,1,50.8866
287,429,1,48.1945
288,430,1,47.32
289,432,1,45.5175
290,433,1,45.0347
291,434,1,42.4022
292,435,1,41.3437
293,436,1,42.4762
294,437,1,36.9491
295,438,1,35.7681
296,439,1,35.5933
297,440,1,34.317
298,441,1,35.867
299,442,1,38.5327
300,443,1,38.2352
301,444,1,38.0484
302,445,1,38.4254
303,447,1,84.5228
304,448,1,85.5344
305,449,1,88.5754
306,450,1,89.4637
307,451,1,89.356
308,452,1,70.6142
309,453,1,69.9722
310,454,1,68.808
311,456,1,66.0549
312,457,1,67.2773
313,458,1,69.3056
314,459,1,65.8105
315,460,1,65.336
316,461,1,64.0351
317,462,1,62.3604
318,463,1,61.0531
319,464,1,60.2119
320,465,1,58.0208
321,466,1,56.9675
322,467,1,55.7609
323,468,1,56.3683
324,469,1,52.2322
325,470,1,51.5966
326,471,1,49.0169
327,472,1,48.2609
328,473,1,48.8805
329,474,1,46.0047
330,475,1,44.9877
331,476,1,43.978
332,477,1,43.0299
333,479,1,42.6261
334,480,1,41.5792
335,481,1,42.7989
336,482,1,36.2554
337,483,1,35.4294
338,484,1,37.1351
339,485,1,37.761
340,486,1,38.691
341,487,1,39.3106
342,488,1,41.0862
343,490,1,82.2741
344,491,1,84.6411
345,492,1,86.8665
346,493,1,87.0792
347,494,1,88.0532
348,495,1,89.0172
349,496,1,70.723
350,497,1,70.2496
351,498,1,91.7074
352,499,1,67.3015
353,500,1,67.3015
354,502,1,69.064
355,503,1,68.0304
356,504,1,66.7266
357,505,1,64.0995
358,506,1,63.7044
359,507,1,64.213
360,508,1,60.0898
361,509,1,58.8168
362,510,1,58.3899
363,511,1,56.7579
364,512,1,57.5115
365,513,1,53.0171
366,514,1,50.6041
367,515,1,49.6258
368,516,1,49.3121
369,517,1,51.748
370,518,1,46.7494
371,519,1,45.907
372,520,1,45.5608
373,521,1,44.0988
374,522,1,43.5884
375,523,1,44.8362
376,524,1,45.367
377,525,1,39.4092
378,526,1,38.6645
379,528,1,38.2776
380,529,1,38.2316
381,530,1,41.0212
382,531,1,41.0402
383,532,1,41.0792
384,533,1,43.3778
385,534,1,43.6221
386,535,1,82.8914
387,536,1,83.7854
388,537,1,85.6341
389,538,1,86.2983
390,539,1,88.6449
391,540,1,89.2559
392,542,1,90.9037
393,543,1,73.3116
394,544,1,72.565
395,545,1,70.2476
396,546,1,69.7025
397,547,1,68.3453
398,548,1,66.957
399,549,1,66.2527
400,550,1,64.7749
401,552,1,62.3894
402,553,1,61.0623
403,554,1,59.6116
404,555,1,58.5026
405,556,1,58.0318
406,557,1,58.8644
407,558,1,52.3869
408,559,1,52.1486
409,560,1,50.6865
410,561,1,51.0103
411,562,1,51.2505
412,563,1,47.6432
413,564,1,49.5325
414,565,1,48.1758
415,566,1,46.0033
416,567,1,44.6127
417,568,1,45.2013
418,569,1,45.2961
419,570,1,39.6506
420,571,1,38.1621
421,572,1,37.6762
422,573,1,38.7489
423,574,1,39.9073
424,575,1,39.7663
425,576,1,40.5106
426,579,1,53.9059
427,580,1,44.8603
428,581,1,81.9108
429,582,1,84.1952
430,583,1,84.6977
431,584,1,86.1765
432,585,1,89.3767
433,587,1,89.754
434,588,1,92.0872
435,589,1,74.2469
436,590,1,74.2686
437,592,1,70.6726
438,593,1,68.9789
439,594,1,69.5402
440,595,1,66.2259
441,596,1,66.3674
442,597,1,63.7735
443,598,1,62.3759
444,599,1,61.1597
445,600,1,59.8827
446,601,1,60.5652
447,602,1,59.4674
448,603,1,59.3484
449,606,1,60.1498
450,607,1,59.6062
451,608,1,52.1997
452,609,1,48.5661
453,610,1,47.6033
454,611,1,46.6869
455,612,1,43.1424
456,613,1,41.9972
457,614,1,41.0571
458,616,1,38.8053
459,617,1,48.0127
460,618,1,40.0047
461,619,1,40.86
462,620,1,40.9842
463,621,1,42.1712
464,622,1,42.1712
465,623,1,43.5266
466,624,1,52.7875
467,625,1,53.92
468,626,1,54.4979
469,627,1,82.0921
470,628,1,83.2177
471,629,1,83.8588
472,630,1,88.227
473,631,1,88.1835
474,632,1,88.3124
475,633,1,89.2327
476,634,1,75.5224
477,635,1,74.6149
478,636,1,72.7984
479,637,1,72.145
480,638,1,70.609
481,640,1,68.3004
482,641,1,67.1861
483,642,1,67.8445
484,643,1,68.3824
485,644,1,61.7307
486,645,1,61.5724
487,646,1,60.9481
488,647,1,61.6482
489,648,1,61.5377
490,649,1,60.4123
491,650,1,61.2947
492,651,1,61.6879
493,652,1,59.4285
494,654,1,53.2446
495,655,1,58.3155
496,656,1,49.6155
497,657,1,58.3376
498,658,1,47.1145
499,659,1,47.0174
500,660,1,42.6595
501,661,1,41.102
502,662,1,40.6252
503,664,1,46.8243
504,665,1,41.1159
505,666,1,42.4921
506,667,1,50.4322
507,668,1,49.595
508,669,1,50.9723
509,670,1,50.6289
510,671,1,51.6761
511,672,1,52.2444
512,673,1,53.1346
513,674,1,53.7111
514,675,1,83.7932
515,676,1,84.202
516,677,1,84.5546
517,678,1,85.1748
518,679,1,86.8565
519,680,1,88.5881
520,681,1,89.6871
521,682,1,90.8019
522,683,1,75.4512
523,684,1,72.4206
524,685,1,79.6771
525,686,1,80.233
526,687,1,81.5813
527,688,1,68.648
528,689,1,68.7314
529,690,1,67.4048
530,691,1,67.8768
531,692,1,62.7758
532,693,1,62.7167
533,694,1,62.1264
534,696,1,62.0531
535,697,1,61.5671
536,699,1,60.9593
537,700,1,61.1192
538,701,1,58.4432
539,702,1,56.9482
540,703,1,56.0586
541,704,1,56.8961
542,705,1,57.9104
543,706,1,44.555
544,709,1,48.1308
545,710,1,49.0648
546,711,1,47.3068
547,712,1,45.73
548,713,1,46.9753
549,714,1,47.6505
550,715,1,47.6505
551,717,1,49.1264
552,718,1,50.0159
553,719,1,50.9043
554,720,1,51.7962
555,721,1,54.6068
556,722,1,54.791
557,723,1,54.7859
558,725,1,85.6407
559,726,1,85.9243
560,727,1,85.7306
561,728,1,86.9783
562,729,1,87.4144
563,730,1,88.897
564,731,1,80.4623
565,732,1,80.6411
566,733,1,78.2821
567,734,1,78.6952
568,735,1,80.1309
569,736,1,81.7121
570,737,1,77.1662
571,738,1,69.1504
572,739,1,66.3612
573,740,1,65.3827
574,741,1,63.7457
575,742,1,66.8312
576,743,1,66.8443
577,744,1,63.5819
578,745,1,63.147
579,747,1,62.9974
580,748,1,64.4265
581,749,1,59.8049
582,750,1,59.493
583,751,1,56.2256
584,752,1,55.2522
585,753,1,54.7949
586,754,1,54.0151
587,755,1,44.7644
588,756,1,44.0385
589,757,1,43.6139
590,758,1,47.1498
591,759,1,49.0215
592,760,1,45.9157
593,761,1,44.6072
594,762,1,46.5486
595,763,1,46.3104
596,764,1,46.9662
597,765,1,47.8917
598,766,1,48.9083
599,767,1,51.0215
600,768,1,51.8844
601,769,1,53.4687
602,770,1,55.6994
603,771,1,55.8832
604,772,1,55.7545
605,773,1,56.2233
606,774,1,87.4046
607,775,1,87.5581
608,776,1,87.4063
609,777,1,88.6558
610,778,1,87.7883
611,779,1,87.9648
612,780,1,79.5224
613,781,1,78.6388
614,782,1,78.0457
615,783,1,77.7469
616,784,1,77.7257
617,785,1,79.7104
618,786,1,75.6216
619,787,1,74.5419
620,788,1,73.8995
621,789,1,66.8321
622,790,1,65.1913
623,791,1,65.1756
624,792,1,66.023
625,793,1,65.6916
626,794,1,64.7747
627,795,1,63.8578
628,796,1,63.0774
629,798,1,64.7285
630,799,1,60.8585
631,800,1,61.5659
632,801,1,57.2672
633,802,1,54.5258
634,803,1,53.8015
635,804,1,53.726
636,805,1,45.6302
637,807,1,45.5313
638,808,1,46.6135
639,809,1,46.289
640,810,1,46.5462
641,811,1,43.4914
642,812,1,44.6639
643,814,1,49.6821
644,815,1,49.638
645,817,1,52.4835
646,818,1,53.0622
647,819,1,55.8728
648,820,1,56.4117
649,821,1,56.9776
650,823,1,57.263
651,824,1,57.9149
652,825,1,88.5645
653,826,1,87.7572
654,827,1,90.1021
655,828,1,90.0843
656,829,1,91.8804
657,830,1,91.988
658,831,1,80.6389
659,832,1,80.6389
660,833,1,77.4193
661,835,1,75.5258
662,836,1,74.6076
663,837,1,74.0452
664,838,1,74.367
665,839,1,73.0625
666,840,1,72.1897
667,841,1,72.6169
668,842,1,66.3678
669,844,1,64.7573
670,845,1,63.9898
671,846,1,64.2467
672,847,1,63.8668
673,848,1,62.3726
674,849,1,60.8481
675,850,1,61.1736
676,851,1,62.7756
677,852,1,55.4669
678,853,1,53.7918
679,854,1,53.2422
680,855,1,52.3857
681,856,1,51.352
682,857,1,50.8597
683,858,1,45.9061
684,859,1,46.956
685,860,1,46.241
686,861,1,44.8284
687,862,1,44.3225
688,863,1,45.5996
689,864,1,47.2669
690,865,1,48.5879
691,866,1,49.3079
692,867,1,52.9242
693,868,1,53.8009
694,869,1,54.7849
695,870,1,54.9628
696,871,1,55.8573
697,872,1,59.0402
698,873,1,59.703
699,874,1,59.0775
700,875,1,58.6704
701,876,1,59.5119
702,877,1,89.5286
703,878,1,90.4498
704,879,1,90.4498
705,880,1,92.0463
706,881,1,91.7629
707,882,1,84.9612
708,883,1,80.433
709,884,1,79.7769
710,885,1,78.389
711,886,1,78.2374
712,887,1,75.2178
713,889,1,73.2936
714,890,1,72.3869
715,891,1,71.4846
716,892,1,71.1916
717,893,1,72.5064
718,894,1,70.0824
719,895,1,70.6774
720,896,1,68.4458
721,897,1,63.2041
722,898,1,61.8482
723,899,1,60.9264
724,901,1,59.8002
725,902,1,58.1225
726,903,1,57.9126
727,904,1,57.6929
728,905,1,54.2883
729,907,1,51.7755
730,909,1,48.1632
731,910,1,47.6173
732,911,1,46.7353
733,912,1,47.6353
734,913,1,48.8703
735,914,1,46.7916
736,915,1,48.3887
737,916,1,49.5156
738,917,1,50.3675
739,918,1,51.3408
740,919,1,54.9343
741,920,1,54.9464
742,921,1,55.3403
743,922,1,58.129
744,923,1,58.3482
745,924,1,59.3766
746,925,1,60.6705
747,926,1,62.1614
748,927,1,60.147
749,928,1,94.3264
750,929,1,94.3264
751,930,1,90.4498
752,931,1,92.0974
753,932,1,92.7567
754,934,1,84.1993
755,935,1,79.8435
756,936,1,79.4312
757,938,1,76.929
758,940,1,75.3227
759,941,1,72.5777
760,942,1,71.8508
761,943,1,70.3032
762,944,1,69.2675
763,945,1,68.3535
764,946,1,67.6055
765,947,1,67.3969
766,948,1,61.5826
767,949,1,61.1052
768,950,1,61.4844
769,951,1,60.8947
770,952,1,58.6862
771,953,1,57.4356
772,954,1,57.1529
773,955,1,56.6455
774,956,1,55.5962
775,957,1,52.5779
776,961,1,49.241
777,962,1,48.7684
778,963,1,53.3822
779,965,1,49.2152
780,967,1,48.9962
781,968,1,49.5652
782,969,1,55.25
783,970,1,55.9442
784,971,1,56.5419
785,972,1,56.2769
786,973,1,56.5129
787,974,1,59.4031
788,975,1,59.4492
789,976,1,61.0799
790,977,1,60.8525
791,978,1,63.5089
792,979,1,63.8767
793,980,1,61.6232
794,981,1,93.7641
795,984,1,85.3714
796,985,1,84.2295
797,988,1,80.8141
798,989,1,80.337
799,990,1,78.7679
800,991,1,76.929
801,992,1,75.9671
802,993,1,74.5572
803,994,1,73.5651
804,997,1,70.0286
805,999,1,67.0417
806,1000,1,66.144
807,1001,1,65.2531
808,1004,1,59.4674
809,1005,1,58.3074
810,1006,1,56.8512
811,1007,1,55.8957
812,1008,1,54.9238
813,1009,1,54.5228
814,1010,1,52.9746
815,1012,1,51.2235
816,1013,1,50.9898
817,1014,1,52.5802
818,1015,1,53.4319
819,1016,1,51.966
820,1017,1,51.0072
821,1018,1,51.1198
822,1019,1,52.9597
823,1020,1,53.2055
824,1021,1,53.9494
825,1022,1,54.4741
826,1023,1,57.3566
827,1024,1,57.3652
828,1025,1,57.1652
829,1026,1,57.5318
830,1027,1,58.5076
831,1028,1,60.3852
832,1029,1,62.9911
833,1030,1,63.6203
834,1031,1,62.4149
835,1032,1,63.5262
836,1033,1,63.5262
837,1034,1,62.0109
838,1035,1,89.5319
839,1036,1,88.8305
840,1037,1,88.1646
841,1039,1,84.8776
842,1040,1,84.0297
843,1041,1,82.2605
844,1044,1,79.003
845,1046,1,75.964
846,1050,1,74.1528
847,1051,1,70.1957
848,1052,1,70.1957
849,1053,1,68.1131
850,1054,1,68.3799
851,1055,1,64.7446
852,1056,1,63.8741
853,1057,1,62.9957
854,1058,1,62.1518
855,1059,1,59.6357
856,1060,1,57.5408
857,1061,1,57.5431
858,1062,1,56.4305
859,1063,1,55.0722
860,1065,1,52.7898
861,1066,1,53.7195
862,1067,1,51.7858
863,1068,1,52.7795
864,1069,1,52.5376
865,1070,1,50.8533
866,1071,1,49.9101
867,1073,1,51.6112
868,1074,1,52.013
869,1075,1,53.1073
870,1076,1,53.9879
871,1077,1,58.473
872,1078,1,58.9337
873,1079,1,58.9712
874,1080,1,59.8886
875,1082,1,65.0442
876,1083,1,64.4181
877,1084,1,63.8778
878,1085,1,63.7561
879,1087,1,64.7383
880,1088,1,63.5237
881,1089,1,60.7403
882,1090,1,88.7325
883,1091,1,88.0452
884,1093,1,86.3093
885,1094,1,86.2745
886,1095,1,83.7261
887,1096,1,83.2598
888,1097,1,83.9932
889,1098,1,84.4808
890,1099,1,78.8738
891,1100,1,77.9948
892,1101,1,76.751
893,1102,1,75.7156
894,1103,1,75.7012
895,1104,1,76.7209
896,1105,1,77.2818
897,1106,1,69.9118
898,1107,1,69.8685
899,1108,1,69.1566
900,1109,1,68.816
901,1110,1,64.2447
902,1111,1,63.3697
903,1112,1,62.5056
904,1113,1,61.6365
905,1116,1,59.2219
906,1117,1,55.6832
907,1118,1,54.9144
908,1119,1,54.4954
909,1120,1,56.8688
910,1121,1,54.7697
911,1122,1,53.8548
912,1123,1,53.5083
913,1124,1,52.4744
914,1126,1,50.0173
915,1127,1,52.3978
916,1128,1,52.1285
917,1129,1,52.5359
918,1130,1,57.6922
919,1131,1,60.4974
920,1132,1,60.1282
921,1133,1,61.8437
922,1134,1,62.652
923,1135,1,60.8886
924,1136,1,61.4103
925,1137,1,66.4735
926,1139,1,67.0503
927,1140,1,64.954
928,1141,1,65.0241
929,1142,1,62.4367
930,1143,1,61.3083
931,1144,1,60.5021
932,1145,1,90.4324
933,1146,1,87.9274
934,1147,1,86.7368
935,1148,1,85.6598
936,1149,1,85.6948
937,1150,1,84.7208
938,1151,1,84.352
939,1152,1,84.6007
940,1154,1,79.9569
941,1155,1,79.0016
942,1156,1,76.8781
943,1157,1,76.895
944,1158,1,74.8938
945,1159,1,77.3986
946,1160,1,72.229
947,1161,1,72.229
948,1162,1,66.8401
949,1163,1,66.8343
950,1164,1,64.5766
951,1165,1,63.603
952,1166,1,62.8005
953,1167,1,62.7045
954,1168,1,61.8603
955,1169,1,60.1437
956,1172,1,56.3638
957,1173,1,56.6742
958,1174,1,57.6471
959,1175,1,55.1568
960,1177,1,57.6949
961,1178,1,56.722
962,1179,1,56.1576
963,1180,1,55.1738
964,1182,1,51.1273
965,1183,1,55.0142
966,1184,1,55.8064
967,1185,1,56.6777
968,1186,1,57.4814
969,1187,1,58.6928
970,1188,1,59.6647
971,1189,1,60.7088
972,1190,1,61.6828
973,1191,1,62.9479
974,1192,1,64.5397
975,1193,1,66.7915
976,1194,1,66.4875
977,1195,1,77.221
978,1196,1,76.5935
979,1197,1,63.8678
980,1198,1,62.7578
981,1199,1,62.4807
982,1200,1,62.6562
983,1201,1,81.9428
984,1202,1,89.6345
985,1203,1,88.5676
986,1205,1,85.7622
987,1206,1,84.5734
988,1207,1,83.4621
989,1208,1,83.6071
990,1209,1,84.9174
991,1210,1,81.9058
992,1211,1,80.2314
993,1212,1,79.288
994,1213,1,78.3439
995,1214,1,78.0197
996,1215,1,74.2375
997,1216,1,73.2638
998,1217,1,72.2987
999,1218,1,67.5175
1000,1219,1,66.5393
1001,1220,1,73
1002,1221,1,64.5959
1003,1222,1,63.6223
1004,1223,1,63.0231
1005,1224,1,61.6061
1006,1225,1,60.6336
1007,1226,1,59.767
1008,1229,1,58.9353
1009,1230,1,60.1868
1010,1231,1,57.4051
1011,1232,1,56.4357
1012,1233,1,55.2439
1013,1234,1,58.9213
1014,1235,1,57.955
1015,1236,1,57.0464
1016,1237,1,54.0835
1017,1239,1,52.7557
1018,1240,1,53.9102
1019,1241,1,54.708
1020,1242,1,55.6792
1021,1243,1,56.8003
1022,1244,1,59.8346
1023,1245,1,60.1487
1024,1246,1,61.3303
1025,1247,1,62.3005
1026,1248,1,64.1234
1027,1250,1,66.123
1028,1251,1,66.6951
1029,1252,1,76.3704
1030,1253,1,75.7432
1031,1254,1,75.64
1032,1255,1,63.7332
1033,1256,1,63.0479
1034,1257,1,80.4808
1035,1258,1,81.1413
1036,1259,1,81.3125
1037,1260,1,98.5259
1038,1261,1,89.0735
1039,1262,1,86.8582
1040,1263,1,86.3989
1041,1265,1,82.4832
1042,1266,1,82.2192
1043,1267,1,81.0868
1044,1269,1,80.7115
1045,1270,1,80.3872
1046,1271,1,80.3872
1047,1272,1,73.0218
1048,1273,1,73.0218
1049,1274,1,74.043
1050,1275,1,70.6278
1051,1276,1,70.9122
1052,1277,1,71.1932
1053,1278,1,72.0885
1054,1279,1,65.1102
1055,1280,1,64.1003
1056,1281,1,63.8369
1057,1282,1,61.715
1058,1284,1,60.0469
1059,1286,1,59.6812
1060,1287,1,59.773
1061,1288,1,61.0342
1062,1289,1,57.7102
1063,1290,1,56.7242
1064,1291,1,56.5091
1065,1292,1,58.9189
1066,1293,1,58.704
1067,1295,1,56.5844
1068,1296,1,54.524
1069,1297,1,53.4758
1070,1298,1,54.5469
1071,1299,1,55.5186
1072,1300,1,56.497
1073,1301,1,57.4899
1074,1302,1,58.311
1075,1303,1,59.6469
1076,1304,1,60.8742
1077,1305,1,64.2881
1078,1306,1,65.368
1079,1307,1,65.1589
1080,1308,1,66.3184
1081,1309,1,75.5201
1082,1310,1,74.8968
1083,1312,1,74.7694
1084,1313,1,78.3991
1085,1314,1,79.0093
1086,1315,1,80.2765
1087,1316,1,81.1775
1088,1317,1,81.1775
1089,1318,1,98.5259
1090,1319,1,84.4749
1091,1320,1,84.4749
1092,1321,1,84.4749
1093,1323,1,81.4
1094,1324,1,81.1505
1095,1325,1,80.9012
1096,1326,1,79.7558
1097,1327,1,79.8592
1098,1328,1,79.8592
1099,1329,1,73.1524
1100,1331,1,72.2288
1101,1332,1,71.0658
1102,1333,1,70.1921
1103,1334,1,68.0357
1104,1335,1,67.1871
1105,1336,1,67.5944
1106,1337,1,66.0452
1107,1338,1,66.5713
1108,1339,1,63.1147
1109,1340,1,62.3548
1110,1341,1,62.7221
1111,1342,1,61.9265
1112,1343,1,61.0903
1113,1344,1,60.7724
1114,1346,1,61.246
1115,1347,1,58.2223
1116,1348,1,63.1155
1117,1349,1,61.3792
1118,1350,1,60.1264
1119,1351,1,59.9858
1120,1352,1,59.8204
1121,1353,1,57.9147
1122,1354,1,58.1222
1123,1355,1,56.3665
1124,1356,1,56.7898
1125,1357,1,55.664
1126,1358,1,57.2806
1127,1359,1,58.4188
1128,1360,1,59.06
1129,1361,1,60.9495
1130,1362,1,62.556
1131,1363,1,65.1142
1132,1364,1,72.7486
1133,1365,1,72.3582
1134,1366,1,71.113
1135,1367,1,71.2838
1136,1368,1,72.0844
1137,1369,1,72.8642
1138,1371,1,75.7683
1139,1372,1,77.5377
1140,1373,1,78.2821
1141,1374,1,81.1987
1142,1375,1,81.1987
1143,1376,1,81.1987
1144,1377,1,79.9719
1145,1378,1,88.5912
1146,1379,1,84.5744
1147,1380,1,84.2733
1148,1381,1,84.0109
1149,1383,1,81.0375
1150,1384,1,80.0754
1151,1386,1,78.6982
1152,1388,1,78.173
1153,1389,1,72.8834
1154,1390,1,72.8524
1155,1391,1,71.4116
1156,1392,1,70.2803
1157,1394,1,69.2553
1158,1396,1,72.897
1159,1397,1,68.3978
1160,1398,1,67.5608
1161,1399,1,65.2812
1162,1400,1,64.1722
1163,1401,1,63.6131
1164,1402,1,65.9772
1165,1403,1,63.1765
1166,1404,1,61.8849
1167,1405,1,62.8464
1168,1406,1,62.1786
1169,1407,1,59.246
1170,1408,1,62.4605
1171,1409,1,61.9201
1172,1410,1,61.1138
1173,1411,1,60.9097
1174,1413,1,60.1748
1175,1414,1,59.9689
1176,1415,1,58.898
1177,1416,1,57.9016
1178,1417,1,58.259
1179,1419,1,58.6568
1180,1420,1,59.7262
1181,1421,1,63.2309
1182,1422,1,62.9083
1183,1423,1,73.3669
1184,1424,1,73.3669
1185,1425,1,71.5586
1186,1426,1,70.6618
1187,1427,1,70.6403
1188,1428,1,71.4293
1189,1429,1,73.0291
1190,1430,1,73.9073
1191,1431,1,76.6192
1192,1432,1,77.2436
1193,1433,1,77.9423
1194,1434,1,81.1987
1195,1435,1,81.1987
1196,1437,1,79.9719
1197,1438,1,79.9719
1198,1439,1,87.7547
1199,1440,1,88.4931
1200,1441,1,84.2706
1201,1442,1,82.8866
1202,1444,1,80.9951
1203,1445,1,79.2956
1204,1447,1,77.8231
1205,1448,1,77.356
1206,1449,1,76.8105
1207,1450,1,73.3697
1208,1451,1,72.7809
1209,1452,1,71.9439
1210,1453,1,72.5728
1211,1454,1,74.1688
1212,1455,1,70.2125
1213,1456,1,71.1678
1214,1457,1,69.9063
1215,1458,1,67.5015
1216,1459,1,66.9445
1217,1460,1,66.8151
1218,1462,1,64.7265
1219,1463,1,64.7317
1220,1464,1,65.1564
1221,1465,1,62.9976
1222,1466,1,63.512
1223,1468,1,63.759
1224,1469,1,64.7332
1225,1470,1,63.1153
1226,1471,1,62.1414
1227,1473,1,61.9174
1228,1474,1,60.8418
1229,1475,1,60.8252
1230,1476,1,58.3433
1231,1477,1,67.4389
1232,1478,1,59.7709
1233,1479,1,58.3956
1234,1480,1,60.6595
1235,1481,1,67.4182
1236,1482,1,67.4667
1237,1483,1,73.3669
1238,1484,1,69.1205
1239,1485,1,68.8883
1240,1487,1,69.9785
1241,1488,1,72.2434
1242,1489,1,72.7653
1243,1490,1,73.6487
1244,1491,1,79.2228
1245,1492,1,78.8034
1246,1493,1,78.2366
1247,1494,1,78.2366
1248,1495,1,78.2366
1249,1496,1,79.81
1250,1497,1,79.81
1251,1498,1,79.6951
1252,1499,1,78.8565
1253,1500,1,86.2146
1254,1502,1,84.3643
1255,1504,1,81.3356
1256,1505,1,80.8603
1257,1506,1,77.8537
1258,1507,1,77.8537
1259,1508,1,77.2494
1260,1509,1,76.2014
1261,1510,1,74.7644
1262,1511,1,73.9134
1263,1512,1,75.0675
1264,1513,1,75.4711
1265,1514,1,74.3092
1266,1515,1,72.867
1267,1516,1,72.0307
1268,1517,1,74.0201
1269,1519,1,69.0512
1270,1520,1,67.9282
1271,1521,1,67.7023
1272,1522,1,66.5044
1273,1524,1,65.9126
1274,1525,1,65.7735
1275,1527,1,66.1403
1276,1528,1,66.0397
1277,1529,1,64.7887
1278,1531,1,64.3203
1279,1532,1,63.4712
1280,1533,1,63.463
1281,1534,1,62.9843
1282,1535,1,62.7286
1283,1536,1,63.7408
1284,1537,1,60.9593
1285,1538,1,67.7812
1286,1539,1,67.2363
1287,1540,1,66.4436
1288,1541,1,65.0225
1289,1542,1,67.1734
1290,1543,1,67.4667
1291,1544,1,65.7956
1292,1545,1,67.0198
1293,1546,1,67.9498
1294,1547,1,69.5714
1295,1548,1,70.1865
1296,1549,1,72.9894
1297,1550,1,72.9894
1298,1551,1,81.0425
1299,1552,1,80.2913
1300,1553,1,79.8408
1301,1554,1,79.8408
1302,1555,1,78.284
1303,1556,1,78.2366
1304,1557,1,79.81
1305,1558,1,79.81
1306,1559,1,79.81
1307,1560,1,78.0088
1308,1561,1,77.38
1309,1562,1,87.6313
1310,1564,1,83.4498
1311,1565,1,83.0776
1312,1566,1,81.4083
1313,1567,1,80.5363
1314,1568,1,79.289
1315,1569,1,78.344
1316,1570,1,77.231
1317,1573,1,76.7009
1318,1574,1,75.6916
1319,1575,1,78.7673
1320,1576,1,75.7543
1321,1577,1,76.7424
1322,1579,1,73.0345
1323,1580,1,73.1549
1324,1581,1,69.1718
1325,1582,1,68.5926
1326,1583,1,68.5976
1327,1584,1,67.6049
1328,1585,1,67.759
1329,1586,1,67.5569
1330,1587,1,67.7102
1331,1588,1,65.2219
1332,1589,1,65.2148
1333,1590,1,67.3369
1334,1591,1,65.898
1335,1592,1,66.627
1336,1593,1,67.6366
1337,1594,1,64.5835
1338,1595,1,64.5753
1339,1596,1,63.4861
1340,1597,1,63.3455
1341,1599,1,64.2716
1342,1600,1,67.7812
1343,1601,1,67.2018
1344,1602,1,66.4983
1345,1603,1,64.5952
1346,1604,1,63.5468
1347,1606,1,64.6118
1348,1607,1,65.5795
1349,1608,1,66.4711
1350,1609,1,67.6756
1351,1610,1,71.1222
1352,1611,1,71.1571
1353,1612,1,71.6887
1354,1613,1,73.454
1355,1614,1,79.4297
1356,1615,1,79.134
1357,1616,1,79.7837
1358,1617,1,79.9776
1359,1618,1,79.9776
1360,1619,1,79.9776
1361,1620,1,79.81
1362,1621,1,79.81
1363,1623,1,76.7186
1364,1624,1,76.4379
1365,1625,1,76.1873
1366,1626,1,87.6749
1367,1627,1,85.2789
1368,1629,1,82.6042
1369,1630,1,81.6921
1370,1631,1,80.1358
1371,1632,1,79.5156
1372,1633,1,79.0947
1373,1634,1,77.7183
1374,1637,1,78.2813
1375,1638,1,79.7241
1376,1639,1,80.758
1377,1640,1,81.4142
1378,1641,1,76.5945
1379,1642,1,77.0002
1380,1643,1,74.0611
1381,1644,1,74.5907
1382,1645,1,72.0913
1383,1647,1,69.7108
1384,1648,1,70.5037
1385,1649,1,69.537
1386,1650,1,68.5544
1387,1651,1,67.4966
1388,1652,1,66.3341
1389,1653,1,66.3308
1390,1654,1,68.2661
1391,1655,1,67.0048
1392,1656,1,68.1832
1393,1657,1,68.0543
1394,1658,1,67.3143
1395,1659,1,65.9157
1396,1660,1,66.0805
1397,1661,1,70.6146
1398,1663,1,68.5682
1399,1664,1,67.5922
1400,1665,1,66.6197
1401,1666,1,65.6461
1402,1667,1,64.61
1403,1668,1,81.9319
1404,1669,1,63.1485
1405,1670,1,63.8864
1406,1671,1,68.3266
1407,1672,1,68.0235
1408,1673,1,68.4238
1409,1674,1,72.3384
1410,1675,1,72.3384
1411,1676,1,72.5352
1412,1677,1,73.4037
1413,1678,1,77.5729
1414,1679,1,78.31
1415,1680,1,79.065
1416,1681,1,79.8086
1417,1682,1,87.8207
1418,1683,1,88.5629
1419,1684,1,88.7169
1420,1685,1,77.9738
1421,1686,1,77.0959
1422,1687,1,76.1309
1423,1688,1,75.4434
1424,1689,1,74.3761
1425,1690,1,77.1947
1426,1691,1,87.8051
1427,1692,1,85.3249
1428,1693,1,85.9315
1429,1694,1,86.6199
1430,1695,1,88.1044
1431,1696,1,89.0489
1432,1697,1,89.9664
1433,1699,1,79.6229
1434,1700,1,78.7666
1435,1701,1,78.9601
1436,1702,1,78.776
1437,1703,1,79.4177
1438,1704,1,81.2468
1439,1707,1,86.0438
1440,1708,1,74.8392
1441,1709,1,73.6056
1442,1710,1,72.404
1443,1711,1,71.1409
1444,1712,1,70.8266
1445,1713,1,71.6252
1446,1714,1,71.5386
1447,1715,1,70.319
1448,1716,1,67.4555
1449,1717,1,67.4464
1450,1718,1,68.8143
1451,1719,1,69.4431
1452,1720,1,68.1767
1453,1721,1,69.2199
1454,1722,1,69.2203
1455,1723,1,66.8232
1456,1724,1,66.8136
1457,1725,1,67.3639
1458,1726,1,71.1681
1459,1727,1,70.2624
1460,1728,1,70.2645
1461,1729,1,68.5041
1462,1730,1,67.7031
1463,1731,1,66.22
1464,1732,1,66.0298
1465,1733,1,63.766
1466,1734,1,63.3794
1467,1735,1,63.8529
1468,1736,1,71.0677
1469,1737,1,71.0677
1470,1738,1,71.7813
1471,1739,1,72.6456
1472,1740,1,72.7962
1473,1741,1,74.6713
1474,1742,1,76.5056
1475,1743,1,76.6586
1476,1744,1,87.4003
1477,1745,1,87.8207
1478,1746,1,87.8207
1479,1747,1,88.4583
1480,1748,1,88.7515
1481,1749,1,89.9841
1482,1750,1,77.5786
1483,1751,1,76.7414
1484,1752,1,75.8416
1485,1753,1,78.8765
1486,1754,1,78.281
1487,1755,1,76.9536
1488,1756,1,90.6401
1489,1757,1,89.7025
1490,1758,1,89.0566
1491,1759,1,87.659
1492,1760,1,87.4148
1493,1761,1,89.3001
1494,1762,1,80.6591
1495,1763,1,80.6727
1496,1764,1,81.4936
1497,1765,1,79.877
1498,1766,1,79.4961
1499,1767,1,79.749
1500,1768,1,80.3646
1501,1769,1,82.2434
1502,1770,1,83.0733
1503,1771,1,84.7389
1504,1773,1,75.3026
1505,1774,1,73.9055
1506,1775,1,73.519
1507,1776,1,72.1024
1508,1777,1,71.9282
1509,1778,1,72.8666
1510,1779,1,71.8015
1511,1780,1,71.1974
1512,1781,1,68.7154
1513,1782,1,68.5586
1514,1783,1,69.821
1515,1784,1,70.2634
1516,1785,1,69.2769
1517,1786,1,69.1339
1518,1787,1,69.5361
1519,1788,1,68.7772
1520,1790,1,76.4529
1521,1791,1,75.3746
1522,1792,1,71.3737
1523,1793,1,71.3934
1524,1794,1,68.6182
1525,1795,1,69.0723
1526,1797,1,65.1413
1527,1798,1,64.7859
1528,1799,1,64.5572
1529,1800,1,64.8844
1530,1801,1,70.2957
1531,1802,1,69.7664
1532,1803,1,70.6364
1533,1804,1,71.4351
1534,1805,1,73.7514
1535,1806,1,74.6701
1536,1807,1,75.5162
1537,1808,1,76.2047
1538,1809,1,88.1916
1539,1811,1,87.7288
1540,1812,1,87.1032
1541,1813,1,87.8513
1542,1814,1,88.9835
1543,1815,1,90.2567
1544,1816,1,90.9815
1545,1817,1,77.717
1546,1818,1,77.7973
1547,1819,1,77.9277
1548,1820,1,79.673
1549,1821,1,77.8675
1550,1822,1,79.1467
1551,1823,1,90.3082
1552,1826,1,86.7715
1553,1827,1,85.8861
1554,1828,1,82.8465
1555,1829,1,81.7049
1556,1830,1,81.7019
1557,1831,1,81.8572
1558,1832,1,80.9991
1559,1833,1,82.6152
1560,1834,1,81.6989
1561,1836,1,82.2507
1562,1837,1,83.1948
1563,1839,1,84.9367
1564,1840,1,84.5628
1565,1841,1,74.7974
1566,1842,1,74.6312
1567,1843,1,73.1421
1568,1844,1,73.0404
1569,1845,1,73.8002
1570,1846,1,72.3114
1571,1847,1,72.3098
1572,1848,1,77.2268
1573,1849,1,69.671
1574,1850,1,69.7891
1575,1851,1,70.5479
1576,1852,1,79.6802
1577,1853,1,79.4001
1578,1854,1,81.267
1579,1855,1,69.0402
1580,1857,1,75.6611
1581,1858,1,74.8325
1582,1859,1,72.4859
1583,1860,1,73.2472
1584,1861,1,73.5779
1585,1862,1,70.1847
1586,1863,1,70.9425
1587,1864,1,68.0792
1588,1865,1,65.4083
1589,1867,1,66.0234
1590,1868,1,67.5319
1591,1870,1,69.855
1592,1872,1,85.9211
1593,1873,1,85.9614
1594,1874,1,77.0699
1595,1875,1,77.0434
1596,1876,1,77.6791
1597,1877,1,86.3991
1598,1878,1,85.7559
1599,1879,1,86.3971
1600,1880,1,89.2637
1601,1881,1,89.462
1602,1882,1,90.803
1603,1883,1,90.9793
1604,1884,1,80.4965
1605,1885,1,79.9923
1606,1886,1,78.9905
1607,1887,1,79.6745
1608,1888,1,82.0338
1609,1889,1,79.3492
1610,1890,1,80.9141
1611,1891,1,90.6483
1612,1892,1,88.3725
1613,1893,1,88.4612
1614,1894,1,85.8983
1615,1895,1,84.8105
1616,1896,1,83.0562
1617,1897,1,82.4828
1618,1898,1,86.6934
1619,1899,1,87.1376
1620,1900,1,84.1425
1621,1901,1,84.2769
1622,1902,1,82.391
1623,1903,1,82.631
1624,1904,1,83.4837
1625,1905,1,83.9585
1626,1906,1,84.6088
1627,1907,1,84.0028
1628,1908,1,83.2765
1629,1909,1,81.4337
1630,1910,1,81.4337
1631,1911,1,74.3801
1632,1913,1,78.7585
1633,1914,1,77.1604
1634,1915,1,76.5191
1635,1916,1,76.4884
1636,1917,1,70.7832
1637,1918,1,70.7758
1638,1919,1,79.0359
1639,1920,1,79.0265
1640,1921,1,78.3485
1641,1922,1,78.9284
1642,1923,1,79.8955
1643,1924,1,80.6774
1644,1925,1,82.6727
1645,1926,1,74.7268
1646,1927,1,73.5011
1647,1928,1,73.9377
1648,1929,1,72.9864
1649,1930,1,72.7668
1650,1931,1,70.9425
1651,1932,1,69.4676
1652,1933,1,68.0108
1653,1934,1,67.395
1654,1935,1,68.0764
1655,1936,1,67.5027
1656,1937,1,68.7214
1657,1938,1,69.7505
1658,1939,1,70.414
1659,1940,1,84.2456
1660,1941,1,85.4899
1661,1942,1,78.31
1662,1943,1,77.2604
1663,1944,1,83.5068
1664,1945,1,84.3491
1665,1946,1,84.9198
1666,1947,1,86.1662
1667,1948,1,89.8954
1668,1949,1,91.5487
1669,1950,1,91.2135
1670,1951,1,82.876
1671,1952,1,82.3811
1672,1953,1,81.0997
1673,1954,1,80.3007
1674,1956,1,80.9707
1675,1957,1,82.5415
1676,1958,1,80.9841
1677,1959,1,94.4847
1678,1960,1,91.4434
1679,1961,1,89.1476
1680,1962,1,87.8804
1681,1963,1,86.9399
1682,1964,1,84.4972
1683,1965,1,84.1278
1684,1966,1,84.844
1685,1967,1,85.7814
1686,1968,1,86.7184
1687,1969,1,85.2438
1688,1970,1,88.5516
1689,1971,1,87.9253
1690,1972,1,83.8964
1691,1973,1,84.8399
1692,1974,1,85.0425
1693,1975,1,83.9965
1694,1976,1,82.901
1695,1977,1,81.8776
1696,1978,1,80.6528
1697,1979,1,79.6786
1698,1980,1,78.7037
1699,1981,1,78.2113
1700,1982,1,76.8721
1701,1983,1,76.6258
1702,1984,1,76.0427
1703,1987,1,73.798
1704,1988,1,74.7652
1705,1989,1,77.168
1706,1991,1,78.2375
1707,1992,1,79.641
1708,1993,1,81.1335
1709,1994,1,81.1444
1710,1995,1,89.6184
1711,1996,1,74.3377
1712,1997,1,73.3601
1713,1998,1,72.3882
1714,1999,1,71.4113
1715,2000,1,70.4408
1716,2001,1,69.4909
1717,2002,1,69.7318
1718,2004,1,70.3554
1719,2005,1,69.7154
1720,2006,1,68.9814
1721,2007,1,73.0232
1722,2008,1,70.2669
1723,2009,1,83.5678
1724,2010,1,82.7204
1725,2011,1,82.5024
1726,2012,1,82.4127
1727,2013,1,82.5657
1728,2014,1,83.3918
1729,2015,1,84.6105
1730,2016,1,88.2477
1731,2017,1,87.7732
1732,2018,1,90.875
1733,2019,1,90.2276
1734,2020,1,92.7999
1735,2021,1,92.8957
1736,2022,1,82.5341
1737,2023,1,82.1442
1738,2024,1,82.8834
1739,2025,1,82.073
1740,2026,1,83.0812
1741,2027,1,84.2181
1742,2028,1,93.1899
1743,2029,1,91.9867
1744,2030,1,90.5387
1745,2031,1,89.815
1746,2032,1,87.8346
1747,2033,1,85.6496
1748,2034,1,85.9387
1749,2035,1,85.6561
1750,2036,1,85.4601
1751,2037,1,85.6842
1752,2038,1,86.7512
1753,2039,1,86.6767
1754,2040,1,86.5095
1755,2041,1,87.3014
1756,2042,1,84.7812
1757,2043,1,85.4609
1758,2044,1,85.2029
1759,2045,1,84.2608
1760,2046,1,83.8856
1761,2047,1,81.5845
1762,2048,1,80.853
1763,2049,1,80.4949
1764,2050,1,79.2547
1765,2051,1,78.8598
1766,2052,1,76.9763
1767,2053,1,75.6589
1768,2054,1,74.6836
1769,2055,1,73.7087
1770,2056,1,73.0075
1771,2057,1,74.1056
1772,2058,1,74.7802
1773,2059,1,75.817
1774,2061,1,78.197
1775,2063,1,79.7819
1776,2064,1,80.7554
1777,2065,1,88.5955
1778,2066,1,88.266
1779,2067,1,89.4646
1780,2068,1,87.3193
1781,2069,1,86.7371
1782,2070,1,71.0135
1783,2071,1,71.2397
1784,2072,1,70.3451
1785,2073,1,69.896
1786,2074,1,71.2133
1787,2075,1,70.6855
1788,2076,1,76.3489
1789,2077,1,73.6364
1790,2078,1,71.0521
1791,2079,1,83.8446
1792,2080,1,82.1805
1793,2081,1,81.3221
1794,2082,1,80.8634
1795,2084,1,82.9131
1796,2085,1,84.8516
1797,2086,1,86.1764
1798,2087,1,87.5362
1799,2089,1,92.1523
1800,2090,1,91.1791
1801,2091,1,93.6962
1802,2092,1,91.9712
1803,2093,1,91.8611
1804,2094,1,92.8504
1805,2095,1,83.754
1806,2096,1,83.3169
1807,2098,1,93.8246
1808,2099,1,92.2436
1809,2100,1,94.559
1810,2101,1,94.9781
1811,2102,1,87.6774
1812,2103,1,86.9257
1813,2104,1,87.2433
1814,2105,1,88.8776
1815,2106,1,86.5322
1816,2107,1,88.4664
1817,2108,1,89.0775
1818,2110,1,88.0491
1819,2111,1,88.0545
1820,2112,1,85.868
1821,2113,1,86.1084
1822,2114,1,86.355
1823,2115,1,84.7204
1824,2116,1,84.9641
1825,2117,1,85.208
1826,2118,1,81.6069
1827,2119,1,81.6073
1828,2120,1,80.014
1829,2121,1,80.2564
1830,2122,1,77.983
1831,2123,1,78.0382
1832,2124,1,75.7811
1833,2125,1,75.6591
1834,2126,1,74.1197
1835,2127,1,74.6437
1836,2128,1,75.768
1837,2129,1,77.2248
1838,2130,1,77.9613
1839,2131,1,81.1047
1840,2132,1,80.0175
1841,2133,1,80.9377
1842,2134,1,81.2639
1843,2135,1,88.2351
1844,2136,1,88.9625
1845,2137,1,86.3563
1846,2139,1,84.8814
1847,2140,1,71.998
1848,2141,1,71.6218
1849,2142,1,71.8028
1850,2143,1,71.0667
1851,2144,1,77.8937
1852,2145,1,76.6606
1853,2146,1,75.3139
1854,2147,1,74.3921
1855,2148,1,72.2985
1856,2149,1,83.2864
1857,2150,1,81.6543
1858,2151,1,79.6783
1859,2152,1,80.1266
1860,2153,1,81.2322
1861,2154,1,82.527
1862,2155,1,83.5816
1863,2156,1,86.2778
1864,2157,1,87.1689
1865,2158,1,91.0021
1866,2159,1,90.884
1867,2160,1,89.7291
1868,2161,1,90.0129
1869,2163,1,92.0902
1870,2164,1,92.9468
1871,2165,1,93.3403
1872,2166,1,96.8922
1873,2167,1,97.8674
1874,2168,1,98.8424
1875,2169,1,93.2344
1876,2170,1,92.2736
1877,2171,1,93.3027
1878,2172,1,88.408
1879,2173,1,89.0041
1880,2174,1,87.7651
1881,2175,1,87.604
1882,2176,1,87.8645
1883,2177,1,88.8021
1884,2178,1,88.9109
1885,2179,1,88.9417
1886,2180,1,91.1747
1887,2181,1,86.9447
1888,2182,1,87.1884
1889,2183,1,87.4378
1890,2184,1,89.0572
1891,2185,1,86.0411
1892,2186,1,86.2845
1893,2187,1,82.7192
1894,2188,1,82.8056
1895,2189,1,81.7348
1896,2190,1,81.1143
1897,2191,1,78.4974
1898,2192,1,78.0601
1899,2193,1,80.0035
1900,2194,1,75.7643
1901,2195,1,75.2316
1902,2196,1,76.1583
1903,2197,1,79.4389
1904,2198,1,79.7945
1905,2199,1,79.1074
1906,2200,1,81.1386
1907,2201,1,81.5631
1908,2202,1,81.9547
1909,2203,1,81.1418
1910,2204,1,88.0357
1911,2205,1,88.0357
1912,2206,1,86.5918
1913,2207,1,86.2342
1914,2208,1,84.1162
1915,2210,1,83.0524
1916,2211,1,72.2891
1917,2212,1,72.4174
1918,2213,1,72.4174
1919,2214,1,101.181
1920,2215,1,75.3014
1921,2216,1,74.9805
1922,2217,1,73.4102
1923,2218,1,74.804
1924,2219,1,73.9225
1925,2221,1,79.2301
1926,2222,1,81.2322
1927,2223,1,82.527
1928,2224,1,85.9972
1929,2225,1,86.5489
1930,2226,1,86.3806
1931,2227,1,87.539
1932,2228,1,89.8276
1933,2229,1,88.2556
1934,2230,1,88.9118
1935,2231,1,97.6498
1936,2232,1,97.7288
1937,2233,1,95.5541
1938,2234,1,95.249
1939,2235,1,96.3635
1940,2236,1,98.5446
1941,2238,1,91.2135
1942,2239,1,89.3207
1943,2240,1,90.7874
1944,2241,1,91.4147
1945,2242,1,92.8905
1946,2243,1,88.6757
1947,2244,1,88.9363
1948,2245,1,89.1966
1949,2246,1,89.7736
1950,2247,1,90.018
1951,2248,1,91.1747
1952,2249,1,89.8529
1953,2250,1,88.9097
1954,2251,1,88.5906
1955,2252,1,89.0572
1956,2253,1,86.7318
1957,2254,1,86.741
1958,2255,1,83.828
1959,2256,1,83.8421
1960,2257,1,83.9246
1961,2258,1,87.2045
1962,2259,1,88.5867
1963,2260,1,88.9348
1964,2261,1,79.6713
1965,2262,1,79.6738
1966,2263,1,76.3444
1967,2264,1,77.0886
1968,2265,1,78.4355
1969,2266,1,79.0389
1970,2267,1,80.2295
1971,2268,1,80.7759
1972,2269,1,84.2353
1973,2270,1,82.2005
1974,2271,1,90.5162
1975,2272,1,89.8428
1976,2273,1,88.9601
1977,2274,1,87.0362
1978,2275,1,85.137
1979,2276,1,84.4158
1980,2277,1,83.3407
1981,2278,1,81.8789
1982,2280,1,80.1214
1983,2281,1,78.9319
1984,2282,1,101.102
1985,2283,1,76.9757
1986,2284,1,76.0011
1987,2285,1,74.8283
1988,2286,1,74.6902
1989,2288,1,77.754
1990,2289,1,78.3466
1991,2290,1,80.6355
1992,2291,1,85.0626
1993,2292,1,85.0626
1994,2293,1,86.0477
1995,2294,1,85.3796
1996,2295,1,89.0899
1997,2296,1,88.0443
1998,2297,1,88.1461
1999,2298,1,89.0164
2000,2299,1,90.5553
2001,2300,1,96.14
2002,2301,1,93.6858
2003,2302,1,95.755
2004,2303,1,97.5195
2005,2304,1,92.002
2006,2305,1,91.2841
2007,2306,1,90.3982
2008,2307,1,91.8966
2009,2309,1,93.6913
2010,2310,1,94.2869
2011,2311,1,90.0082
2012,2312,1,90.8537
2013,2313,1,91.7015
2014,2314,1,90.9539
2015,2315,1,91.2442
2016,2316,1,89.9908
2017,2317,1,90.7055
2018,2318,1,89.5919
2019,2319,1,91.2723
2020,2320,1,91.694
2021,2322,1,84.436
2022,2323,1,84.4828
2023,2324,1,87.0295
2024,2325,1,86.2779
2025,2326,1,87.2919
2026,2327,1,84.3701
2027,2328,1,83.6707
2028,2329,1,78.1552
2029,2330,1,77.4564
2030,2331,1,80.7736
2031,2332,1,79.5264
2032,2333,1,80.1492
2033,2334,1,81.1701
2034,2335,1,81.6973
2035,2336,1,83.0287
2036,2337,1,83.2129
2037,2338,1,91.544
2038,2339,1,90.6083
2039,2340,1,90.4035
2040,2341,1,94.5709
2041,2342,1,95.0963
2042,2343,1,95.7799
2043,2344,1,95.3703
2044,2345,1,96.3474
2045,2346,1,97.1739
2046,2347,1,98.1256
2047,2348,1,99.0605
2048,2349,1,100.168
2049,2350,1,76.9919
2050,2351,1,76.0174
2051,2352,1,76.553
2052,2354,1,76.3789
2053,2355,1,76.2928
2054,2356,1,80.2017
2055,2357,1,80.6355
2056,2358,1,85.0626
2057,2359,1,84.7864
2058,2360,1,83.9302
2059,2361,1,89.9444
2060,2362,1,85.2076
2061,2363,1,86.5925
2062,2364,1,87.6999
2063,2365,1,89.0695
2064,2366,1,89.6995
2065,2367,1,92.2173
2066,2368,1,92.9473
2067,2369,1,92.9001
2068,2370,1,92.2433
2069,2371,1,91.4776
2070,2372,1,92.2953
2071,2373,1,93.2556
2072,2375,1,96.1254
2073,2376,1,91.08
2074,2377,1,91.5274
2075,2378,1,91.9773
2076,2379,1,91.9572
2077,2380,1,92.552
2078,2381,1,93.3606
2079,2382,1,90.7055
2080,2383,1,90.6768
2081,2384,1,91.7538
2082,2385,1,93.4836
2083,2386,1,94.5132
2084,2387,1,88.6568
2085,2388,1,88.3092
2086,2389,1,86.1068
2087,2390,1,85.2847
2088,2391,1,83.8497
2089,2392,1,83.8416
2090,2393,1,82.0482
2091,2394,1,79.2586
2092,2395,1,78.5688
2093,2397,1,81.7724
2094,2398,1,81.1283
2095,2399,1,82.1388
2096,2401,1,83.165
2097,2402,1,84.8079
2098,2404,1,87.9941
2099,2405,1,87.7974
2100,2406,1,94.1677
2101,2407,1,93.9556
2102,2408,1,94.3026
2103,2409,1,95.0347
2104,2410,1,95.9825
2105,2411,1,97.1232
2106,2412,1,98.1458
2107,2413,1,99.16
2108,2414,1,99.4953
2109,2415,1,78.7543
2110,2416,1,78.0156
2111,2417,1,77.5076
2112,2418,1,77.1723
2113,2419,1,77.1714
2114,2421,1,80.1777
2115,2422,1,80.0497
2116,2423,1,80.7442
2117,2424,1,82.3697
2118,2426,1,83.7262
2119,2427,1,84.1654
2120,2428,1,87.4442
2121,2429,1,88.0716
2122,2430,1,90.0091
2123,2431,1,90.7535
2124,2432,1,91.8957
2125,2433,1,94.0263
2126,2434,1,95.3822
2127,2436,1,93.7044
2128,2437,1,94.0502
2129,2438,1,94.6863
2130,2440,1,92.4834
2131,2441,1,92.435
2132,2442,1,93.2842
2133,2443,1,94.2547
2134,2445,1,94.2368
2135,2446,1,94.6976
2136,2447,1,92.0955
2137,2448,1,93.2868
2138,2449,1,93.891
2139,2450,1,95.8794
2140,2452,1,86.764
2141,2453,1,85.6188
2142,2454,1,85.0288
2143,2456,1,82.4876
2144,2457,1,81.5107
2145,2458,1,80.5435
2146,2459,1,79.6812
2147,2460,1,80.2486
2148,2461,1,81.049
2149,2462,1,83.1925
2150,2464,1,84.7332
2151,2465,1,84.1044
2152,2466,1,85.2882
2153,2467,1,86.4492
2154,2469,1,88.2454
2155,2470,1,89.0647
2156,2471,1,92.8482
2157,2472,1,93.5682
2158,2473,1,94.3002
2159,2474,1,95.6632
2160,2475,1,89.4269
2161,2476,1,98.1661
2162,2477,1,80.7649
2163,2478,1,80.2229
2164,2482,1,80.4961
2165,2483,1,78.1317
2166,2485,1,79.5387
2167,2487,1,83.466
2168,2488,1,81.7737
2169,2489,1,82.5267
2170,2490,1,84.8078
2171,2491,1,85.8929
2172,2492,1,89.825
2173,2493,1,89.2911
2174,2494,1,94.3706
2175,2495,1,96.4751
2176,2497,1,95.5747
2177,2498,1,100.742
2178,2499,1,100.6
2179,2500,1,96.8629
2180,2501,1,96.6597
2181,2502,1,97.2094
2182,2503,1,93.477
2183,2505,1,96.2774
2184,2506,1,94.9839
2185,2507,1,95.1259
2186,2508,1,93.7403
2187,2509,1,92.9727
2188,2510,1,93.0776
2189,2511,1,94.9229
2190,2512,1,96.1071
2191,2513,1,92.1279
2192,2514,1,92.64
2193,2515,1,92.8229
2194,2516,1,86.1252
2195,2517,1,86.3085
2196,2518,1,83.3908
2197,2519,1,82.7016
2198,2520,1,81.6834
2199,2521,1,80.7936
2200,2522,1,81.578
2201,2523,1,82.6739
2202,2524,1,83.8812
2203,2525,1,84.8509
2204,2526,1,86.1798
2205,2527,1,86.1798
2206,2529,1,86.7526
2207,2530,1,88.3554
2208,2531,1,90.1084
2209,2532,1,91.4111
2210,2533,1,91.8632
2211,2534,1,91.4352
2212,2535,1,91.3364
2213,2536,1,89.4269
2214,2537,1,89.4269
2215,2538,1,82.3884
2216,2539,1,81.8205
2217,2540,1,81.0146
2218,2542,1,79.4576
2219,2543,1,80.4961
2220,2544,1,80.4961
2221,2545,1,79.9159
2222,2546,1,79.5149
2223,2547,1,80.7225
2224,2548,1,84.0811
2225,2549,1,83.3222
2226,2550,1,83.03
2227,2551,1,84.123
2228,2552,1,87.6987
2229,2553,1,86.3612
2230,2554,1,91.4577
2231,2555,1,91.2799
2232,2556,1,96.9007
2233,2558,1,95.9977
2234,2559,1,96.7798
2235,2560,1,99.9962
2236,2561,1,99.9666
2237,2562,1,97.9449
2238,2563,1,96.8912
2239,2564,1,94.8101
2240,2565,1,94.5848
2241,2566,1,96.9474
2242,2567,1,96.3699
2243,2568,1,96.2038
2244,2569,1,96.7512
2245,2570,1,94.4155
2246,2571,1,96.0683
2247,2572,1,101.327
2248,2573,1,100.353
2249,2574,1,90.8436
2250,2575,1,89.1269
2251,2576,1,88.1819
2252,2577,1,87.2027
2253,2579,1,84.116
2254,2580,1,84.8389
2255,2581,1,82.7036
2256,2582,1,81.9049
2257,2583,1,81.8933
2258,2584,1,83.8971
2259,2586,1,84.5542
2260,2587,1,93.7646
2261,2588,1,93.7646
2262,2589,1,86.7635
2263,2590,1,87.099
2264,2591,1,88.8876
2265,2593,1,90.8445
2266,2594,1,91.1824
2267,2595,1,90.3605
2268,2596,1,90.0935
2269,2597,1,89.2235
2270,2598,1,88.7579
2271,2599,1,85.1438
2272,2600,1,82.3884
2273,2602,1,81.9398
2274,2603,1,82.0965
2275,2605,1,81.5465
2276,2606,1,80.6995
2277,2607,1,80.605
2278,2608,1,80.8314
2279,2609,1,84.9417
2280,2610,1,84.1608
2281,2611,1,84.5224
2282,2612,1,84.5065
2283,2613,1,86.841
2284,2614,1,86.956
2285,2615,1,87.6991
2286,2616,1,97.7692
2287,2617,1,96.822
2288,2618,1,96.2045
2289,2619,1,97.5057
2290,2621,1,100.731
2291,2622,1,101.402
2292,2623,1,97.0071
2293,2624,1,95.8961
2294,2625,1,96.5879
2295,2626,1,96.6569
2296,2627,1,99.1996
2297,2628,1,98.4461
2298,2629,1,97.1361
2299,2630,1,95.6077
2300,2632,1,98.6154
2301,2633,1,99.5422
2302,2634,1,100.028
2303,2635,1,89.462
2304,2636,1,88.1718
2305,2637,1,87.8709
2306,2638,1,87.0207
2307,2639,1,86.1295
2308,2640,1,85.1386
2309,2641,1,83.8719
2310,2642,1,83.0173
2311,2643,1,83.0067
2312,2645,1,83.8971
2313,2646,1,92.5759
2314,2647,1,92.597
2315,2648,1,92.7564
2316,2649,1,87.9265
2317,2651,1,88.1696
2318,2652,1,92.8105
2319,2653,1,91.8396
2320,2655,1,89.6966
2321,2656,1,88.8003
2322,2657,1,88.1979
2323,2658,1,87.3336
2324,2659,1,84.8543
2325,2660,1,83.5013
2326,2661,1,82.9464
2327,2662,1,86.1773
2328,2663,1,86.2078
2329,2664,1,82.7587
2330,2665,1,82.6743
2331,2666,1,81.6769
2332,2667,1,81.7103
2333,2668,1,91.0882
2334,2669,1,85.8133
2335,2670,1,86.3432
2336,2671,1,85.765
2337,2672,1,86.1423
2338,2673,1,85.978
2339,2675,1,98.4606
2340,2676,1,97.4889
2341,2677,1,98.0492
2342,2678,1,98.4841
2343,2679,1,98.939
2344,2680,1,100.158
2345,2681,1,100.437
2346,2682,1,103.433
2347,2683,1,104.443
2348,2684,1,97.8093
2349,2685,1,100.069
2350,2686,1,98.5238
2351,2687,1,102.151
2352,2688,1,97.7466
2353,2689,1,99.1264
2354,2690,1,97.5322
2355,2691,1,97.7944
2356,2692,1,93.2428
2357,2693,1,91.7071
2358,2694,1,90.5696
2359,2695,1,89.9304
2360,2697,1,88.2881
2361,2698,1,86.0794
2362,2699,1,85.8022
2363,2700,1,85.0242
2364,2702,1,86.9186
2365,2703,1,86.9186
2366,2704,1,93.7096
2367,2705,1,93.2668
2368,2706,1,91.7165
2369,2707,1,91.21
2370,2708,1,90.1044
2371,2709,1,89.4043
2372,2710,1,92.561
2373,2711,1,91.7444
2374,2712,1,90.4852
2375,2713,1,89.5874
2376,2714,1,88.6748
2377,2715,1,87.5273
2378,2716,1,86.2571
2379,2717,1,84.9999
2380,2718,1,86.3809
2381,2719,1,85.0879
2382,2720,1,86.1236
2383,2721,1,86.9863
2384,2722,1,87.3319
2385,2723,1,82.7587
2386,2724,1,82.7869
2387,2725,1,82.8225
2388,2726,1,86.9584
2389,2727,1,83.2886
2390,2728,1,89.0844
2391,2729,1,86.3432
2392,2730,1,86.5578
2393,2731,1,99.5813
2394,2732,1,98.6164
2395,2733,1,98.4593
2396,2734,1,98.9592
2397,2735,1,100.47
2398,2736,1,100.763
2399,2737,1,101.09
2400,2738,1,103.16
2401,2739,1,99.8283
2402,2740,1,100.601
2403,2741,1,99.8764
2404,2742,1,102.882
2405,2743,1,101.616
2406,2744,1,100.733
2407,2745,1,99.701
2408,2747,1,96.4572
2409,2748,1,94.4389
2410,2749,1,92.7889
2411,2750,1,91.7202
2412,2751,1,91.3052
2413,2752,1,89.9941
2414,2754,1,89.4983
2415,2755,1,87.5699
2416,2756,1,86.3652
2417,2757,1,85.6623
2418,2758,1,85.806
2419,2759,1,85.806
2420,2760,1,94.0626
2421,2761,1,93.7096
2422,2762,1,92.9044
2423,2763,1,92.1909
2424,2764,1,90.6863
2425,2765,1,91.9251
2426,2766,1,91.7886
2427,2767,1,92.1342
2428,2768,1,91.0358
2429,2769,1,90.6698
2430,2770,1,90.2681
2431,2771,1,88.4088
2432,2772,1,87.2056
2433,2773,1,86.4649
2434,2774,1,86.7789
2435,2775,1,86.7044
2436,2776,1,87.33
2437,2777,1,91.2179
2438,2778,1,87.3319
2439,2779,1,97.1836
2440,2780,1,97.2308
2441,2781,1,83.7333
2442,2783,1,85.7628
2443,2784,1,87.9904
2444,2785,1,88.3331
2445,2786,1,88.76
2446,2787,1,100.946
2447,2788,1,99.9828
2448,2789,1,99.472
2449,2790,1,101.273
2450,2791,1,102.255
2451,2792,1,104.892
2452,2793,1,104.738
2453,2794,1,103.76
2454,2795,1,101.127
2455,2796,1,114.197
2456,2797,1,103.99
2457,2798,1,102.411
2458,2799,1,101.313
2459,2800,1,100.39
2460,2801,1,98.7246
2461,2802,1,97.6707
2462,2803,1,96.5513
2463,2805,1,92.9007
2464,2807,1,91.285
2465,2808,1,90.5038
2466,2809,1,90.1114
2467,2810,1,117.467
2468,2811,1,118.342
2469,2812,1,87.5726
2470,2813,1,86.3547
2471,2814,1,94.9502
2472,2815,1,94.7131
2473,2816,1,94.47
2474,2817,1,93.4109
2475,2818,1,92.4716
2476,2820,1,91.9251
2477,2821,1,93.2502
2478,2822,1,92.5064
2479,2823,1,91.7588
2480,2824,1,91.0211
2481,2825,1,89.6908
2482,2826,1,88.9063
2483,2827,1,88.4118
2484,2828,1,88.4859
2485,2829,1,88.0608
2486,2830,1,88.4596
2487,2831,1,89.7542
2488,2832,1,92.5465
2489,2833,1,92.5448
2490,2835,1,96.3961
2491,2836,1,95.6557
2492,2837,1,85.0594
2493,2838,1,86.0429
2494,2839,1,87.1763
2495,2840,1,102.114
2496,2841,1,104.152
2497,2842,1,100.568
2498,2843,1,101.269
2499,2846,1,104.077
2500,2847,1,111.023
2501,2848,1,112.129
2502,2849,1,112.85
2503,2850,1,114.492
2504,2851,1,114.92
2505,2853,1,100.518
2506,2854,1,99.8246
2507,2855,1,99.4377
2508,2856,1,97.7756
2509,2857,1,97.2271
2510,2858,1,110.833
2511,2859,1,119.735
2512,2860,1,118.762
2513,2861,1,117.787
2514,2862,1,116.815
2515,2863,1,116.723
2516,2864,1,117.711
2517,2865,1,88.3532
2518,2866,1,87.6582
2519,2867,1,88.1904
2520,2868,1,88.1904
2521,2869,1,95.792
2522,2870,1,95.5547
2523,2871,1,95.3173
2524,2872,1,98.217
2525,2873,1,95.9791
2526,2874,1,95.9791
2527,2875,1,93.9707
2528,2877,1,92.4837
2529,2878,1,92.6331
2530,2879,1,92.4307
2531,2880,1,91.8142
2532,2881,1,89.4381
2533,2882,1,89.7802
2534,2883,1,88.9713
2535,2884,1,89.4374
2536,2885,1,89.9444
2537,2887,1,93.6661
2538,2888,1,98.6768
2539,2889,1,95.5748
2540,2890,1,94.7761
2541,2891,1,86.1615
2542,2892,1,87.0709
2543,2893,1,105.258
2544,2894,1,104.992
2545,2895,1,98.4831
2546,2896,1,97.6557
2547,2899,1,93.2072
2548,2900,1,93.3164
2549,2901,1,97.9584
2550,2902,1,96.716
2551,2903,1,93.9048
2552,2905,1,97.995
2553,2906,1,41.2463
2554,2907,1,39.803
2555,2908,1,41.591
2556,2909,1,38.0058
2557,2912,1,35.0527
2558,2914,1,40.128
2559,2915,1,40.5838
2560,2916,1,44.7015
2561,2917,1,33.9395
2562,2918,1,39.8866
2563,2919,1,39.6551
2564,2921,1,41.0441
2565,2922,1,31.4679
2566,2924,1,37.7764
2567,2925,1,38.6178
2568,2926,1,37.7356
2569,2927,1,39.7572
2570,2928,1,39.9782
2571,2929,1,41.7661
2572,2930,1,42.1892
2573,2931,1,43.3624
2574,2932,1,44.3579
2575,2933,1,46.7078
2576,2935,1,56.0381
2577,2946,1,79.6178
2578,2951,1,37.2238
2579,2952,1,36.2371
2580,2953,1,35.0888
2581,2954,1,38.4248
2582,2955,1,38.775
2583,2956,1,39.9976
2584,2957,1,41.3634
2585,2960,1,45.8346
2586,2973,1,75.85
2587,2975,1,78.7508
2588,2976,1,80.643
2589,2977,1,78.1755
2590,2978,1,77.2354
2591,2979,1,77.7173
2592,2982,1,29.6871
2593,2983,1,30.6562
2594,2984,1,31.6291
2595,2985,1,32.6006
2596,2986,1,33.5702
2597,2987,1,34.5588
2598,2989,1,37.2091
2599,2990,1,42.5547
2600,2995,1,48.6074
2601,2996,1,51.0338
2602,2997,1,75.601
2603,2998,1,73.8011
2604,3003,1,69.0177
2605,3006,1,73.8778
2606,3007,1,76.1161
2607,3008,1,76.9502
2608,3009,1,78.5183
2609,3010,1,79.6741
2610,3015,1,30.0318
2611,3016,1,30.9084
2612,3018,1,34.4776
2613,3019,1,34.1506
2614,3021,1,35.3952
2615,3022,1,36.4625
2616,3023,1,37.3055
2617,3025,1,39.6567
2618,3026,1,43.5697
2619,3027,1,44.1792
2620,3030,1,48.6062
2621,3031,1,50.1389
2622,3032,1,74.8514
2623,3042,1,75.5041
2624,3043,1,76.8612
2625,3044,1,78.4381
2626,3045,1,79.7428
2627,3047,1,78.363
2628,3048,1,24.7427
2629,3050,1,31.2163
2630,3051,1,28.6701
2631,3052,1,31.9092
2632,3053,1,34.2078
2633,3054,1,33.2686
2634,3059,1,38.7434
2635,3061,1,40.3312
2636,3063,1,44.3269
2637,3069,1,53.5437
2638,3074,1,65.6512
2639,3076,1,68.4174
2640,3077,1,71.6979
2641,3081,1,78.294
2642,3082,1,73.7306
2643,3083,1,73.3723
2644,3085,1,73.1413
2645,3086,1,30.9771
2646,3087,1,30.3598
2647,3088,1,28.6795
2648,3089,1,27.5886
2649,3090,1,28.3808
2650,3092,1,32.3557
2651,3093,1,34.114
2652,3099,1,40.8345
2653,3100,1,46.5431
2654,3106,1,53.3907
2655,3107,1,66.487
2656,3108,1,66.3767
2657,3109,1,64.7991
2658,3111,1,65.153
2659,3112,1,67.1331
2660,3114,1,68.7135
2661,3116,1,69.294
2662,3117,1,78.7189
2663,3119,1,71.6844
2664,3121,1,72.2893
2665,3122,1,72.1
2666,3123,1,22.164
2667,3124,1,23.0551
2668,3125,1,24.9238
2669,3126,1,26.2763
2670,3128,1,28.6542
2671,3134,1,42.1636
2672,3137,1,40.9575
2673,3138,1,42.8232
2674,3139,1,48.1566
2675,3140,1,47.8032
2676,3141,1,48.4325
2677,3144,1,49.9044
2678,3145,1,49.9017
2679,3147,1,65.5603
2680,3148,1,65.0798
2681,3149,1,63.5859
2682,3150,1,63.4818
2683,3151,1,65.355
2684,3153,1,65.4422
2685,3155,1,67.4032
2686,3156,1,68.1778
2687,3157,1,69.007
2688,3159,1,70.6519
2689,3160,1,72.4642
2690,3161,1,70.4719
2691,3162,1,76.2127
2692,3163,1,75.7887
2693,3164,1,22.725
2694,3165,1,23.8381
2695,3166,1,23.3322
2696,3169,1,26.151
2697,3170,1,27.4649
2698,3171,1,29.892
2699,3173,1,32.8081
2700,3175,1,34.4047
2701,3177,1,43.8907
2702,3179,1,42.5003
2703,3180,1,42.9648
2704,3181,1,48.1797
2705,3182,1,47.2482
2706,3183,1,47.6757
2707,3184,1,49.49
2708,3185,1,48.1426
2709,3186,1,49.1862
2710,3187,1,49.803
2711,3190,1,64.7652
2712,3193,1,63.7614
2713,3194,1,63.3102
2714,3195,1,64.4634
2715,3196,1,65.0082
2716,3198,1,68.9837
2717,3200,1,69.2572
2718,3202,1,68.8028
2719,3203,1,69.4959
2720,3204,1,74.1568
2721,3205,1,74.5373
2722,3206,1,74.1379
2723,3207,1,17.8664
2724,3208,1,19.7408
2725,3209,1,20.4858
2726,3211,1,25.9709
2727,3212,1,26.8211
2728,3213,1,27.2543
2729,3217,1,31.5752
2730,3219,1,33.2855
2731,3221,1,45.0619
2732,3223,1,43.6992
2733,3224,1,39.361
2734,3225,1,40.1518
2735,3226,1,45.9883
2736,3228,1,47.7226
2737,3229,1,49.803
2738,3230,1,49.803
2739,3231,1,50.8588
2740,3233,1,62.5284
2741,3236,1,61.9194
2742,3238,1,64.1948
2743,3239,1,63.8106
2744,3240,1,64.6373
2745,3242,1,67.1644
2746,3243,1,67.5424
2747,3245,1,67.8744
2748,3246,1,67.5982
2749,3247,1,72.8602
2750,3248,1,73.208
2751,3249,1,72.6965
2752,3250,1,79.0464
2753,3251,1,18.5202
2754,3259,1,27.2685
2755,3262,1,32.171
2756,3263,1,33.6904
2757,3264,1,34.2806
2758,3265,1,34.4746
2759,3268,1,38.5634
2760,3269,1,41.4367
2761,3270,1,41.162
2762,3271,1,44.8977
2763,3272,1,45.5587
2764,3273,1,46.3043
2765,3274,1,48.6249
2766,3275,1,49.4633
2767,3276,1,55.2951
2768,3277,1,55.7275
2769,3278,1,61.6173
2770,3280,1,60.5221
2771,3282,1,62.6057
2772,3283,1,62.2371
2773,3284,1,63.4159
2774,3285,1,64.1555
2775,3286,1,65.0588
2776,3287,1,66.315
2777,3288,1,67.8539
2778,3289,1,65.7931
2779,3290,1,66.674
2780,3291,1,71.408
2781,3292,1,71.883
2782,3293,1,71.4725
2783,3294,1,70.9414
2784,3295,1,72.0248
2785,3296,1,77.7786
2786,3297,1,14.764
2787,3304,1,29.3509
2788,3305,1,29.8714
2789,3306,1,26.3206
2790,3307,1,26.9809
2791,3309,1,31.995
2792,3310,1,34.5634
2793,3311,1,35.3632
2794,3312,1,37.2337
2795,3313,1,36.5286
2796,3314,1,38.3559
2797,3315,1,43.6331
2798,3316,1,42.7165
2799,3317,1,43.9504
2800,3320,1,46.3864
2801,3321,1,47.2275
2802,3325,1,53.609
2803,3326,1,54.2808
2804,3327,1,60.1056
2805,3328,1,59.5367
2806,3329,1,59.9705
2807,3330,1,61.0866
2808,3331,1,64.5519
2809,3332,1,64.5781
2810,3334,1,62.0913
2811,3335,1,63.3756
2812,3336,1,63.3154
2813,3337,1,64.1613
2814,3338,1,65.0628
2815,3339,1,70.4396
2816,3340,1,70.9033
2817,3341,1,69.8235
2818,3342,1,70.17
2819,3343,1,71.1446
2820,3344,1,71.732
2821,3345,1,76.0429
2822,3346,1,15.2648
2823,3347,1,16.2619
2824,3348,1,18.0993
2825,3349,1,17.876
2826,3351,1,29.0912
2827,3354,1,24.3987
2828,3355,1,25.4906
2829,3356,1,26.4883
2830,3357,1,26.2541
2831,3358,1,39.1355
2832,3359,1,39.1355
2833,3360,1,38.6197
2834,3363,1,38.1737
2835,3364,1,40.9867
2836,3365,1,42.1041
2837,3366,1,42.6083
2838,3367,1,43.9907
2839,3369,1,44.7908
2840,3370,1,47.8497
2841,3371,1,52.7566
2842,3372,1,50.8154
2843,3374,1,52.3792
2844,3375,1,52.5802
2845,3376,1,58.4322
2846,3377,1,58.6299
2847,3378,1,59.4222
2848,3380,1,59.5728
2849,3381,1,60.7298
2850,3382,1,60.5886
2851,3383,1,62.0913
2852,3384,1,61.9099
2853,3385,1,63.7064
2854,3386,1,64.4115
2855,3387,1,69.6499
2856,3388,1,69.4693
2857,3389,1,68.3767
2858,3390,1,68.8075
2859,3391,1,69.5818
2860,3392,1,70.0731
2861,3393,1,72.1334
2862,3394,1,71.6046
2863,3395,1,72.4945
2864,3396,1,13.3447
2865,3397,1,14.1038
2866,3398,1,15.902
2867,3401,1,19.036
2868,3402,1,19.6003
2869,3405,1,23.742
2870,3406,1,29.1279
2871,3409,1,31.6072
2872,3411,1,47.9191
2873,3412,1,46.3091
2874,3414,1,39.1262
2875,3415,1,40.3711
2876,3416,1,41.211
2877,3417,1,43.9589
2878,3418,1,43.5066
2879,3419,1,45.6584
2880,3420,1,53.1722
2881,3421,1,51.5145
2882,3422,1,50.3407
2883,3423,1,50.3571
2884,3424,1,51.2025
2885,3425,1,57.3549
2886,3426,1,56.7145
2887,3427,1,57.2333
2888,3428,1,57.7018
2889,3429,1,58.4464
2890,3430,1,58.609
2891,3431,1,58.7919
2892,3433,1,61.2401
2893,3435,1,65.4136
2894,3436,1,65.9105
2895,3437,1,67.8078
2896,3438,1,66.9195
2897,3439,1,67.3967
2898,3440,1,67.9326
2899,3441,1,68.4577
2900,3443,1,70.4311
2901,3444,1,71.2725
2902,3445,1,74.6374
2903,3446,1,74.544
2904,3447,1,14.2146
2905,3448,1,15.4194
2906,3452,1,18.7957
2907,3456,1,22.791
2908,3458,1,27.8719
2909,3460,1,31.0382
2910,3461,1,31.6072
2911,3462,1,47.8748
2912,3464,1,45.2968
2913,3465,1,44.6166
2914,3466,1,40.4569
2915,3467,1,40.7699
2916,3468,1,41.2465
2917,3469,1,45.0771
2918,3470,1,45.5524
2919,3471,1,49.0634
2920,3472,1,48.4029
2921,3473,1,47.3154
2922,3474,1,48.806
2923,3477,1,50.7188
2924,3478,1,57.683
2925,3479,1,55.6499
2926,3481,1,56.4896
2927,3483,1,57.5807
2928,3484,1,58.5971
2929,3485,1,59.7119
2930,3486,1,61.5145
2931,3487,1,62.1033
2932,3488,1,62.5441
2933,3489,1,63.9977
2934,3490,1,64.4187
2935,3492,1,66.6621
2936,3493,1,67.5446
2937,3494,1,70.4175
2938,3495,1,70.1237
2939,3496,1,70.3467
2940,3497,1,72.4505
2941,3498,1,76.022
2942,3499,1,75.835
2943,3500,1,76.2076
2944,3501,1,18.323
2945,3502,1,18.3612
2946,3503,1,15.0033
2947,3504,1,18.4787
2948,3506,1,16.8006
2949,3507,1,18.3196
2950,3508,1,19.4305
2951,3510,1,22.3299
2952,3511,1,22.3818
2953,3512,1,27.151
2954,3514,1,26.832
2955,3515,1,29.6613
2956,3516,1,31.1735
2957,3517,1,32.4298
2958,3519,1,45.235
2959,3520,1,43.5315
2960,3521,1,41.6925
2961,3522,1,41.7206
2962,3523,1,44.4793
2963,3524,1,46.0789
2964,3525,1,46.5374
2965,3526,1,44.8249
2966,3527,1,45.5603
2967,3529,1,48.9185
2968,3530,1,49.1072
2969,3532,1,51.3953
2970,3533,1,52.0369
2971,3534,1,53.1869
2972,3536,1,55.1551
2973,3537,1,56.2838
2974,3538,1,58.7512
2975,3539,1,58.5048
2976,3540,1,59.4427
2977,3541,1,60.3814
2978,3542,1,61.3201
2979,3543,1,62.3334
2980,3544,1,63.1977
2981,3545,1,67.3922
2982,3546,1,67.1123
2983,3547,1,67.105
2984,3548,1,68.2729
2985,3549,1,68.6115
2986,3550,1,70.4678
2987,3551,1,73.8045
2988,3552,1,73.8045
2989,3553,1,73.3834
2990,3554,1,76.8295
2991,3555,1,77.9474
2992,3556,1,77.5713
2993,3557,1,17.5285
2994,3558,1,17.837
2995,3559,1,18.6422
2996,3560,1,21.5043
2997,3561,1,20.3165
2998,3562,1,17.4522
2999,3564,1,17.9995
3000,3566,1,20.6923
3001,3567,1,22.8188
3002,3569,1,24.6574
3003,3574,1,33.4203
3004,3576,1,33.7648
3005,3577,1,42.1325
3006,3578,1,42.7362
3007,3579,1,42.2713
3008,3580,1,43.4944
3009,3581,1,43.0413
3010,3583,1,44.0814
3011,3584,1,44.8033
3012,3585,1,46.0144
3013,3587,1,55.5467
3014,3588,1,54.7127
3015,3589,1,53.5437
3016,3590,1,53.813
3017,3592,1,55.3633
3018,3593,1,56.3408
3019,3594,1,57.2829
3020,3595,1,59.586
3021,3596,1,61.0316
3022,3597,1,61.3518
3023,3598,1,62.1131
3024,3599,1,64.101
3025,3600,1,64.9473
3026,3601,1,66.1735
3027,3602,1,68.1101
3028,3603,1,68.5447
3029,3604,1,71.2001
3030,3605,1,72.362
3031,3606,1,72.8616
3032,3607,1,73.8045
3033,3608,1,78.0586
3034,3609,1,77.9082
3035,3610,1,78.0553
3036,3611,1,78.6246
3037,3612,1,82.6986
3038,3613,1,17.8205
3039,3614,1,18.5809
3040,3616,1,26.9067
3041,3619,1,19.3759
3042,3620,1,19.6004
3043,3621,1,20.4844
3044,3622,1,19.4675
3045,3623,1,21.6025
3046,3624,1,23.132
3047,3626,1,24.973
3048,3629,1,28.6877
3049,3631,1,31.9011
3050,3632,1,41.0137
3051,3633,1,40.8636
3052,3634,1,41.0122
3053,3635,1,42.6428
3054,3636,1,41.3041
3055,3639,1,42.6167
3056,3640,1,43.3387
3057,3641,1,47.0648
3058,3642,1,47.9085
3059,3643,1,48.754
3060,3645,1,56.2604
3061,3646,1,56.0244
3062,3647,1,53.9028
3063,3648,1,54.1777
3064,3649,1,55.9231
3065,3650,1,56.3347
3066,3651,1,56.8153
3067,3652,1,59.9636
3068,3653,1,59.9015
3069,3654,1,60.475
3070,3655,1,61.3994
3071,3656,1,63.6213
3072,3657,1,63.6964
3073,3658,1,65.3971
3074,3659,1,65.3971
3075,3660,1,71.1059
3076,3661,1,69.9218
3077,3662,1,70.708
3078,3663,1,71.7524
3079,3664,1,72.8887
3080,3665,1,77.0599
3081,3666,1,81.0548
3082,3667,1,79.262
3083,3668,1,78.9976
3084,3669,1,79.0333
3085,3670,1,79.9147
3086,3671,1,80.7025
3087,3672,1,25.9087
3088,3674,1,23.7688
3089,3675,1,22.6561
3090,3676,1,21.5876
3091,3677,1,21.7285
3092,3678,1,23.3951
3093,3682,1,28.7444
3094,3684,1,31.8475
3095,3685,1,40.1179
3096,3686,1,39.5914
3097,3687,1,40.0018
3098,3688,1,40.812
3099,3689,1,40.3361
3100,3690,1,40.429
3101,3691,1,42.3603
3102,3693,1,45.675
3103,3694,1,46.5159
3104,3695,1,47.3575
3105,3696,1,49.1526
3106,3697,1,49.6348
3107,3698,1,50.1049
3108,3699,1,56.2604
3109,3700,1,60.9084
3110,3701,1,58.6665
3111,3702,1,57.032
3112,3703,1,57.1304
3113,3704,1,57.7818
3114,3706,1,60.4935
3115,3707,1,62.632
3116,3708,1,61.6455
3117,3709,1,64.9735
3118,3710,1,64.7053
3119,3711,1,66.3231
3120,3712,1,66.6553
3121,3713,1,71.1059
3122,3714,1,70.6911
3123,3715,1,70.9725
3124,3716,1,77.6991
3125,3717,1,77.03
3126,3718,1,76.5989
3127,3719,1,81.2663
3128,3721,1,85.4849
3129,3722,1,84.5951
3130,3723,1,81.1121
3131,3724,1,23.7723
3132,3725,1,25.9403
3133,3726,1,25.6509
3134,3727,1,25.1015
3135,3728,1,23.4242
3136,3729,1,27.0109
3137,3730,1,26.9244
3138,3732,1,22.5952
3139,3733,1,22.8479
3140,3734,1,24.0687
3141,3736,1,26.1429
3142,3737,1,28.2484
3143,3738,1,37.3931
3144,3741,1,40.4804
3145,3742,1,38.126
3146,3743,1,39.6396
3147,3744,1,38.2413
3148,3746,1,39.6865
3149,3747,1,43.0782
3150,3748,1,45.2848
3151,3749,1,45.1184
3152,3751,1,47.7458
3153,3752,1,49.6637
3154,3753,1,50.5054
3155,3755,1,60.9084
3156,3756,1,60.9084
3157,3757,1,59.0598
3158,3758,1,58.5177
3159,3759,1,58.2376
3160,3760,1,58.7484
3161,3761,1,60.1791
3162,3762,1,61.6591
3163,3763,1,62.7604
3164,3764,1,65.0676
3165,3765,1,66.3903
3166,3766,1,66.5145
3167,3767,1,66.9452
3168,3768,1,68.1703
3169,3769,1,76.7931
3170,3770,1,76.6489
3171,3771,1,71.9965
3172,3772,1,73.9804
3173,3773,1,74.8686
3174,3774,1,75.8904
3175,3775,1,76.2048
3176,3776,1,81.2948
3177,3777,1,81.4804
3178,3778,1,25.2167
3179,3779,1,28.6705
3180,3781,1,27.0734
3181,3782,1,25.3379
3182,3783,1,24.2676
3183,3784,1,23.2734
3184,3785,1,23.8394
3185,3787,1,25.9575
3186,3789,1,24.011
3187,3790,1,26.9252
3188,3791,1,24.2256
3189,3792,1,25.9406
3190,3794,1,27.8796
3191,3795,1,37.9588
3192,3796,1,34.826
3193,3797,1,35.576
3194,3798,1,39.4992
3195,3800,1,36.7757
3196,3801,1,37.501
3197,3802,1,40.4748
3198,3803,1,41.7013
3199,3804,1,42.5374
3200,3805,1,45.8165
3201,3806,1,45.9267
3202,3807,1,46.834
3203,3808,1,47.681
3204,3810,1,49.9473
3205,3811,1,51.6251
3206,3812,1,51.6251
3207,3813,1,52.2987
3208,3814,1,60.0889
3209,3815,1,59.5948
3210,3816,1,59.3435
3211,3817,1,60.4571
3212,3818,1,60.1954
3213,3819,1,60.7676
3214,3820,1,64.2564
3215,3821,1,64.2526
3216,3822,1,65.2167
3217,3823,1,66.8026
3218,3824,1,67.8744
3219,3825,1,68.691
3220,3826,1,75.3592
3221,3827,1,75.4576
3222,3828,1,74.1599
3223,3829,1,73.4307
3224,3830,1,74.0308
3225,3831,1,77.9218
3226,3832,1,78.2211
3227,3833,1,88.0546
3228,3834,1,26.9314
3229,3835,1,26.7964
3230,3836,1,27.558
3231,3837,1,29.8204
3232,3838,1,26.7833
3233,3839,1,26.2863
3234,3840,1,25.4561
3235,3841,1,25.2678
3236,3842,1,25.1803
3237,3843,1,25.3935
3238,3844,1,26.0064
3239,3845,1,27.6377
3240,3846,1,25.2085
3241,3847,1,25.0847
3242,3849,1,25.2551
3243,3850,1,25.5354
3244,3851,1,27.1846
3245,3852,1,33.1589
3246,3853,1,33.3616
3247,3855,1,33.4355
3248,3856,1,34.5887
3249,3857,1,35.3093
3250,3858,1,37.2348
3251,3859,1,37.9922
3252,3860,1,38.6066
3253,3861,1,41.9174
3254,3862,1,42.416
3255,3863,1,48.7112
3256,3864,1,47.5461
3257,3865,1,47.3543
3258,3866,1,47.6007
3259,3867,1,49.0155
3260,3868,1,49.0447
3261,3869,1,49.8761
3262,3871,1,52.581
3263,3872,1,60.3476
3264,3873,1,60.4495
3265,3874,1,60.3885
3266,3875,1,62.6634
3267,3876,1,61.6425
3268,3877,1,62.7894
3269,3878,1,64.4552
3270,3879,1,65.6864
3271,3880,1,66.1875
3272,3881,1,71.2844
3273,3882,1,72.0891
3274,3883,1,72.0891
3275,3884,1,75.3243
3276,3885,1,74.7025
3277,3886,1,76.1911
3278,3887,1,76.0988
3279,3888,1,76.8978
3280,3889,1,76.5529
3281,3890,1,28.7317
3282,3891,1,27.7854
3283,3892,1,28.1952
3284,3893,1,28.5113
3285,3894,1,27.7301
3286,3895,1,26.7574
3287,3896,1,26.719
3288,3897,1,26.2531
3289,3898,1,28.6539
3290,3899,1,27.8174
3291,3900,1,27.3944
3292,3901,1,26.5789
3293,3902,1,26.7754
3294,3904,1,27.5874
3295,3905,1,26.5185
3296,3906,1,26.6348
3297,3907,1,26.9149
3298,3908,1,31.6257
3299,3909,1,31.9769
3300,3910,1,31.3992
3301,3911,1,33.495
3302,3912,1,33.8433
3303,3913,1,35.7364
3304,3914,1,36.4748
3305,3915,1,37.4934
3306,3916,1,39.5772
3307,3917,1,42.6789
3308,3918,1,43.4
3309,3919,1,44.6851
3310,3920,1,48.4427
3311,3921,1,48.3732
3312,3922,1,48.7982
3313,3923,1,47.6503
3314,3924,1,48.4874
3315,3925,1,49.3309
3316,3926,1,50.1711
3317,3927,1,50.814
3318,3928,1,63.5427
3319,3929,1,61.4559
3320,3930,1,61.5561
3321,3931,1,63.17
3322,3932,1,63.2142
3323,3933,1,62.9005
3324,3934,1,63.0903
3325,3935,1,65.4666
3326,3936,1,65.9652
3327,3938,1,70.3677
3328,3939,1,71.9691
3329,3940,1,71.4364
3330,3941,1,71.1389
3331,3942,1,72.0127
3332,3943,1,75.1945
3333,3944,1,74.7617
3334,3945,1,29.371
3335,3946,1,28.8245
3336,3947,1,29.9853
3337,3948,1,29.8363
3338,3949,1,29.2106
3339,3950,1,28.1283
3340,3951,1,32.0768
3341,3952,1,27.7862
3342,3954,1,29.6019
3343,3955,1,28.9999
3344,3956,1,29.6665
3345,3957,1,28.6493
3346,3958,1,27.6154
3347,3959,1,27.757
3348,3961,1,28.1741
3349,3962,1,28.0221
3350,3963,1,28.3922
3351,3964,1,30.1507
3352,3965,1,31.4624
3353,3967,1,33.9506
3354,3968,1,34.5297
3355,3969,1,35.7202
3356,3970,1,38.1768
3357,3971,1,39.0082
3358,3972,1,40.0359
3359,3973,1,40.9877
3360,3974,1,44.1307
3361,3975,1,44.5552
3362,3976,1,47.0612
3363,3977,1,46.5702
3364,3978,1,47.0919
3365,3979,1,47.9338
3366,3980,1,48.7754
3367,3981,1,49.6879
3368,3982,1,50.2779
3369,3983,1,63.7444
3370,3985,1,62.7239
3371,3986,1,64.1392
3372,3987,1,64.5997
3373,3988,1,64.5726
3374,3989,1,64.3338
3375,3990,1,64.7665
3376,3991,1,65.6997
3377,3992,1,67.213
3378,3993,1,68.9512
3379,3994,1,68.8666
3380,3995,1,70.3675
3381,3996,1,70.7852
3382,3997,1,71.7517
3383,3998,1,72.6926
3384,3999,1,30.7813
3385,4000,1,30.3091
3386,4001,1,35.9981
3387,4002,1,31.5838
3388,4003,1,31.2804
3389,4004,1,31.6116
3390,4005,1,30.9456
3391,4006,1,31.4488
3392,4007,1,28.6841
3393,4008,1,33.9851
3394,4009,1,30.0395
3395,4010,1,31.5973
3396,4011,1,31.3131
3397,4012,1,29.2353
3398,4013,1,31.361
3399,4014,1,29.7116
3400,4015,1,29.4368
3401,4016,1,37.3626
3402,4017,1,29.1758
3403,4021,1,32.4766
3404,4022,1,33.7134
3405,4023,1,35.581
3406,4024,1,36.7862
3407,4025,1,37.6256
3408,4026,1,38.5356
3409,4027,1,41.5016
3410,4028,1,41.5508
3411,4029,1,41.7248
3412,4030,1,43.9949
3413,4031,1,44.834
3414,4032,1,45.6172
3415,4033,1,46.5367
3416,4034,1,47.3739
3417,4035,1,48.2201
3418,4036,1,49.0617
3419,4037,1,64.9757
3420,4038,1,64.9757
3421,4039,1,64.7004
3422,4040,1,63.7755
3423,4041,1,64.6945
3424,4042,1,65.7347
3425,4043,1,66.337
3426,4044,1,65.8846
3427,4045,1,66.3982
3428,4046,1,66.2649
3429,4047,1,67.6152
3430,4048,1,68.1453
3431,4049,1,68.6817
3432,4050,1,69.6391
3433,4051,1,72.4225
3434,4052,1,72.9113
3435,4053,1,40.4964
3436,4054,1,39.9829
3437,4055,1,40.0729
3438,4056,1,35.2532
3439,4057,1,34.7598
3440,4058,1,31.3793
3441,4060,1,33.4232
3442,4061,1,33.1525
3443,4063,1,33.6886
3444,4064,1,35.2758
3445,4065,1,31.915
3446,4066,1,30.6942
3447,4067,1,43.0002
3448,4068,1,30.4856
3449,4069,1,30.4837
3450,4070,1,30.1997
3451,4071,1,35.9403
3452,4072,1,31.7254
3453,4076,1,32.6807
3454,4077,1,34.0919
3455,4078,1,35.267
3456,4079,1,36.1757
3457,4080,1,39.6686
3458,4081,1,39.8478
3459,4082,1,40.1128
3460,4083,1,40.9911
3461,4084,1,42.5963
3462,4085,1,43.4336
3463,4086,1,44.2743
3464,4087,1,45.1128
3465,4088,1,45.6172
3466,4089,1,46.8231
3467,4091,1,59.7532
3468,4092,1,60.0282
3469,4093,1,60.1487
3470,4094,1,65.6235
3471,4095,1,64.8786
3472,4096,1,65.3556
3473,4097,1,67.4772
3474,4098,1,67.9899
3475,4099,1,68.3317
3476,4100,1,67.6385
3477,4101,1,72.8942
3478,4102,1,70.5525
3479,4103,1,69.9697
3480,4104,1,69.8665
3481,4105,1,70.4892
3482,4106,1,36.8562
3483,4108,1,38.7356
3484,4109,1,39.5867
3485,4110,1,40.5347
3486,4111,1,33.8276
3487,4112,1,32.5273
3488,4114,1,33.4148
3489,4115,1,34.9628
3490,4117,1,43.5133
3491,4118,1,42.7827
3492,4119,1,41.482
3493,4120,1,41.0948
3494,4121,1,38.5658
3495,4122,1,37.3925
3496,4123,1,37.2814
3497,4124,1,34.7002
3498,4125,1,33.1343
3499,4126,1,33.0121
3500,4128,1,33.1176
3501,4129,1,33.9395
3502,4130,1,36.0286
3503,4131,1,36.7608
3504,4132,1,37.9041
3505,4133,1,38.8092
3506,4134,1,39.7135
3507,4135,1,40.6
3508,4136,1,43.3047
3509,4137,1,43.7878
3510,4138,1,46.9698
3511,4139,1,46.4714
3512,4140,1,45.3905
3513,4141,1,45.6172
3514,4142,1,59.6103
3515,4143,1,59.6103
3516,4146,1,59.4492
3517,4147,1,65.9797
3518,4148,1,66.083
3519,4149,1,60.9707
3520,4150,1,61.5383
3521,4151,1,62.6485
3522,4152,1,63.9609
3523,4153,1,72.6711
3524,4154,1,71.713
3525,4155,1,70.8727
3526,4156,1,70.5635
3527,4157,1,35.5924
3528,4158,1,35.8593
3529,4159,1,37.3238
3530,4160,1,37.8673
3531,4161,1,38.8873
3532,4162,1,39.8079
3533,4163,1,40.7812
3534,4164,1,41.674
3535,4165,1,43.309
3536,4166,1,43.8048
3537,4167,1,46.0783
3538,4168,1,45.5367
3539,4169,1,44.5618
3540,4170,1,43.5333
3541,4171,1,42.6513
3542,4172,1,41.6375
3543,4173,1,40.5666
3544,4174,1,39.5846
3545,4175,1,38.6049
3546,4176,1,37.6392
3547,4177,1,37.4139
3548,4178,1,34.4812
3549,4180,1,34.7408
3550,4181,1,34.0065
3551,4182,1,33.7666
3552,4183,1,34.1718
3553,4184,1,34.3124
3554,4185,1,35.2966
3555,4186,1,36.0289
3556,4187,1,37.786
3557,4188,1,38.4152
3558,4189,1,39.3141
3559,4191,1,45.2697
3560,4192,1,46.4885
3561,4193,1,46.2833
3562,4194,1,46.2706
3563,4195,1,46.4468
3564,4196,1,46.4468
3565,4197,1,53.1985
3566,4198,1,59.4722
3567,4199,1,59.1795
3568,4200,1,59.0333
3569,4201,1,58.4864
3570,4202,1,58.0232
3571,4203,1,59.0073
3572,4204,1,59.3467
3573,4205,1,59.568
3574,4206,1,62.1955
3575,4207,1,63.0597
3576,4208,1,64.3924
3577,4209,1,65.2898
3578,4210,1,34.6046
3579,4211,1,35.4718
3580,4212,1,36.3066
3581,4213,1,37.8213
3582,4214,1,41.0061
3583,4215,1,40.4474
3584,4216,1,40.779
3585,4217,1,42.9456
3586,4218,1,43.027
3587,4219,1,43.7378
3588,4220,1,46.7843
3589,4221,1,46.5129
3590,4222,1,44.5966
3591,4223,1,43.638
3592,4224,1,42.8867
3593,4225,1,41.8473
3594,4226,1,40.592
3595,4227,1,39.6351
3596,4228,1,38.644
3597,4229,1,38.5597
3598,4230,1,38.5597
3599,4231,1,38.2275
3600,4232,1,35.5229
3601,4233,1,34.0065
3602,4234,1,34.484
3603,4235,1,40.1088
3604,4236,1,38.401
3605,4237,1,37.3222
3606,4238,1,37.5842
3607,4239,1,43.2123
3608,4241,1,44.6928
3609,4242,1,46.4468
3610,4243,1,46.4468
3611,4244,1,46.4468
3612,4245,1,46.4468
3613,4246,1,51.7899
3614,4247,1,52.6209
3615,4248,1,53.4729
3616,4249,1,54.2646
3617,4250,1,55.1798
3618,4251,1,57.026
3619,4252,1,57.0676
3620,4253,1,58.3583
3621,4254,1,61.0307
3622,4256,1,62.3365
3623,4257,1,63.1544
3624,4258,1,65.3978
3625,4259,1,35.9269
3626,4260,1,38.9211
3627,4261,1,41.7141
3628,4263,1,41.4646
3629,4266,1,44.0777
3630,4267,1,43.9702
3631,4268,1,46.7501
3632,4269,1,51.1652
3633,4270,1,51.1652
3634,4272,1,48.4675
3635,4273,1,48.4675
3636,4274,1,42.1052
3637,4275,1,41.2233
3638,4276,1,40.3511
3639,4277,1,39.484
3640,4279,1,37.6782
3641,4280,1,36.9493
3642,4281,1,36.3146
3643,4284,1,34.484
3644,4285,1,39.6073
3645,4286,1,38.7393
3646,4287,1,38.0254
3647,4288,1,39.3275
3648,4290,1,42.614
3649,4292,1,43.9668
3650,4293,1,44.7026
3651,4294,1,46.4468
3652,4296,1,48.0774
3653,4298,1,52.0982
3654,4299,1,52.9234
3655,4301,1,55.4707
3656,4302,1,56.9166
3657,4303,1,59.4634
3658,4304,1,61.0307
3659,4305,1,63.7731
3660,4307,1,63.3612
3661,4308,1,39.1488
3662,4310,1,41.7141
3663,4311,1,41.4646
3664,4313,1,45.0598
3665,4314,1,45.3754
3666,4315,1,45.7201
3667,4316,1,51.1652
3668,4317,1,51.1652
3669,4318,1,51.1652
3670,4319,1,48.4675
3671,4320,1,48.4675
3672,4321,1,43.9869
3673,4322,1,42.5943
3674,4323,1,41.7192
3675,4324,1,40.8425
3676,4325,1,39.97
3677,4327,1,38.3984
3678,4328,1,37.6905
3679,4329,1,36.9557
3680,4331,1,35.8184
3681,4332,1,34.484
3682,4333,1,39.0769
3683,4334,1,38.8374
3684,4335,1,39.9226
3685,4336,1,39.6379
3686,4337,1,39.5795
3687,4338,1,41.6235
3688,4339,1,43.8663
3689,4340,1,44.2788
3690,4342,1,48.0774
3691,4343,1,48.0774
3692,4344,1,48.0461
3693,4345,1,50.6864
3694,4346,1,51.5332
3695,4347,1,52.3831
3696,4348,1,53.2309
3697,4349,1,54.0763
3698,4351,1,60.4566
3699,4352,1,60.5687
3700,4353,1,62.4436
3701,4355,1,44.0131
3702,4356,1,44.0131
3703,4358,1,46.4357
3704,4359,1,46.4357
3705,4360,1,46.4317
3706,4361,1,51.6482
3707,4362,1,50.7642
3708,4363,1,50.3883
3709,4364,1,48.82
3710,4365,1,48.1325
3711,4366,1,47.4252
3712,4367,1,43.9869
3713,4368,1,43.0775
3714,4369,1,42.2063
3715,4370,1,41.3335
3716,4372,1,40.3965
3717,4373,1,40.6951
3718,4374,1,40.995
3719,4375,1,41.2964
3720,4376,1,36.5513
3721,4377,1,45.409
3722,4378,1,42.105
3723,4380,1,42.105
3724,4381,1,42.0461
3725,4383,1,42.9781
3726,4384,1,43.1498
3727,4385,1,44.6567
3728,4386,1,45.6417
3729,4387,1,47.5037
3730,4388,1,47.8265
3731,4389,1,49.2974
3732,4390,1,50.1441
3733,4391,1,50.9909
3734,4392,1,51.84
3735,4393,1,52.6874
3736,4394,1,53.5385
3737,4395,1,54.467
3738,4396,1,67.0346
3739,4397,1,61.7153
3740,4398,1,61.8884
3741,4399,1,44.0131
3742,4400,1,44.6389
3743,4401,1,44.6792
3744,4402,1,46.9319
3745,4403,1,47.147
3746,4404,1,47.6622
3747,4405,1,50.7636
3748,4406,1,49.7861
3749,4407,1,48.8178
3750,4408,1,46.7754
3751,4410,1,44.4411
3752,4411,1,43.5688
3753,4413,1,41.8193
3754,4414,1,41.1537
3755,4415,1,41.4533
3756,4416,1,41.7532
3757,4417,1,42.049
3758,4418,1,43.6516
3759,4419,1,43.6516
3760,4420,1,47.0512
3761,4421,1,45.3919
3762,4422,1,44.653
3763,4423,1,42.105
3764,4425,1,42.5998
3765,4426,1,42.167
3766,4427,1,43.1499
3767,4428,1,43.1499
3768,4429,1,46.1466
3769,4430,1,47.0071
3770,4431,1,47.8741
3771,4433,1,49.5968
3772,4434,1,50.4474
3773,4435,1,51.2987
3774,4437,1,63.3287
3775,4438,1,63.3287
3776,4439,1,66.058
3777,4440,1,66.0429
3778,4441,1,44.4579
3779,4442,1,44.6792
3780,4444,1,47.2216
3781,4445,1,50.171
3782,4446,1,49.2977
3783,4447,1,48.4239
3784,4448,1,47.5496
3785,4449,1,46.677
3786,4450,1,46.488
3787,4451,1,44.9291
3788,4452,1,44.6744
3789,4453,1,44.86
3790,4454,1,45.0408
3791,4455,1,42.2192
3792,4456,1,42.5009
3793,4457,1,42.8063
3794,4458,1,43.6516
3795,4459,1,43.6516
3796,4460,1,43.6516
3797,4461,1,48.6844
3798,4462,1,47.4924
3799,4463,1,46.1151
3800,4464,1,45.3755
3801,4465,1,44.636
3802,4466,1,43.8965
3803,4467,1,43.1537
3804,4468,1,43.513
3805,4469,1,43.3105
3806,4470,1,43.2909
3807,4471,1,46.6731
3808,4472,1,47.5501
3809,4473,1,48.5314
3810,4474,1,48.5314
3811,4475,1,49.0499
3812,4476,1,49.8962
3813,4477,1,50.737
3814,4478,1,61.1943
3815,4479,1,63.3287
3816,4480,1,63.3287
3817,4481,1,54.916
3818,4482,1,55.184
3819,4483,1,51.5351
3820,4484,1,50.6588
3821,4485,1,49.7858
3822,4486,1,48.9119
3823,4488,1,47.5418
3824,4490,1,47.764
3825,4491,1,45.7712
3826,4492,1,45.9514
3827,4493,1,46.1338
3828,4495,1,44.5765
3829,4496,1,44.4433
3830,4497,1,43.8879
3831,4498,1,43.8606
3832,4500,1,48.6844
3833,4501,1,47.8364
3834,4502,1,47.1168
3835,4503,1,45.3584
3836,4504,1,44.6189
3837,4505,1,43.8092
3838,4506,1,44.2459
3839,4507,1,44.5768
3840,4508,1,45.086
3841,4509,1,45.5642
3842,4510,1,48.0295
3843,4511,1,48.5314
3844,4512,1,48.5314
3845,4514,1,59.2194
3846,4515,1,59.2194
3847,4516,1,60.2138
3848,4517,1,61.1943
3849,4520,1,51.1463
3850,4521,1,50.2739
3851,4523,1,48.5112
3852,4524,1,48.7873
3853,4525,1,50.3067
3854,4526,1,47.402
3855,4527,1,47.0126
3856,4528,1,46.7772
3857,4529,1,46.7333
3858,4531,1,45.353
3859,4532,1,45.85
3860,4533,1,46.345
3861,4535,1,50.0907
3862,4536,1,48.6844
3863,4537,1,47.592
3864,4538,1,46.7262
3865,4539,1,46.0804
3866,4541,1,44.4142
3867,4542,1,45.0343
3868,4544,1,46.0332
3869,4545,1,46.5282
3870,4546,1,47.0242
3871,4547,1,47.5253
3872,4548,1,57.9261
3873,4549,1,57.9261
3874,4550,1,59.2194
3875,4551,1,59.2194
3876,4552,1,60.2138
3877,4553,1,53.8333
3878,4554,1,54.3136
3879,4555,1,50.763
3880,4556,1,49.888
3881,4557,1,48.9848
3882,4559,1,49.7368
3883,4560,1,50.567
3884,4561,1,48.9723
3885,4562,1,48.2484
3886,4563,1,48.1195
3887,4564,1,48.086
3888,4565,1,50.1098
3889,4566,1,46.3106
3890,4567,1,46.8069
3891,4568,1,47.4839
3892,4570,1,49.8156
3893,4571,1,48.9993
3894,4572,1,48.1756
3895,4573,1,46.4488
3896,4574,1,46.0626
3897,4575,1,45.5138
3898,4577,1,46.495
3899,4579,1,47.487
3900,4581,1,55.8325
3901,4582,1,55.8325
3902,4583,1,57.9261
3903,4584,1,57.9261
3904,4585,1,55.2789
3905,4586,1,56.8582
3906,4587,1,57.9149
3907,4588,1,58.8168
3908,4589,1,58.8168
3909,4590,1,58.8168
3910,4591,1,50.4301
3911,4592,1,50.3203
3912,4593,1,50.8179
3913,4594,1,48.3135
3914,4595,1,51.1648
3915,4596,1,50.1098
3916,4597,1,50.1098
3917,4599,1,48.9276
3918,4600,1,49.1377
3919,4601,1,49.7621
3920,4602,1,49.5736
3921,4603,1,48.7407
3922,4604,1,47.9316
3923,4605,1,46.7921
3924,4606,1,46.4139
3925,4607,1,46.4613
3926,4608,1,46.9251
3927,4609,1,47.4487
3928,4610,1,47.9489
3929,4611,1,48.4435
3930,4612,1,48.9453
3931,4615,1,55.8325
3932,4616,1,57.9149
3933,4617,1,57.9149
3934,4618,1,58.8168
3935,4619,1,58.6876
3936,4620,1,58.1911
3937,4621,1,58.4043
3938,4622,1,51.5698
3939,4623,1,51.7743
3940,4624,1,52.5766
3941,4625,1,51.7423
3942,4626,1,50.9093
3943,4627,1,50.073
3944,4628,1,49.9422
3945,4629,1,49.5908
3946,4630,1,50.0912
3947,4632,1,51.0931
3948,4633,1,54.423
3949,4634,1,54.4479
3950,4635,1,54.4776
3951,4636,1,53.3034
3952,4637,1,52.8109
3953,4638,1,52.0496
3954,4639,1,51.2838
3955,4640,1,50.5392
3956,4641,1,49.7911
3957,4642,1,49.8987
3958,4643,1,50.3958
3959,4644,1,59.648
3960,4645,1,59.648
3961,4646,1,57.73
3962,4647,1,57.234
3963,4648,1,56.7373
3964,4650,1,52.7306
3965,4651,1,54.2033
3966,4652,1,52.3123
3967,4653,1,51.79
3968,4654,1,51.79
3969,4655,1,49.9422
3970,4656,1,50.5444
3971,4657,1,51.0449
3972,4658,1,51.5449
3973,4659,1,53.2748
3974,4660,1,54.423
3975,4661,1,54.4965
3976,4662,1,54.5843
3977,4663,1,53.3034
3978,4664,1,52.7489
3979,4665,1,52.0157
3980,4666,1,51.2504
3981,4667,1,50.5017
3982,4668,1,50.8528
3983,4669,1,59.648
3984,4670,1,62.5506
3985,4671,1,63.5066
3986,4672,1,55.7789
3987,4673,1,54.8062
3988,4674,1,54.1531
3989,4675,1,53.6333
3990,4676,1,52.8969
3991,4677,1,51.79
3992,4678,1,51.79
3993,4679,1,51.79
3994,4680,1,51.5166
3995,4681,1,51.977
3996,4682,1,52.4705
3997,4683,1,53.2326
3998,4684,1,54.59
3999,4685,1,54.59
4000,4686,1,54.59
4001,4687,1,60.9999
4002,4688,1,53.3034
4003,4689,1,53.3034
4004,4690,1,52.7085
4005,4691,1,51.9624
4006,4692,1,52.0899
4007,4694,1,63.5204
4008,4695,1,56.1591
4009,4696,1,55.7899
4010,4697,1,54.9332
4011,4698,1,54.9332
4012,4699,1,54.9332
4013,4700,1,51.79
4014,4701,1,51.79
4015,4702,1,51.79
4016,4703,1,52.4412
4017,4704,1,52.5681
4018,4705,1,53.4689
4019,4707,1,54.5794
4020,4708,1,54.5794
4021,4709,1,54.5794
4022,4710,1,61.2114
4023,4711,1,61.2114
4024,4712,1,60.8699
4025,4713,1,59.1381
4026,4714,1,62.0109
4027,4715,1,63.559
4028,4716,1,57.3182
4029,4717,1,56.8634
4030,4718,1,57.1024
4031,4719,1,57.3331
4032,4720,1,54.9332
4033,4721,1,54.9332
4034,4722,1,57.572
4035,4723,1,57.572
4036,4724,1,57.572
4037,4725,1,57.4583
4038,4726,1,56.6053
4039,4727,1,55.7645
4040,4728,1,55.1297
4041,4729,1,55.0267
4042,4730,1,61.5401
4043,4731,1,61.5401
4044,4732,1,61.2114
4045,4733,1,60.0151
4046,4734,1,59.4398
4047,4735,1,58.433
4048,4736,1,58.1172
4049,4737,1,58.1579
4050,4738,1,58.2898
4051,4739,1,58.4216
4052,4740,1,58.5537
4053,4741,1,57.572
4054,4742,1,57.572
4055,4744,1,57.572
4056,4745,1,57.1703
4057,4746,1,56.3373
4058,4747,1,55.5021
4059,4748,1,55.2436
4060,4749,1,62.5676
4061,4751,1,61.3608
4062,4752,1,59.7201
4063,4753,1,59.5131
4064,4754,1,58.9171
4065,4755,1,58.9171
4066,4756,1,58.9171
4067,4757,1,58.9171
4068,4758,1,57.572
4069,4759,1,57.572
4070,4760,1,57.7333
4071,4761,1,58.106
4072,4762,1,58.661
4073,4763,1,59.2242
4074,4764,1,59.8153
4075,4765,1,63.5941
4076,4766,1,63.5941
4077,4767,1,60.0655
4078,4768,1,58.9171
4079,4769,1,58.9171
4080,4770,1,81.6711
4081,4771,1,81.6711
4082,4772,1,61.4545
4083,4773,1,61.4545
4084,4774,1,61.4545
4085,4775,1,61.4545
4086,4776,1,60.6676
4087,4777,1,60.1005
4088,4778,1,60.1573
4089,4779,1,64.4064
4090,4780,1,81.9428
4091,4781,1,81.6711
4092,4782,1,81.6711
4093,4783,1,81.6711
4094,4784,1,81.6711
4095,4785,1,61.4545
4096,4786,1,61.4545
4097,4787,1,61.4545
4098,4788,1,61.2195
4099,4789,1,61.8216
4100,4790,1,66.7257
4101,4791,1,81.6711
4102,4792,1,81.6711
4103,4793,1,81.6711
4104,4794,1,81.6711
4105,4795,1,61.4545
4106,4796,1,61.4545
4107,4797,1,61.4372
4108,4798,1,62.0768
4109,4800,1,79.9719
4110,4801,1,79.9719
4111,4802,1,73.3404
4112,4803,1,73.9081
4113,4804,1,74.3127
4114,4805,1,79.9719
4115,4806,1,79.9719
4116,4807,1,73.3404
4117,4808,1,73.3404
4118,4809,1,79.6717
