VARIABLE,INDEX, DEPOT, VALUE,LON,LAT
D,0,31,1,-98.20511,29.3224
D,0,36,1,-98.28511,29.2424
D,0,44,1,-98.28511,29.1624
D,0,52,1,-98.20511,29.0824
X,1,31,823.04,-98.7698,29.2377
X,2,31,1164.52,-98.7798,29.2277
X,71,36,1219.3,-98.7998,29.1577
X,72,36,1219.3,-98.7698,29.1577
X,73,36,1170.74,-98.7598,29.1577
X,74,52,1232.08,-98.7498,29.1577
X,75,31,1280.62,-98.7398,29.1577
X,76,52,1269.22,-98.7298,29.1577
X,79,44,1242,-98.6898,29.1577
X,141,44,1249.38,-98.6198,29.1177
X,211,44,1219.86,-98.5198,29.0977
X,212,44,1201.12,-98.5098,29.0977
X,213,44,1208.48,-98.4998,29.0977
X,214,31,1169.84,-98.4898,29.0977
X,215,36,1208.48,-98.4798,29.0977
X,216,31,1205.18,-98.4698,29.0977
X,217,44,1189.68,-98.4498,29.0977
X,218,31,1153.36,-98.4398,29.0977
X,220,44,1169.84,-98.4198,29.0977
X,221,31,1205.18,-98.4098,29.0977
X,222,31,1176.82,-98.3998,29.0977
X,224,44,1215.54,-98.7898,29.0877
X,225,31,1215.54,-98.7798,29.0877
X,280,36,1201.08,-98.6098,29.0777
X,281,36,1201.08,-98.5998,29.0777
X,282,36,1201.08,-98.5898,29.0777
X,283,36,1201.08,-98.5798,29.0777
X,284,52,1201.08,-98.5698,29.0777
X,285,36,1201.08,-98.5598,29.0777
X,286,52,1175.52,-98.5498,29.0777
X,287,44,1207.7,-98.5398,29.0777
X,288,31,1209.92,-98.5298,29.0777
X,289,52,1194.34,-98.5098,29.0777
X,290,36,1205.18,-98.4998,29.0777
X,291,36,1208.48,-98.4898,29.0777
X,292,36,1205.18,-98.4798,29.0777
X,293,52,1208.48,-98.4698,29.0777
X,294,36,1208.48,-98.4598,29.0777
X,352,36,1156.9,-98.7098,29.0577
X,353,36,1162.94,-98.6998,29.0577
X,354,52,1140.42,-98.6798,29.0577
X,355,36,1178.76,-98.6698,29.0577
X,356,52,1140.42,-98.6598,29.0577
X,357,36,1162.94,-98.6498,29.0577
X,358,31,1140.42,-98.6398,29.0577
X,359,52,1182.72,-98.6298,29.0577
X,360,44,1201.02,-98.6198,29.0577
X,361,36,1201.02,-98.6098,29.0577
X,363,52,1194.32,-98.5898,29.0577
X,364,31,1175.52,-98.5798,29.0577
X,365,31,1207.8,-98.5698,29.0577
X,422,31,1169.76,-98.4198,29.0477
X,423,31,1169.76,-98.4098,29.0477
X,424,52,1205.22,-98.3998,29.0477
X,425,31,1224.2,-98.3898,29.0477
X,426,52,1221.12,-98.3598,29.0477
X,427,36,1211.02,-98.3498,29.0477
X,480,31,1217.96,-98.6898,29.0277
X,484,36,1182.7,-98.6398,29.0277
X,485,36,1182.7,-98.6298,29.0277
X,492,31,1194.28,-98.5598,29.0277
X,493,44,1219.82,-98.5498,29.0277
X,495,36,1200.98,-98.5198,29.0277
X,496,31,1175.54,-98.5098,29.0277
X,497,44,1169.76,-98.4998,29.0277
X,498,36,1208.38,-98.4898,29.0277
X,500,52,1208.38,-98.4698,29.0277
X,501,36,1205.14,-98.4598,29.0277
X,502,31,1208.38,-98.4498,29.0277
X,504,44,1250.7,-98.4198,29.0277
X,505,36,1187.5,-98.4098,29.0277
X,506,31,1203.08,-98.3998,29.0277
X,507,31,1204.24,-98.3898,29.0277
X,512,52,1184.84,-98.3398,29.0277
X,569,52,1140.08,-98.6798,29.0077
X,570,44,1159,-98.6698,29.0077
X,571,36,1189.3,-98.6598,29.0077
X,572,31,1189.3,-98.6498,29.0077
X,573,52,1166.1,-98.6398,29.0077
X,574,36,1140.4,-98.6298,29.0077
X,575,31,1219.8,-98.6198,29.0077
X,576,31,1209.82,-98.6098,29.0077
X,577,31,1209.82,-98.5998,29.0077
X,579,52,1199.04,-98.5698,29.0077
X,580,52,1201,-98.5598,29.0077
X,581,44,1223.16,-98.5498,29.0077
X,582,44,1194.34,-98.5398,29.0077
X,584,52,1209.82,-98.5198,29.0077
X,631,44,1159.26,-98.5398,28.9977
X,632,44,1139.88,-98.5298,28.9977
X,633,31,1159.26,-98.5198,28.9977
X,634,44,1145.18,-98.5098,28.9977
X,635,31,1164.02,-98.4998,28.9977
X,636,52,1182.3,-98.4898,28.9977
X,637,36,1133.76,-98.4698,28.9977
X,638,31,1182.3,-98.4598,28.9977
X,639,52,1120.4,-98.4498,28.9977
X,640,44,1121.98,-98.4398,28.9977
X,641,36,1122.68,-98.4298,28.9977
X,642,31,1122.68,-98.4198,28.9977
X,643,52,1147.7,-98.3998,28.9977
X,644,36,1143.76,-98.3898,28.9977
X,645,31,1177.36,-98.3698,28.9977
X,646,31,1227.18,-98.3598,28.9977
X,647,31,1173.92,-98.3498,28.9977
X,648,52,1173.92,-98.3398,28.9977
X,649,52,1173.92,-98.3298,28.9977
X,650,52,1271.92,-98.3098,28.9977
X,651,52,1173.92,-98.2998,28.9977
X,715,31,1096.22,-98.6598,28.9777
X,716,31,1101.88,-98.6498,28.9777
X,717,52,1096.22,-98.6398,28.9777
X,718,52,1105.62,-98.6298,28.9777
X,719,52,1124.22,-98.6198,28.9777
X,720,52,1130.98,-98.6098,28.9777
X,721,44,1111.96,-98.5998,28.9777
X,722,36,1111.96,-98.5898,28.9777
X,723,44,1139.94,-98.5798,28.9777
X,724,52,1181.4,-98.5598,28.9777
X,774,44,1145.18,-98.5198,28.9677
X,776,52,1182.32,-98.4698,28.9677
X,777,36,1210.6,-98.4598,28.9677
X,779,52,1133.76,-98.4298,28.9677
X,780,44,1160.62,-98.4098,28.9677
X,781,31,1143.76,-98.3998,28.9677
X,782,52,1136.86,-98.3898,28.9677
X,783,44,1122.68,-98.3798,28.9677
X,784,36,1152.16,-98.3698,28.9677
X,785,31,1176.94,-98.3598,28.9677
X,790,52,1173.06,-98.3098,28.9677
X,791,52,1185.72,-98.2998,28.9677
X,830,36,1180.3,-98.3398,28.9577
X,831,52,1239.26,-98.3298,28.9577
X,832,31,1197.76,-98.3198,28.9577
X,833,44,1197.76,-98.3098,28.9577
X,834,44,1185.72,-98.2998,28.9577
X,835,36,1219.38,-98.2898,28.9577
X,836,52,1197.76,-98.2798,28.9577
X,837,36,1272,-98.2698,28.9577
X,850,44,1139.92,-98.6098,28.9477
X,851,36,1139.92,-98.5998,28.9477
X,853,44,1131,-98.5798,28.9477
X,854,36,1131,-98.5698,28.9477
X,855,31,1124.12,-98.5598,28.9477
X,856,36,1124.12,-98.5498,28.9477
X,857,31,1111.92,-98.5398,28.9477
X,867,31,1182.3,-98.4198,28.9477
X,868,31,1127.28,-98.4098,28.9477
X,869,31,1182.3,-98.3998,28.9477
X,870,36,1127.28,-98.3898,28.9477
X,871,44,1190.24,-98.3798,28.9477
X,872,44,1204.42,-98.3698,28.9477
X,874,52,1202.76,-98.3498,28.9477
X,875,44,1219.44,-98.3298,28.9477
X,876,36,1214.3,-98.3198,28.9477
X,877,36,1173.86,-98.3098,28.9477
X,920,36,1171.86,-98.3698,28.9377
X,921,36,1176.84,-98.3598,28.9377
X,922,52,1202.72,-98.3498,28.9377
X,923,36,1222.98,-98.3398,28.9377
X,924,36,1219.34,-98.3298,28.9377
X,925,31,1207.06,-98.3198,28.9377
X,926,31,1173.96,-98.2998,28.9377
X,928,52,1150.76,-98.2798,28.9377
X,929,52,1185.7,-98.2698,28.9377
X,930,52,1173.96,-98.2598,28.9377
X,931,52,1207.44,-98.2498,28.9377
X,1001,52,1097.08,-98.6198,28.9177
X,1002,52,1097.08,-98.6098,28.9177
X,1003,52,1131.02,-98.5998,28.9177
X,1008,31,1093.84,-98.5298,28.9177
X,1009,31,1131.02,-98.5198,28.9177
X,1010,36,1162.44,-98.5098,28.9177
X,1011,44,1120.7,-98.4998,28.9177
X,1012,44,1170.42,-98.4898,28.9177
X,1013,52,1193.12,-98.4798,28.9177
X,1014,44,1146.48,-98.4698,28.9177
X,1015,36,1170.42,-98.4598,28.9177
X,1016,36,1170.42,-98.4498,28.9177
X,1017,31,1178.56,-98.4298,28.9177
X,1056,36,1097.06,-98.5898,28.9077
X,1059,44,1150.96,-98.5398,28.9077
X,1060,36,1131.02,-98.5298,28.9077
X,1062,52,1131.02,-98.5098,28.9077
X,1063,36,1170.4,-98.4998,28.9077
X,1064,31,1146.44,-98.4898,28.9077
X,1065,31,1170.4,-98.4798,28.9077
X,1067,52,1193.14,-98.4498,28.9077
X,1068,52,1146.44,-98.4398,28.9077
X,1069,52,1178.6,-98.4298,28.9077
X,1070,52,1178.6,-98.4198,28.9077
X,1071,52,1165.88,-98.4098,28.9077
X,1072,52,1170.4,-98.3998,28.9077
X,1073,52,1165.88,-98.3898,28.9077
X,1074,52,1133.94,-98.3798,28.9077
X,1079,31,1219.3,-98.3298,28.9077
X,1080,31,1185.66,-98.3098,28.9077
X,1081,44,1219.3,-98.2998,28.9077
X,1082,44,1200.58,-98.2898,28.9077
X,1129,36,1231.1,-98.3698,28.8977
X,1131,52,1213.36,-98.3498,28.8977
X,1132,52,1278.76,-98.3398,28.8977
X,1133,44,1185.58,-98.3298,28.8977
X,1134,36,1207.06,-98.3198,28.8977
X,1135,31,1219.3,-98.3098,28.8977
X,1138,52,1199.34,-98.2698,28.8977
X,1139,52,1180.3,-98.2598,28.8977
X,1140,52,1215.82,-98.2498,28.8977
X,1141,52,1245,-98.2398,28.8977
X,1142,52,1301.62,-98.2298,28.8977
X,1143,52,1215.38,-98.2198,28.8977
X,1144,52,1218.68,-98.2098,28.8977
X,1184,44,1213.36,-98.3398,28.8877
X,1185,36,1197.6,-98.3298,28.8877
X,1186,36,1220.88,-98.3198,28.8877
X,1221,31,1097.06,-98.5398,28.8777
X,1222,36,1122.2,-98.5298,28.8777
X,1223,36,1130.88,-98.5098,28.8777
X,1224,31,1148.5,-98.4998,28.8777
X,1279,52,1174.66,-98.4798,28.8677
X,1280,52,1151.84,-98.4698,28.8677
X,1281,52,1143.66,-98.4598,28.8677
X,1282,52,1165.74,-98.4498,28.8677
X,1289,31,1191,-98.3698,28.8677
X,1290,36,1229.18,-98.3598,28.8677
X,1291,44,1186.92,-98.3498,28.8677
X,1292,44,1268.16,-98.3398,28.8677
X,1293,44,1170.62,-98.3298,28.8677
X,1294,31,1218.98,-98.3198,28.8677
X,1295,36,1218.98,-98.3098,28.8677
X,1296,31,1234.04,-98.2998,28.8677
X,1300,44,1182.42,-98.2598,28.8677
X,1342,31,1151.76,-98.4198,28.8577
X,1347,52,1229.18,-98.3598,28.8577
X,1348,44,1229.18,-98.3498,28.8577
X,1349,44,1229.18,-98.3398,28.8577
X,1350,44,1176.48,-98.3298,28.8577
X,1351,52,1169.42,-98.3198,28.8577
X,1352,52,1186.02,-98.3098,28.8577
X,1353,52,1186.02,-98.2998,28.8577
X,1354,52,1201.68,-98.2898,28.8577
X,1357,31,1297.72,-98.2598,28.8577
X,1358,31,1332.28,-98.2498,28.8577
X,1359,31,1243.72,-98.2398,28.8577
X,1360,36,1263.88,-98.2298,28.8577
X,1361,36,1243.06,-98.2198,28.8577
X,1362,44,1243.72,-98.2098,28.8577
X,1363,36,1233.34,-98.1898,28.8577
X,1364,31,1233.34,-98.1798,28.8577
X,1365,31,811.9,-98.1698,28.8577
X,1412,36,1185.92,-98.2898,28.8477
X,1418,52,1111.98,-98.2298,28.8477
X,1419,44,1263.92,-98.2198,28.8477
X,1420,44,1252.24,-98.2098,28.8477
X,1422,52,1243.72,-98.1898,28.8477
X,1423,52,811.88,-98.1798,28.8477
X,1572,36,1090.78,-98.5498,28.8177
X,1573,31,1129.06,-98.5398,28.8177
X,1639,31,1090.86,-98.5098,28.8077
X,1640,31,1164.94,-98.4998,28.8077
X,1641,36,1235.16,-98.4898,28.8077
X,1642,36,1165.72,-98.4798,28.8077
X,1643,31,1179.04,-98.4698,28.8077
X,1644,31,1136.8,-98.4598,28.8077
X,1703,44,1090.74,-98.5298,28.7977
X,1704,52,1118.32,-98.5198,28.7977
X,1711,31,1176.8,-98.4398,28.7977
X,1712,31,1203.84,-98.4298,28.7977
X,1771,36,1090.72,-98.5298,28.7877
X,1773,44,1118.28,-98.5098,28.7877
X,1787,52,1229.08,-98.3498,28.7877
X,1788,44,1229.08,-98.3398,28.7877
X,1842,36,1165.7,-98.4598,28.7777
X,1843,36,1165.7,-98.4498,28.7777
X,1844,44,1165.7,-98.4398,28.7777
X,1850,31,1229.06,-98.3698,28.7777
X,1852,31,1247.24,-98.3498,28.7777
X,1857,52,1248.16,-98.2998,28.7777
X,1858,36,1224.12,-98.2898,28.7777
X,1908,31,1235.12,-98.4698,28.7677
X,1910,31,1121.12,-98.4498,28.7677
X,1911,36,1176.76,-98.4398,28.7677
X,1912,36,1121.12,-98.4298,28.7677
X,1913,44,1165.66,-98.4198,28.7677
X,1914,44,1171.16,-98.4098,28.7677
X,1926,52,1234.04,-98.2698,28.7677
X,1927,44,1297.54,-98.2598,28.7677
X,1990,31,1185.84,-98.2798,28.7577
X,1991,31,1297.56,-98.2698,28.7577
X,1996,44,1332.26,-98.2198,28.7577
X,1997,52,1332.26,-98.2098,28.7577
X,1998,36,1243.6,-98.1998,28.7577
X,2052,31,1221.46,-98.2998,28.7477
X,2054,44,1274.68,-98.2798,28.7477
X,2064,52,1274.98,-98.1798,28.7477
X,2065,52,1274.98,-98.1698,28.7477
X,2066,52,1369.72,-98.1598,28.7477
X,2208,44,1130.44,-98.4398,28.7177
X,2209,52,1217.74,-98.4298,28.7177
X,2210,31,1130.44,-98.4198,28.7177
X,2211,31,1130.44,-98.4098,28.7177
X,2212,36,1130.44,-98.3998,28.7177
X,2214,36,1152.76,-98.3798,28.7177
X,2215,31,1210.68,-98.3698,28.7177
X,2218,36,1228.06,-98.3298,28.7177
X,2278,36,1064.94,-98.2798,28.7077
X,2280,52,1162.84,-98.2598,28.7077
X,2281,52,1282.36,-98.2498,28.7077
X,2282,31,1369.72,-98.2398,28.7077
X,2283,44,1138.86,-98.2298,28.7077
X,2284,31,1253.5,-98.2198,28.7077
X,2287,31,1049.26,-98.7898,28.6977
X,2348,31,1056.98,-98.7098,28.6877
X,2349,52,1056.98,-98.6998,28.6877
X,2350,52,1056.98,-98.6898,28.6877
X,2351,44,1087.04,-98.6798,28.6877
X,2352,31,1105.46,-98.6698,28.6877
X,2425,44,1168.04,-98.4598,28.6777
X,2426,36,1217.66,-98.4498,28.6777
X,2488,44,1277.14,-98.3398,28.6677
X,2491,44,1225.84,-98.2998,28.6677
X,2493,44,1180.62,-98.2798,28.6677
X,2494,31,1064.92,-98.2698,28.6677
X,2496,52,1040.5,-98.7898,28.6577
X,2497,36,1040.5,-98.7798,28.6577
X,2498,31,1040.5,-98.7698,28.6577
X,2499,31,1171.56,-98.7398,28.6577
X,2502,52,1087,-98.7098,28.6577
X,2503,36,1107.22,-98.6998,28.6577
X,2504,36,1087,-98.6898,28.6577
X,2505,31,284.22,-98.6698,28.6577
X,2558,36,1311.16,-98.1501,29.3974
X,2559,31,930.32,-98.1401,29.3974
X,2560,31,1310.16,-98.1301,29.3974
X,2561,36,1293.18,-98.1701,29.3874
X,2562,52,1260.4,-98.1601,29.3874
X,2563,31,1293.18,-98.1501,29.3874
X,2565,52,1292.32,-98.1801,29.3774
X,2566,36,1298.74,-98.1601,29.3774
X,2567,31,1293.16,-98.1501,29.3774
X,2570,52,1291.14,-98.0801,29.3774
X,2571,44,1298.44,-98.0701,29.3774
X,2572,36,1297.36,-98.0601,29.3774
X,2573,36,1317.08,-98.0501,29.3774
X,2628,44,1296.8,-98.2201,29.3374
X,2629,52,1305.1,-98.2001,29.3374
X,2630,52,1291.04,-98.1901,29.3374
X,2631,31,1260.16,-98.1801,29.3374
X,2632,52,1260.16,-98.1701,29.3374
X,2633,31,1260.54,-98.1601,29.3374
X,2635,52,1297.98,-98.0901,29.3374
X,2636,36,1311.52,-98.0701,29.3374
X,2637,31,1421.52,-98.0101,29.3374
X,2640,52,1458.28,-97.9301,29.3374
X,2642,36,1327.02,-97.8801,29.3374
X,2697,36,1442.64,-98.1801,29.3074
X,2698,36,1407.18,-98.1701,29.3074
X,2699,44,1407.18,-98.1501,29.3074
X,2700,44,1407.18,-98.1301,29.3074
X,2701,36,1407.18,-98.1101,29.3074
X,2702,44,1407.18,-98.0901,29.3074
X,2703,31,1298.06,-98.0801,29.3074
X,2704,52,1296.34,-98.0701,29.3074
X,2705,44,1299.24,-98.0601,29.3074
X,2706,31,1421.5,-98.0501,29.3074
X,2707,31,1421.5,-98.0401,29.3074
X,2708,52,1421.5,-98.0301,29.3074
X,2709,52,1421.5,-98.0201,29.3074
X,2710,44,1421.5,-98.0101,29.3074
X,2711,36,1457.08,-97.9801,29.3074
X,2712,36,1453.58,-97.9501,29.3074
X,2713,31,1333.66,-97.9401,29.3074
X,2715,36,1294.58,-97.9201,29.3074
X,2767,52,1296.44,-98.0001,29.2874
X,2768,44,1421.46,-97.9901,29.2874
X,2769,44,1473.36,-97.9801,29.2874
X,2770,36,1297.64,-97.9601,29.2874
X,2771,52,1453.56,-97.9401,29.2874
X,2772,36,1333.72,-97.9301,29.2874
X,2773,31,1292.68,-97.9201,29.2874
X,2774,52,1333.72,-97.9101,29.2874
X,2775,36,1333.72,-97.9001,29.2874
X,2776,31,1333.72,-97.8901,29.2874
X,2777,52,1326.96,-97.8801,29.2874
X,2778,52,1289.88,-97.8701,29.2874
X,2779,52,1465.64,-97.8601,29.2874
X,2780,44,1465.64,-97.8501,29.2874
X,2781,44,1465.64,-97.8401,29.2874
X,2782,31,1465.64,-97.8301,29.2874
X,2785,36,1302.88,-97.8001,29.2874
X,2787,44,1442.62,-98.2001,29.2774
X,2838,36,1285.96,-98.0601,29.2674
X,2839,36,1210.46,-98.0401,29.2674
X,2840,36,1296.3,-98.0301,29.2674
X,2841,52,1407.22,-98.0201,29.2674
X,2842,36,1407.22,-98.0101,29.2674
X,2843,52,1355.58,-97.9901,29.2674
X,2844,44,1418.38,-97.9801,29.2674
X,2845,31,1292,-97.9701,29.2674
X,2846,31,1467.88,-97.9601,29.2674
X,2847,52,1292.9,-97.9501,29.2674
X,2848,52,1333.74,-97.9301,29.2674
X,2849,44,1344.86,-97.9201,29.2674
X,2850,36,1333.74,-97.9101,29.2674
X,2855,31,1436.74,-97.8601,29.2674
X,2908,31,1442.62,-98.1801,29.2474
X,2909,52,1442.62,-98.1601,29.2474
X,2910,31,1442.62,-98.1501,29.2474
X,2911,52,1442.62,-98.1401,29.2474
X,2912,31,1442.62,-98.1201,29.2474
X,2913,52,1359.88,-98.1101,29.2474
X,2914,44,1359.88,-98.1001,29.2474
X,2915,36,1213,-98.0901,29.2474
X,2917,52,1213,-98.0701,29.2474
X,2918,52,1208,-98.0601,29.2474
X,2919,36,1346.82,-98.0501,29.2474
X,2935,44,1348.92,-97.8401,29.2474
X,2936,52,1266.46,-97.8301,29.2474
X,2937,36,1348.92,-97.8201,29.2474
X,2938,52,1348.92,-97.8101,29.2474
X,2939,36,1415.04,-97.8001,29.2474
X,2941,44,1439.6,-97.7801,29.2474
X,2984,44,1348.9,-97.8301,29.2374
X,2985,31,1348.9,-97.8201,29.2374
X,2987,52,1348.9,-97.8001,29.2374
X,2988,52,1321.34,-97.7901,29.2374
X,2989,44,1439.6,-97.7801,29.2374
X,2990,31,1439.6,-97.7701,29.2374
X,2991,31,1460.8,-97.7601,29.2374
X,2993,52,1282.02,-98.3101,29.2274
X,2994,36,1279.94,-98.3001,29.2274
X,3006,44,1306.72,-98.1001,29.2274
X,3051,36,1433.32,-98.1201,29.2174
X,3052,52,1291.34,-98.1101,29.2174
X,3053,44,1270.04,-98.1001,29.2174
X,3054,31,1294.5,-98.0901,29.2174
X,3056,52,1212.96,-98.0501,29.2174
X,3057,44,1191.38,-98.0401,29.2174
X,3058,44,1212.96,-98.0301,29.2174
X,3059,36,1263.02,-98.0201,29.2174
X,3060,31,1242.36,-98.0001,29.2174
X,3062,52,1202.08,-97.9801,29.2174
X,3063,52,1205.58,-97.9701,29.2174
X,3064,31,1269.22,-97.9601,29.2174
X,3066,31,1332.26,-97.9401,29.2174
X,3120,44,1302.6,-97.8601,29.2074
X,3122,44,1225.24,-97.8401,29.2074
X,3123,36,1376.38,-97.8301,29.2074
X,3124,31,1348.9,-97.8201,29.2074
X,3125,52,1348.9,-97.8101,29.2074
X,3126,44,1376.58,-97.8001,29.2074
X,3127,44,1321.24,-97.7901,29.2074
X,3128,36,1302.74,-97.7701,29.2074
X,3129,31,1289.72,-97.7601,29.2074
X,3130,31,940.16,-97.7501,29.2074
X,3132,52,1301.8,-98.3201,29.1974
X,3133,44,1369.28,-98.3101,29.1974
X,3134,31,1234.56,-98.3001,29.1974
X,3136,36,1364.88,-98.2601,29.1974
X,3137,44,1407.12,-98.2401,29.1974
X,3190,36,1421.28,-98.1701,29.1874
X,3192,44,1266.9,-98.1501,29.1874
X,3193,36,1303.96,-98.1401,29.1874
X,3194,31,1347.2,-98.1301,29.1874
X,3195,52,1260,-98.1101,29.1874
X,3196,44,819.02,-98.1001,29.1874
X,3197,36,819.02,-98.0901,29.1874
X,3198,36,1291.32,-98.0801,29.1874
X,3199,31,1282.64,-98.0701,29.1874
X,3200,31,1297.42,-98.0601,29.1874
X,3201,52,1291.32,-98.0501,29.1874
X,3202,44,1368.34,-98.0401,29.1874
X,3203,36,1291.32,-98.0301,29.1874
X,3204,52,1231.24,-98.0101,29.1874
X,3205,36,1231.24,-98.0001,29.1874
X,3206,52,1212.96,-97.9901,29.1874
X,3207,31,1257.14,-97.9801,29.1874
X,3259,44,1266.74,-98.0201,29.1774
X,3260,36,1229.54,-98.0101,29.1774
X,3262,36,1244.36,-97.9701,29.1774
X,3263,36,1222.84,-97.9601,29.1774
X,3264,52,1304.64,-97.9501,29.1774
X,3265,52,1314.94,-97.9401,29.1774
X,3266,36,1314.94,-97.9301,29.1774
X,3267,36,1290.64,-97.9201,29.1774
X,3268,36,1290.64,-97.9101,29.1774
X,3269,31,1287.68,-97.9001,29.1774
X,3271,52,1278.16,-97.8801,29.1774
X,3272,44,931.4,-97.8701,29.1774
X,3273,36,931.4,-97.8601,29.1774
X,3274,52,1269.18,-97.8501,29.1774
X,3275,31,1269.18,-97.8401,29.1774
X,3276,52,1269.18,-97.8301,29.1774
X,3277,31,1325.58,-97.8201,29.1774
X,3278,31,1325.58,-97.8101,29.1774
X,3328,44,1269.18,-97.8601,29.1674
X,3329,44,1282.6,-97.8501,29.1674
X,3330,31,1269.92,-97.8401,29.1674
X,3331,44,1269.18,-97.8301,29.1674
X,3332,36,1325.58,-97.8201,29.1674
X,3333,31,1269.18,-97.8101,29.1674
X,3334,52,1207.92,-98.3601,29.1574
X,3335,44,1183,-98.3501,29.1574
X,3336,36,1207.92,-98.3401,29.1574
X,3337,36,1273.36,-98.3301,29.1574
X,3338,31,1237.48,-98.3201,29.1574
X,3339,31,1234.56,-98.3101,29.1574
X,3341,52,1329.96,-98.2901,29.1574
X,3342,44,1300.38,-98.2701,29.1574
X,3343,36,1300.38,-98.2601,29.1574
X,3344,52,1300.38,-98.2501,29.1574
X,3345,36,1329.96,-98.2401,29.1574
X,3346,52,1259.34,-98.2301,29.1574
X,3398,36,1259.32,-98.2301,29.1474
X,3399,36,1234.56,-98.2201,29.1474
X,3400,31,1234.56,-98.2101,29.1474
X,3401,36,1272.18,-98.2001,29.1474
X,3402,36,1259.54,-98.1901,29.1474
X,3404,52,1280.96,-98.1301,29.1474
X,3405,36,1347.18,-98.1201,29.1474
X,3406,31,1298.36,-98.1101,29.1474
X,3407,31,1295.48,-98.1001,29.1474
X,3408,31,1361.74,-98.0901,29.1474
X,3410,52,1361.74,-98.0701,29.1474
X,3411,36,1361.74,-98.0601,29.1474
X,3412,31,1279.88,-98.0501,29.1474
X,3414,44,1284.64,-98.0301,29.1474
X,3424,31,1298.22,-97.9301,29.1474
X,3425,36,1235.9,-97.9201,29.1474
X,3426,52,1235.9,-97.9101,29.1474
X,3427,36,1235.9,-97.9001,29.1474
X,3429,44,1287.68,-97.8801,29.1474
X,3430,31,1314.92,-97.8701,29.1474
X,3432,44,1277.36,-97.8501,29.1474
X,3433,36,1277.36,-97.8401,29.1474
X,3476,36,1314.92,-97.9001,29.1374
X,3477,31,1384.2,-97.8901,29.1374
X,3480,52,1298.22,-97.8601,29.1374
X,3481,44,1384.2,-97.8501,29.1374
X,3482,31,1366.34,-98.3901,29.1274
X,3484,36,1207.9,-98.3601,29.1274
X,3486,36,1228,-98.3401,29.1274
X,3487,36,1261,-98.3301,29.1274
X,3494,52,1251.1,-98.2201,29.1274
X,3496,44,1274.56,-98.2001,29.1274
X,3499,36,1246.08,-98.1601,29.1274
X,3501,52,1259.3,-98.1301,29.1274
X,3502,36,1254.82,-98.1201,29.1274
X,3503,31,1254.82,-98.1101,29.1274
X,3506,36,1368.88,-98.0801,29.1274
X,3544,44,1221.56,-98.2301,29.1174
X,3545,36,1246.08,-98.2201,29.1174
X,3546,31,1329.94,-98.2101,29.1174
X,3550,44,1253.82,-98.1601,29.1174
X,3551,36,1259.26,-98.1501,29.1174
X,3552,31,1259.3,-98.1401,29.1174
X,3553,52,1259.3,-98.1301,29.1174
X,3554,31,1254.82,-98.1201,29.1174
X,3555,52,1259.3,-98.1101,29.1174
X,3556,31,1259.3,-98.1001,29.1174
X,3557,31,1333,-98.0901,29.1174
X,3558,52,1361.76,-98.0801,29.1174
X,3559,44,1368.84,-98.0601,29.1174
X,3560,36,1361.76,-98.0501,29.1174
X,3570,52,1286.92,-97.9501,29.1174
X,3571,44,1167.38,-97.9401,29.1174
X,3572,31,1243.42,-97.9301,29.1174
X,3613,52,1307.42,-98.0101,29.1074
X,3614,44,1251.84,-98.0001,29.1074
X,3615,36,1286.38,-97.9901,29.1074
X,3616,31,1290.8,-97.9801,29.1074
X,3617,31,1267.34,-97.9701,29.1074
X,3620,44,1245.3,-97.9401,29.1074
X,3621,44,1339.56,-97.9301,29.1074
X,3622,31,1292.16,-97.9101,29.1074
X,3623,44,1292.16,-97.9001,29.1074
X,3624,31,1265.8,-97.8901,29.1074
X,3625,44,1219.54,-98.3901,29.0974
X,3626,52,1196.88,-98.3801,29.0974
X,3627,52,1206.54,-98.3701,29.0974
X,3628,44,1262.8,-98.3501,29.0974
X,3629,31,1161.96,-98.3201,29.0974
X,3630,36,1262.8,-98.3101,29.0974
X,3686,36,1225.18,-98.1001,29.0874
X,3687,36,1271.8,-98.0901,29.0874
X,3689,52,1254.38,-98.0701,29.0874
X,3690,36,1237.2,-98.0601,29.0874
X,3691,31,1174.72,-98.0401,29.0874
X,3692,36,1221.92,-98.0301,29.0874
X,3693,52,1221.92,-98.0201,29.0874
X,3694,31,1233.32,-98.0101,29.0874
X,3695,52,1221.92,-98.0001,29.0874
X,3696,52,1237.2,-97.9901,29.0874
X,3697,52,1214.16,-97.9801,29.0874
X,3698,36,1252.78,-97.9701,29.0874
X,3751,31,1242.42,-98.2701,29.0674
X,3753,52,1267.46,-98.2401,29.0674
X,3754,36,1203.58,-98.2201,29.0674
X,3755,31,1206.5,-98.2101,29.0674
X,3756,31,1206.5,-98.2001,29.0674
X,3759,52,1164.54,-98.1701,29.0674
X,3760,44,1198.22,-98.1601,29.0674
X,3761,36,1210.46,-98.1401,29.0674
X,3762,31,879.6,-98.1301,29.0674
X,3763,44,1243.26,-98.1201,29.0674
X,3764,31,1210.24,-98.1101,29.0674
X,3765,44,1231.12,-98.0901,29.0674
X,3766,36,1241.32,-98.0801,29.0674
X,3767,36,1210.94,-98.0701,29.0674
X,3768,36,1235.72,-98.0601,29.0674
X,3778,44,1218.36,-97.9401,29.0674
X,3779,36,1212.38,-98.3501,29.0574
X,3781,52,1254.26,-98.3201,29.0574
X,3782,44,1221.92,-98.3101,29.0574
X,3783,36,1299.48,-98.3001,29.0574
X,3785,44,1301.16,-98.2801,29.0574
X,3786,36,1265.08,-98.2701,29.0574
X,3787,31,1307.06,-98.2601,29.0574
X,3832,31,1261.3,-98.1701,29.0474
X,3833,52,1164.52,-98.1501,29.0474
X,3834,31,1318.48,-98.1401,29.0474
X,3835,44,1164.52,-98.1301,29.0474
X,3836,44,1201.5,-98.1101,29.0474
X,3837,36,1206.42,-98.1001,29.0474
X,3838,31,1151.42,-98.0901,29.0474
X,3839,31,1226.6,-98.0801,29.0474
X,3854,52,1233.28,-98.2501,29.0374
X,3855,36,1271.66,-98.2401,29.0374
X,3856,31,1233.28,-98.2301,29.0374
X,3860,52,1226.46,-98.1801,29.0374
X,3861,52,1254.22,-98.1701,29.0374
X,3901,44,1251.3,-98.0301,29.0274
X,3902,36,1217.22,-98.0201,29.0274
X,3903,44,1232.06,-98.0101,29.0274
X,3904,31,1251.3,-98.0001,29.0274
X,3905,36,1206.38,-98.3101,29.0174
X,3906,36,1206.38,-98.3001,29.0174
X,3907,36,1159.18,-98.2901,29.0174
X,3908,44,1221.08,-98.2801,29.0174
X,3909,36,1235.7,-98.2701,29.0174
X,3971,31,1226.54,-98.1701,28.9974
X,3972,52,1210.84,-98.1601,28.9974
X,3973,36,1206.5,-98.1501,28.9974
X,3974,52,1213.62,-98.1401,28.9974
X,3975,31,1210.84,-98.1301,28.9974
X,3976,31,1210.84,-98.1201,28.9974
X,3977,31,1248.5,-98.1101,28.9974
X,3978,36,1194.32,-98.0901,28.9974
X,3979,31,1213.62,-98.0801,28.9974
X,4039,44,1211.68,-98.1501,28.9674
X,4040,36,1226.66,-98.1401,28.9674
X,4041,31,1267.18,-98.1301,28.9674
X,4042,52,1267.18,-98.1201,28.9674
X,4043,31,1205.26,-98.1101,28.9674
X,4044,52,1222.74,-98.1001,28.9674
X,4045,36,1282.74,-98.0901,28.9674
X,4046,31,1160.96,-98.0801,28.9674
X,4047,52,1195.74,-98.2601,28.9574
X,4048,36,1180.72,-98.2501,28.9574
X,4049,52,1167.46,-98.2401,28.9574
X,4062,44,1345.52,-98.0901,28.9574
X,4063,36,1226.66,-98.2501,28.9474
X,4065,52,1294.8,-98.2301,28.9474
X,4066,44,1144.6,-98.2201,28.9474
X,4067,44,1180.68,-98.2101,28.9474
X,4068,36,1195.78,-98.2001,28.9474
X,4069,31,1180.72,-98.1901,28.9474
X,4117,44,1185.52,-98.1801,28.8974
X,4118,31,1215.24,-98.1701,28.8974
Z,2648,0,1442.62,-98.1901,29.3274
Z,2666,0,1296.78,-98.2301,29.3174
Z,2667,0,1423.78,-98.2201,29.3174
Z,2668,0,1442.62,-98.2101,29.3174
Z,2669,0,1442.62,-98.2001,29.3174
Z,2693,0,1423.78,-98.2401,29.3074
Z,2694,0,1423.78,-98.2301,29.3074
Z,2695,0,1442.64,-98.2201,29.3074
Z,2696,0,1442.64,-98.1901,29.3074
Z,2723,0,1296.8,-98.2501,29.2974
Z,2724,0,1423.78,-98.2401,29.2974
Z,2725,0,1442.62,-98.2301,29.2974
Z,2726,0,1442.62,-98.2101,29.2974
Z,2727,0,1442.62,-98.2001,29.2974
Z,2728,0,1442.62,-98.1901,29.2974
Z,2753,0,1363.7,-98.2601,29.2874
Z,2754,0,1442.6,-98.1801,29.2874
Z,2786,0,1363.7,-98.2701,29.2774
Z,2789,0,1442.62,-98.1801,29.2774
Z,2790,0,1442.62,-98.1701,29.2774
Z,2822,0,1423.74,-98.2701,29.2674
Z,2823,0,1423.74,-98.2601,29.2674
Z,2824,0,1423.74,-98.2501,29.2674
Z,2825,0,1423.74,-98.2401,29.2674
Z,2827,0,1442.62,-98.1901,29.2674
Z,2828,0,1442.62,-98.1801,29.2674
Z,2829,0,1442.62,-98.1701,29.2674
Z,2830,0,1442.62,-98.1601,29.2674
Z,2864,0,1363.68,-98.2801,29.2574
Z,2865,0,1363.68,-98.2701,29.2574
Z,2866,0,1423.74,-98.2601,29.2574
Z,2867,0,1423.74,-98.2301,29.2574
Z,2868,0,1442.6,-98.2201,29.2574
Z,2869,0,1442.6,-98.1901,29.2574
Z,2904,0,1290.16,-98.2901,29.2474
Z,2905,0,1290.16,-98.2801,29.2474
Z,2906,0,1423.76,-98.2401,29.2474
Z,2907,0,1442.62,-98.2001,29.2474
Z,2944,0,1266.92,-98.3001,29.2374
Z,2945,0,1399.56,-98.2901,29.2374
Z,2946,0,1369.02,-98.2801,29.2374
Z,2947,0,1347.18,-98.2701,29.2374
Z,2948,0,1347.18,-98.2501,29.2374
Z,2949,0,1421.32,-98.2401,29.2374
Z,2950,0,1421.32,-98.2301,29.2374
Z,2951,0,1433.36,-98.2101,29.2374
Z,2952,0,1433.36,-98.2001,29.2374
Z,2953,0,1433.36,-98.1901,29.2374
Z,2954,0,1433.36,-98.1701,29.2374
Z,2995,0,1336.64,-98.2901,29.2274
Z,2996,0,1335.72,-98.2801,29.2274
Z,2997,0,1347.18,-98.2701,29.2274
Z,2998,0,1310.68,-98.2601,29.2274
Z,2999,0,1421.3,-98.2401,29.2274
Z,3000,0,1433.34,-98.2201,29.2274
Z,3001,0,1433.34,-98.2101,29.2274
Z,3002,0,1433.34,-98.1901,29.2274
Z,3038,0,1320.3,-98.3201,29.2174
Z,3039,0,1284.76,-98.3101,29.2174
Z,3041,0,1310.68,-98.2601,29.2174
Z,3042,0,1421.32,-98.2501,29.2174
Z,3043,0,1421.32,-98.2401,29.2174
Z,3044,0,1421.32,-98.2301,29.2174
Z,3045,0,1421.32,-98.2201,29.2174
Z,3046,0,1421.32,-98.2101,29.2174
Z,3047,0,1433.32,-98.1901,29.2174
Z,3087,0,1364.88,-98.2901,29.2074
Z,3088,0,1252.48,-98.2401,29.2074
Z,3089,0,1252.48,-98.2301,29.2074
Z,3090,0,1336.64,-98.2201,29.2074
Z,3091,0,1421.3,-98.2101,29.2074
Z,3092,0,1421.3,-98.2001,29.2074
Z,3131,0,1309.92,-98.3301,29.1974
Z,3135,0,1386.08,-98.2801,29.1974
Z,3138,0,1320.26,-98.2201,29.1974
Z,3139,0,1320.26,-98.2101,29.1974
Z,3140,0,1421.3,-98.2001,29.1974
Z,3141,0,1421.3,-98.1801,29.1974
Z,3178,0,1309.9,-98.3401,29.1874
Z,3181,0,1300.4,-98.3001,29.1874
Z,3182,0,1300.4,-98.2901,29.1874
Z,3183,0,1300.4,-98.2801,29.1874
Z,3184,0,1232.9,-98.2701,29.1874
Z,3185,0,1295.12,-98.2501,29.1874
Z,3186,0,1295.12,-98.2301,29.1874
Z,3187,0,1407.12,-98.2101,29.1874
Z,3188,0,1407.12,-98.2001,29.1874
Z,3189,0,1421.28,-98.1901,29.1874
Z,3228,0,1369.24,-98.3501,29.1774
Z,3234,0,1278,-98.2901,29.1774
Z,3236,0,1246.16,-98.2701,29.1774
Z,3237,0,1284.58,-98.2601,29.1774
Z,3240,0,1329.24,-98.2301,29.1774
Z,3241,0,1320.26,-98.2201,29.1774
Z,3242,0,1284.72,-98.2001,29.1774
Z,3243,0,1421.28,-98.1901,29.1774
Z,3244,0,1421.28,-98.1801,29.1774
Z,3295,0,1407.1,-98.2001,29.1674
